[Licensing::Module] Trying to connect to existing licensing client channel...
[Licensing::IpcConnector] Successfully connected to: "LicenseClient-rgtt0" at "2026-03-08T07:32:04.8431752Z"
Built from '6000.3/respin/6000.3.6f1-732c1ec89f18' branch; Version is '6000.3.6f1 (bbb010bdb8a3) revision 12300304'; Using compiler version '194234433'; Build Type 'Release'
OS: 'Windows 10  (10.0.19045) 64bit Core' Language: 'ko' Physical Memory: 16269 MB
BatchMode: 1, IsHumanControllingUs: 0, StartBugReporterOnCrash: 0, Is64bit: 1
System  architecture: x64
Process architecture: x64
Date: 2026-03-08T07:32:04Z

COMMAND LINE ARGUMENTS:
C:\Program Files\Unity\Hub\Editor\6000.3.6f1\Editor\Unity.exe
-adb2
-batchMode
-noUpm
-name
AssetImportWorker1
-projectPath
D:/Project/MergIdel
-logFile
Logs/AssetImportWorker1.log
-srvPort
49790
-licensingIpc
LicenseClient-rgtt0
-job-worker-count
3
-background-job-worker-count
8
-gc-helper-count
1
-name
AssetImport
Successfully changed project path to: D:/Project/MergIdel
D:/Project/MergIdel
[UnityMemory] Configuration Parameters - Can be set up in boot.config
    "memorysetup-temp-allocator-size-nav-mesh-worker=65536"
    "memorysetup-temp-allocator-size-audio-worker=65536"
    "memorysetup-temp-allocator-size-gfx=262144"
    "memorysetup-allocator-temp-initial-block-size-main=262144"
    "memorysetup-allocator-temp-initial-block-size-worker=262144"
    "memorysetup-temp-allocator-size-background-worker=32768"
    "memorysetup-temp-allocator-size-job-worker=262144"
    "memorysetup-temp-allocator-size-preload-manager=33554432"
    "memorysetup-temp-allocator-size-gi-baking-worker=262144"
    "memorysetup-temp-allocator-size-gi-baking-worker=262144"
    "memorysetup-temp-allocator-size-gi-baking-worker=262144"
    "memorysetup-temp-allocator-size-gi-baking-worker=262144"
    "memorysetup-temp-allocator-size-gi-baking-worker=262144"
    "memorysetup-bucket-allocator-granularity=16"
    "memorysetup-bucket-allocator-bucket-count=8"
    "memorysetup-bucket-allocator-block-size=33554432"
    "memorysetup-bucket-allocator-block-count=8"
    "memorysetup-main-allocator-block-size=16777216"
    "memorysetup-thread-allocator-block-size=16777216"
    "memorysetup-gfx-main-allocator-block-size=16777216"
    "memorysetup-gfx-thread-allocator-block-size=16777216"
    "memorysetup-cache-allocator-block-size=4194304"
    "memorysetup-typetree-allocator-block-size=2097152"
    "memorysetup-profiler-bucket-allocator-granularity=16"
    "memorysetup-profiler-bucket-allocator-bucket-count=8"
    "memorysetup-profiler-bucket-allocator-block-size=33554432"
    "memorysetup-profiler-bucket-allocator-block-count=8"
    "memorysetup-profiler-allocator-block-size=16777216"
    "memorysetup-profiler-editor-allocator-block-size=1048576"
    "memorysetup-temp-allocator-size-main=16777216"
    "memorysetup-job-temp-allocator-block-size=2097152"
    "memorysetup-job-temp-allocator-block-size-background=1048576"
    "memorysetup-job-temp-allocator-reduction-small-platforms=262144"
    "memorysetup-temp-allocator-size-cloud-worker=32768"
Player connection [5796]  Target information:

Player connection [5796]  * "[IP] 192.168.45.189 [Port] 0 [Flags] 2 [Guid] 623358461 [EditorId] 623358461 [Version] 1048832 [Id] WindowsEditor(7,DESKTOP-BAE3L91) [Debug] 1 [PackageName] WindowsEditor [ProjectName] Editor" 

Player connection [5796] Host joined multi-casting on [225.0.0.222:54997]...
Player connection [5796] Host joined alternative multi-casting on [225.0.0.222:34997]...
JobSystem: Creating JobQueue using job-worker-count value 3
Input System module state changed to: Initialized.
[Physics::Module] Initialized fallback backend.
[Physics::Module] Id: 0xdecafbad
Library Redirect Path: Library/
[Physics::Module] Selected backend.
[Physics::Module] Name: PhysX
[Physics::Module] Id: 0xf2b8ea05
[Physics::Module] SDK Version: 4.1.2
[Physics::Module] Integration Version: 1.0.0
[Physics::Module] Threading Mode: Multi-Threaded
Refreshing native plugins compatible for Editor in 5.53 ms, found 3 plugins.
Preloading 0 native plugins for Editor in 0.00 ms.
Initialize engine version: 6000.3.6f1 (bbb010bdb8a3)
[Subsystems] Discovering subsystems at path C:/Program Files/Unity/Hub/Editor/6000.3.6f1/Editor/Data/Resources/UnitySubsystems
[Subsystems] Discovering subsystems at path D:/Project/MergIdel/Assets
GfxDevice: creating device client; kGfxThreadingModeNonThreaded
Direct3D:
    Version:  Direct3D 11.0 [level 11.1]
    Renderer: NVIDIA GeForce GTX 1050 (ID=0x1c8d)
    Vendor:   NVIDIA
    VRAM:     1977 MB
    Driver:   30.0.14.7219
Initialize mono
Mono path[0] = 'C:/Program Files/Unity/Hub/Editor/6000.3.6f1/Editor/Data/Managed'
Mono path[1] = 'C:/Program Files/Unity/Hub/Editor/6000.3.6f1/Editor/Data/MonoBleedingEdge/lib/mono/unityjit-win32'
Mono config path = 'C:/Program Files/Unity/Hub/Editor/6000.3.6f1/Editor/Data/MonoBleedingEdge/etc'
Using monoOptions --debugger-agent=transport=dt_socket,embedding=1,server=y,suspend=n,address=127.0.0.1:56164
Begin MonoManager ReloadAssembly
Registering precompiled unity dll's ...
Register platform support module: C:/Program Files/Unity/Hub/Editor/6000.3.6f1/Editor/Data/PlaybackEngines/WebGLSupport/UnityEditor.WebGL.Extensions.dll
Register platform support module: C:/Program Files/Unity/Hub/Editor/6000.3.6f1/Editor/Data/PlaybackEngines/WindowsStandaloneSupport/UnityEditor.WindowsStandalone.Extensions.dll
Registered in 0.007238 seconds.
- Loaded All Assemblies, in  1.693 seconds
Native extension for WindowsStandalone target not found
Native extension for WebGL target not found
[Licensing::Client] Handshaking with LicensingClient:
  Version:                 1.17.4+4293ba1
  Session Id:              d7189df22530441e8886affce74cd90f
  Correlation Id:          387d0a4a80d2c6a84c281caed59ed934
  External correlation Id: 5043519938649003850
  Machine Id:              xJiAPwrQIqva+u7bFi6KnfCkHk4=
[Licensing::Module] Successfully connected to LicensingClient on channel: "LicenseClient-rgtt0" (connect: 0.00s, validation: 0.01s, handshake: 4.31s)
[Licensing::IpcConnector] Successfully connected to: "LicenseClient-rgtt0-notifications" at "2026-03-08T07:32:09.1607388Z"
[Licensing::Module] Licensing Background thread has ended after 4.32s
ScheduleIndexationOnStartup MainProcess:False IndexOnStartup:True
Mono: successfully reloaded assembly
- Finished resetting the current domain, in  1.787 seconds
Domain Reload Profiling: 3471ms
	BeginReloadAssembly (572ms)
		ExecutionOrderSort (0ms)
		DisableScriptedObjects (0ms)
		BackupInstance (0ms)
		ReleaseScriptingObjects (0ms)
		CreateAndSetChildDomain (2ms)
	RebuildCommonClasses (138ms)
	RebuildNativeTypeToScriptingClass (45ms)
	initialDomainReloadingComplete (189ms)
	LoadAllAssembliesAndSetupDomain (739ms)
		LoadAssemblies (561ms)
		RebuildTransferFunctionScriptingTraits (0ms)
		AnalyzeDomain (729ms)
			TypeCache.Refresh (724ms)
				TypeCache.ScanAssembly (677ms)
			BuildScriptInfoCaches (0ms)
			ResolveRequiredComponents (1ms)
	FinalizeReload (1788ms)
		ReleaseScriptCaches (0ms)
		RebuildScriptCaches (0ms)
		SetupLoadedEditorAssemblies (1578ms)
			LogAssemblyErrors (0ms)
			InitializePlatformSupportModulesInManaged (203ms)
			SetLoadedEditorAssemblies (15ms)
			BeforeProcessingInitializeOnLoad (501ms)
			ProcessInitializeOnLoadAttributes (595ms)
			ProcessInitializeOnLoadMethodAttributes (263ms)
			AfterProcessingInitializeOnLoad (0ms)
			EditorAssembliesLoaded (0ms)
		ExecutionOrderSort2 (0ms)
		AwakeInstancesAfterBackupRestoration (0ms)
========================================================================
Worker process is ready to serve import requests
Import Worker Mode flag is 0x00
Begin MonoManager ReloadAssembly
[Licensing::Client] Successfully resolved entitlement details
[Licensing::Module] License group:
  Id: 14569662510675-UnityPersXXXX
  Product: Unity Personal
  Type: Assigned
  Expiration: Unlimited
- Loaded All Assemblies, in  3.152 seconds
Refreshing native plugins compatible for Editor in 4.32 ms, found 3 plugins.
Native extension for WindowsStandalone target not found
Native extension for WebGL target not found
Package Manager log level set to [2]
[Package Manager] Failed to launch server process. Reason: Unity was launched with the -noUpm command-line argument
[Package Manager] Unable to send message (not connected to server process).
[Package Manager] Cannot connect to Unity Package Manager local server
ScheduleIndexationOnStartup MainProcess:False IndexOnStartup:True
Mono: successfully reloaded assembly
- Finished resetting the current domain, in  2.659 seconds
Domain Reload Profiling: 5802ms
	BeginReloadAssembly (746ms)
		ExecutionOrderSort (0ms)
		DisableScriptedObjects (27ms)
		BackupInstance (0ms)
		ReleaseScriptingObjects (0ms)
		CreateAndSetChildDomain (122ms)
	RebuildCommonClasses (143ms)
	RebuildNativeTypeToScriptingClass (46ms)
	initialDomainReloadingComplete (148ms)
	LoadAllAssembliesAndSetupDomain (2059ms)
		LoadAssemblies (1412ms)
		RebuildTransferFunctionScriptingTraits (0ms)
		AnalyzeDomain (1045ms)
			TypeCache.Refresh (718ms)
				TypeCache.ScanAssembly (665ms)
			BuildScriptInfoCaches (246ms)
			ResolveRequiredComponents (67ms)
	FinalizeReload (2660ms)
		ReleaseScriptCaches (0ms)
		RebuildScriptCaches (0ms)
		SetupLoadedEditorAssemblies (1995ms)
			LogAssemblyErrors (0ms)
			InitializePlatformSupportModulesInManaged (5ms)
			SetLoadedEditorAssemblies (12ms)
			BeforeProcessingInitializeOnLoad (509ms)
			ProcessInitializeOnLoadAttributes (1252ms)
			ProcessInitializeOnLoadMethodAttributes (199ms)
			AfterProcessingInitializeOnLoad (18ms)
			EditorAssembliesLoaded (0ms)
		ExecutionOrderSort2 (0ms)
		AwakeInstancesAfterBackupRestoration (18ms)
Launched and connected shader compiler UnityShaderCompiler.exe after 0.06 seconds
Refreshing native plugins compatible for Editor in 1.54 ms, found 3 plugins.
Preloading 0 native plugins for Editor in 0.00 ms.
Unloading 16 Unused Serialized files (Serialized files now loaded: 0)
Unloading 6242 unused Assets / (3.5 MB). Loaded Objects now: 7040.
Memory consumption went from 141.8 MB to 138.3 MB.
Total: 29.987900 ms (FindLiveObjects: 1.924400 ms CreateObjectMapping: 4.298300 ms MarkObjects: 17.877800 ms  DeleteObjects: 5.884100 ms)

========================================================================
Received Import Request.
  Time since last request: 334.028738 seconds.
  path: Assets/Scripts
  artifactKey: Guid(0a1c3da8cb63d274a9628914dc9284aa) Importer(815301076,1909f56bfc062723c751e8b465ee728b)
Start importing Assets/Scripts using Guid(0a1c3da8cb63d274a9628914dc9284aa) Importer(815301076,1909f56bfc062723c751e8b465ee728b) (PreviewImporter) -> (artifact id: '8c3e20518011956c5b78c417801410eb') in 0.0161703 seconds
Number of updated asset objects reloaded before import = 0Number of asset objects unloaded after import = 0

========================================================================
Received Import Request.
  Time since last request: 0.000059 seconds.
  path: Assets/Scenes
  artifactKey: Guid(65c20d452038d88419d8175b666b1a10) Importer(815301076,1909f56bfc062723c751e8b465ee728b)
Start importing Assets/Scenes using Guid(65c20d452038d88419d8175b666b1a10) Importer(815301076,1909f56bfc062723c751e8b465ee728b) (PreviewImporter) -> (artifact id: '799bc2b694321826fb028d078910ea6b') in 0.0010949 seconds
Number of updated asset objects reloaded before import = 0Number of asset objects unloaded after import = 0

========================================================================
Received Import Request.
  Time since last request: 0.000032 seconds.
  path: Assets/Scripts/Core
  artifactKey: Guid(f50384c1eecd47341a8981a34d5c749f) Importer(815301076,1909f56bfc062723c751e8b465ee728b)
Start importing Assets/Scripts/Core using Guid(f50384c1eecd47341a8981a34d5c749f) Importer(815301076,1909f56bfc062723c751e8b465ee728b) (PreviewImporter) -> (artifact id: '5e1bb2eb36b49953afe4ec76b0594618') in 0.0012968 seconds
Number of updated asset objects reloaded before import = 0Number of asset objects unloaded after import = 0

========================================================================
Received Import Request.
  Time since last request: 0.000017 seconds.
  path: Assets/Scripts/Data
  artifactKey: Guid(bdbadd5946ef7d14fa276f52c055f61d) Importer(815301076,1909f56bfc062723c751e8b465ee728b)
Start importing Assets/Scripts/Data using Guid(bdbadd5946ef7d14fa276f52c055f61d) Importer(815301076,1909f56bfc062723c751e8b465ee728b) (PreviewImporter) -> (artifact id: 'f098e14cf0a9908481b1b6d21ee59ddd') in 0.0007747 seconds
Number of updated asset objects reloaded before import = 0Number of asset objects unloaded after import = 0

========================================================================
Received Import Request.
  Time since last request: 0.000030 seconds.
  path: Assets/Scripts/Data/GameConfig.cs
  artifactKey: Guid(d3f665e0a6fca664e9d9c68417680dc6) Importer(815301076,1909f56bfc062723c751e8b465ee728b)
Start importing Assets/Scripts/Data/GameConfig.cs using Guid(d3f665e0a6fca664e9d9c68417680dc6) Importer(815301076,1909f56bfc062723c751e8b465ee728b) (PreviewImporter) -> (artifact id: '60e4beaaf92ef7dd8f5364ee0abeee84') in 0.001065 seconds
Number of updated asset objects reloaded before import = 0Number of asset objects unloaded after import = 0

========================================================================
Received Import Request.
  Time since last request: 0.000055 seconds.
  path: Assets/Scripts/Editor
  artifactKey: Guid(699646fae707a674cb3c249c2c88bc3e) Importer(815301076,1909f56bfc062723c751e8b465ee728b)
Start importing Assets/Scripts/Editor using Guid(699646fae707a674cb3c249c2c88bc3e) Importer(815301076,1909f56bfc062723c751e8b465ee728b) (PreviewImporter) -> (artifact id: 'b4a175c0fdbce599e88b466a0211d81e') in 0.0010285 seconds
Number of updated asset objects reloaded before import = 0Number of asset objects unloaded after import = 0

========================================================================
Received Prepare
Begin MonoManager ReloadAssembly
[Licensing::Client] Successfully resolved entitlement details
- Loaded All Assemblies, in  3.507 seconds
Refreshing native plugins compatible for Editor in 0.87 ms, found 3 plugins.
Native extension for WindowsStandalone target not found
Native extension for WebGL target not found
[Package Manager] Failed to launch server process. Reason: Unity was launched with the -noUpm command-line argument
[Package Manager] Unable to send message (not connected to server process).
[Package Manager] Cannot connect to Unity Package Manager local server
ScheduleIndexationOnStartup MainProcess:False IndexOnStartup:True
Mono: successfully reloaded assembly
- Finished resetting the current domain, in  1.304 seconds
Domain Reload Profiling: 4812ms
	BeginReloadAssembly (742ms)
		ExecutionOrderSort (0ms)
		DisableScriptedObjects (13ms)
		BackupInstance (0ms)
		ReleaseScriptingObjects (0ms)
		CreateAndSetChildDomain (83ms)
	RebuildCommonClasses (183ms)
	RebuildNativeTypeToScriptingClass (31ms)
	initialDomainReloadingComplete (43ms)
	LoadAllAssembliesAndSetupDomain (2508ms)
		LoadAssemblies (2690ms)
		RebuildTransferFunctionScriptingTraits (0ms)
		AnalyzeDomain (358ms)
			TypeCache.Refresh (14ms)
				TypeCache.ScanAssembly (1ms)
			BuildScriptInfoCaches (322ms)
			ResolveRequiredComponents (17ms)
	FinalizeReload (1305ms)
		ReleaseScriptCaches (0ms)
		RebuildScriptCaches (0ms)
		SetupLoadedEditorAssemblies (1004ms)
			LogAssemblyErrors (0ms)
			InitializePlatformSupportModulesInManaged (3ms)
			SetLoadedEditorAssemblies (6ms)
			BeforeProcessingInitializeOnLoad (248ms)
			ProcessInitializeOnLoadAttributes (641ms)
			ProcessInitializeOnLoadMethodAttributes (96ms)
			AfterProcessingInitializeOnLoad (10ms)
			EditorAssembliesLoaded (0ms)
		ExecutionOrderSort2 (0ms)
		AwakeInstancesAfterBackupRestoration (21ms)
Refreshing native plugins compatible for Editor in 1.47 ms, found 3 plugins.
Preloading 0 native plugins for Editor in 0.00 ms.
Unloading 16 Unused Serialized files (Serialized files now loaded: 0)
Unloading 6241 unused Assets / (4.4 MB). Loaded Objects now: 7061.
Memory consumption went from 147.3 MB to 142.9 MB.
Total: 13.441900 ms (FindLiveObjects: 0.897300 ms CreateObjectMapping: 1.272800 ms MarkObjects: 7.871700 ms  DeleteObjects: 3.398700 ms)

Prepare: number of updated asset objects reloaded= 0
========================================================================
Received Prepare
Begin MonoManager ReloadAssembly
[Licensing::Client] Successfully resolved entitlement details
- Loaded All Assemblies, in  2.085 seconds
Refreshing native plugins compatible for Editor in 0.84 ms, found 3 plugins.
Assertion failed on expression: 'pred(*previous, *i)'
Assertion failed on expression: 'pred(*previous, *i)'
Native extension for WindowsStandalone target not found
Native extension for WebGL target not found
[Package Manager] Failed to launch server process. Reason: Unity was launched with the -noUpm command-line argument
[Package Manager] Unable to send message (not connected to server process).
[Package Manager] Cannot connect to Unity Package Manager local server
ScheduleIndexationOnStartup MainProcess:False IndexOnStartup:True
Mono: successfully reloaded assembly
- Finished resetting the current domain, in  1.173 seconds
Domain Reload Profiling: 3252ms
	BeginReloadAssembly (504ms)
		ExecutionOrderSort (0ms)
		DisableScriptedObjects (14ms)
		BackupInstance (0ms)
		ReleaseScriptingObjects (0ms)
		CreateAndSetChildDomain (113ms)
	RebuildCommonClasses (110ms)
	RebuildNativeTypeToScriptingClass (57ms)
	initialDomainReloadingComplete (81ms)
	LoadAllAssembliesAndSetupDomain (1327ms)
		LoadAssemblies (1258ms)
		RebuildTransferFunctionScriptingTraits (0ms)
		AnalyzeDomain (346ms)
			TypeCache.Refresh (22ms)
				TypeCache.ScanAssembly (1ms)
			BuildScriptInfoCaches (301ms)
			ResolveRequiredComponents (17ms)
	FinalizeReload (1173ms)
		ReleaseScriptCaches (0ms)
		RebuildScriptCaches (0ms)
		SetupLoadedEditorAssemblies (925ms)
			LogAssemblyErrors (0ms)
			InitializePlatformSupportModulesInManaged (3ms)
			SetLoadedEditorAssemblies (7ms)
			BeforeProcessingInitializeOnLoad (216ms)
			ProcessInitializeOnLoadAttributes (596ms)
			ProcessInitializeOnLoadMethodAttributes (93ms)
			AfterProcessingInitializeOnLoad (10ms)
			EditorAssembliesLoaded (0ms)
		ExecutionOrderSort2 (0ms)
		AwakeInstancesAfterBackupRestoration (19ms)
Refreshing native plugins compatible for Editor in 1.34 ms, found 3 plugins.
Preloading 0 native plugins for Editor in 0.00 ms.
Unloading 16 Unused Serialized files (Serialized files now loaded: 0)
Unloading 6254 unused Assets / (4.8 MB). Loaded Objects now: 7077.
Memory consumption went from 147.2 MB to 142.4 MB.
Total: 14.826100 ms (FindLiveObjects: 0.893700 ms CreateObjectMapping: 1.399600 ms MarkObjects: 8.947800 ms  DeleteObjects: 3.583700 ms)

Prepare: number of updated asset objects reloaded= 0
========================================================================
Received Import Request.
  Time since last request: 3185.785514 seconds.
  path: Assets/Scripts/Data/UpgradeData.cs
  artifactKey: Guid(31c403f0f1b4fd34196496c6e642f5dd) Importer(2089858483,b0f066a214c2f5e87bad3c948f4d605d)
Start importing Assets/Scripts/Data/UpgradeData.cs using Guid(31c403f0f1b4fd34196496c6e642f5dd) Importer(2089858483,b0f066a214c2f5e87bad3c948f4d605d) (ScriptedImporter) -> (artifact id: '7a20b7e47e5c7ab42167b46e1f6a2f93') in 0.190972 seconds
Number of updated asset objects reloaded before import = 0Number of asset objects unloaded after import = 0

========================================================================
Received Import Request.
  Time since last request: 0.000049 seconds.
  path: Assets/Scripts/Core/GameBootstrap.cs
  artifactKey: Guid(cd1c2657aa48d5d47ba3103d0fea56e5) Importer(2089858483,b0f066a214c2f5e87bad3c948f4d605d)
Start importing Assets/Scripts/Core/GameBootstrap.cs using Guid(cd1c2657aa48d5d47ba3103d0fea56e5) Importer(2089858483,b0f066a214c2f5e87bad3c948f4d605d) (ScriptedImporter) -> (artifact id: '7d559203efec7f08b1e8b07cbd5991f2') in 0.0174193 seconds
Number of updated asset objects reloaded before import = 0Number of asset objects unloaded after import = 0

========================================================================
Received Import Request.
  Time since last request: 0.000062 seconds.
  path: Assets/Scripts/UI/UIMenuPanel.cs
  artifactKey: Guid(7ba17f2908a18fb438202e2fb9c09062) Importer(2089858483,b0f066a214c2f5e87bad3c948f4d605d)
Start importing Assets/Scripts/UI/UIMenuPanel.cs using Guid(7ba17f2908a18fb438202e2fb9c09062) Importer(2089858483,b0f066a214c2f5e87bad3c948f4d605d) (ScriptedImporter) -> (artifact id: '69c650d50e0e1612675eeaba35cc0dbc') in 0.0166149 seconds
Number of updated asset objects reloaded before import = 0Number of asset objects unloaded after import = 0

========================================================================
Received Import Request.
  Time since last request: 0.000019 seconds.
  path: Assets/Scripts/UI/SafeAreaAnchor.cs
  artifactKey: Guid(162ed515c70ec6f40a9d41a2f4c9cd5c) Importer(2089858483,b0f066a214c2f5e87bad3c948f4d605d)
Start importing Assets/Scripts/UI/SafeAreaAnchor.cs using Guid(162ed515c70ec6f40a9d41a2f4c9cd5c) Importer(2089858483,b0f066a214c2f5e87bad3c948f4d605d) (ScriptedImporter) -> (artifact id: '53d1c25e4d684fb18ee5027694306317') in 0.0129186 seconds
Number of updated asset objects reloaded before import = 0Number of asset objects unloaded after import = 0

========================================================================
Received Import Request.
  Time since last request: 0.000028 seconds.
  path: Assets/Scripts/Data/EnemyData.cs
  artifactKey: Guid(8a019d597f82fbc4481cdf6f242e4121) Importer(2089858483,b0f066a214c2f5e87bad3c948f4d605d)
Start importing Assets/Scripts/Data/EnemyData.cs using Guid(8a019d597f82fbc4481cdf6f242e4121) Importer(2089858483,b0f066a214c2f5e87bad3c948f4d605d) (ScriptedImporter) -> (artifact id: '4203d7610e534847d3fd62808132b96b') in 0.0155223 seconds
Number of updated asset objects reloaded before import = 0Number of asset objects unloaded after import = 0

========================================================================
Received Import Request.
  Time since last request: 0.000032 seconds.
  path: Assets/Scripts/Data/GameConfig.cs
  artifactKey: Guid(d3f665e0a6fca664e9d9c68417680dc6) Importer(2089858483,b0f066a214c2f5e87bad3c948f4d605d)
Start importing Assets/Scripts/Data/GameConfig.cs using Guid(d3f665e0a6fca664e9d9c68417680dc6) Importer(2089858483,b0f066a214c2f5e87bad3c948f4d605d) (ScriptedImporter) -> (artifact id: 'b21892abbfe33298a3ad3c5a91e6c731') in 0.0124657 seconds
Number of updated asset objects reloaded before import = 0Number of asset objects unloaded after import = 0

========================================================================
Received Import Request.
  Time since last request: 0.000034 seconds.
  path: Assets/Scripts/UI/UIFactorySlotPicker.cs
  artifactKey: Guid(ea3d9709835d7604f9bdec7e9ecaa838) Importer(2089858483,b0f066a214c2f5e87bad3c948f4d605d)
Start importing Assets/Scripts/UI/UIFactorySlotPicker.cs using Guid(ea3d9709835d7604f9bdec7e9ecaa838) Importer(2089858483,b0f066a214c2f5e87bad3c948f4d605d) (ScriptedImporter) -> (artifact id: 'd4993351752482ba01644119932c3197') in 0.013484 seconds
Number of updated asset objects reloaded before import = 0Number of asset objects unloaded after import = 0

========================================================================
Received Import Request.
  Time since last request: 0.000056 seconds.
  path: Assets/Scenes/Lobby.unity
  artifactKey: Guid(99c9720ab356a0642a771bea13969a05) Importer(2089858483,b0f066a214c2f5e87bad3c948f4d605d)
Start importing Assets/Scenes/Lobby.unity using Guid(99c9720ab356a0642a771bea13969a05) Importer(2089858483,b0f066a214c2f5e87bad3c948f4d605d) (ScriptedImporter) -> (artifact id: '0f4ba1cfba0bc583420b8cfbf7e82a16') in 0.0164614 seconds
Number of updated asset objects reloaded before import = 0Number of asset objects unloaded after import = 1

========================================================================
Received Import Request.
  Time since last request: 0.000019 seconds.
  path: Assets/Scripts/UI/UIDefenseSlotPicker.cs
  artifactKey: Guid(ec180efed595a7e4891e9c40ffcf41d7) Importer(2089858483,b0f066a214c2f5e87bad3c948f4d605d)
Start importing Assets/Scripts/UI/UIDefenseSlotPicker.cs using Guid(ec180efed595a7e4891e9c40ffcf41d7) Importer(2089858483,b0f066a214c2f5e87bad3c948f4d605d) (ScriptedImporter) -> (artifact id: '28d30cd2ba3a9b891675977888215155') in 0.0193366 seconds
Number of updated asset objects reloaded before import = 0Number of asset objects unloaded after import = 0

========================================================================
Received Import Request.
  Time since last request: 0.000030 seconds.
  path: Assets/Scripts/UI/UIInventoryGrid.cs
  artifactKey: Guid(04358ea036154be4c9483b296f47b75e) Importer(2089858483,b0f066a214c2f5e87bad3c948f4d605d)
Start importing Assets/Scripts/UI/UIInventoryGrid.cs using Guid(04358ea036154be4c9483b296f47b75e) Importer(2089858483,b0f066a214c2f5e87bad3c948f4d605d) (ScriptedImporter) -> (artifact id: '34efbe5fe3eb08ee910af0f96c04dd1a') in 0.0156124 seconds
Number of updated asset objects reloaded before import = 0Number of asset objects unloaded after import = 0

========================================================================
Received Import Request.
  Time since last request: 0.000044 seconds.
  path: Assets/Scripts/Data/WaveData.cs
  artifactKey: Guid(8789f0f8f695fb140bf0763bd87313b8) Importer(2089858483,b0f066a214c2f5e87bad3c948f4d605d)
Start importing Assets/Scripts/Data/WaveData.cs using Guid(8789f0f8f695fb140bf0763bd87313b8) Importer(2089858483,b0f066a214c2f5e87bad3c948f4d605d) (ScriptedImporter) -> (artifact id: '6caec3e7addaf94e7a05f4027d851e85') in 0.016764 seconds
Number of updated asset objects reloaded before import = 0Number of asset objects unloaded after import = 0

========================================================================
Received Import Request.
  Time since last request: 0.000042 seconds.
  path: Assets/Scripts/Managers/AdManager.cs
  artifactKey: Guid(9ba06e4c593044943bae7ba760049d03) Importer(2089858483,b0f066a214c2f5e87bad3c948f4d605d)
Start importing Assets/Scripts/Managers/AdManager.cs using Guid(9ba06e4c593044943bae7ba760049d03) Importer(2089858483,b0f066a214c2f5e87bad3c948f4d605d) (ScriptedImporter) -> (artifact id: 'd83c4d091b66bb63c3bdf9e889b1fd9c') in 0.0135536 seconds
Number of updated asset objects reloaded before import = 0Number of asset objects unloaded after import = 0

========================================================================
Received Import Request.
  Time since last request: 0.000033 seconds.
  path: Assets/Scripts/README_MergeFactory.md
  artifactKey: Guid(c85d85613267ede4d9dd2c6cc84a60d2) Importer(2089858483,b0f066a214c2f5e87bad3c948f4d605d)
Start importing Assets/Scripts/README_MergeFactory.md using Guid(c85d85613267ede4d9dd2c6cc84a60d2) Importer(2089858483,b0f066a214c2f5e87bad3c948f4d605d) (ScriptedImporter) -> (artifact id: 'e280fc09d76c63253cfb89cd96cd2b04') in 0.0149866 seconds
Number of updated asset objects reloaded before import = 0Number of asset objects unloaded after import = 1

========================================================================
Received Import Request.
  Time since last request: 0.000061 seconds.
  path: Assets/Scripts/UI/UICurrencyBar.cs
  artifactKey: Guid(2d027b547d4a8ba4fa3a312a5a1fb7ef) Importer(2089858483,b0f066a214c2f5e87bad3c948f4d605d)
Start importing Assets/Scripts/UI/UICurrencyBar.cs using Guid(2d027b547d4a8ba4fa3a312a5a1fb7ef) Importer(2089858483,b0f066a214c2f5e87bad3c948f4d605d) (ScriptedImporter) -> (artifact id: 'd4850f16f0c6e1dd3e94eeb0ac0f9227') in 0.0113127 seconds
Number of updated asset objects reloaded before import = 0Number of asset objects unloaded after import = 0

========================================================================
Received Import Request.
  Time since last request: 0.000029 seconds.
  path: Assets/Scripts/Editor/CreateDefenseDefaults.cs
  artifactKey: Guid(121a0d6acac658c40a1085273b4139e9) Importer(2089858483,b0f066a214c2f5e87bad3c948f4d605d)
Start importing Assets/Scripts/Editor/CreateDefenseDefaults.cs using Guid(121a0d6acac658c40a1085273b4139e9) Importer(2089858483,b0f066a214c2f5e87bad3c948f4d605d) (ScriptedImporter) -> (artifact id: 'eacad09f451e5ca9b651aff67d73687a') in 0.0166999 seconds
Number of updated asset objects reloaded before import = 0Number of asset objects unloaded after import = 0

========================================================================
Received Import Request.
  Time since last request: 8.754185 seconds.
  path: Assets/Scripts/Managers/InventoryManager.cs
  artifactKey: Guid(43405264bdae30a48895877e591d6af9) Importer(2089858483,b0f066a214c2f5e87bad3c948f4d605d)
Start importing Assets/Scripts/Managers/InventoryManager.cs using Guid(43405264bdae30a48895877e591d6af9) Importer(2089858483,b0f066a214c2f5e87bad3c948f4d605d) (ScriptedImporter) -> (artifact id: 'e3c8b7657150c0ea362b2abe6a25524e') in 0.0145471 seconds
Number of updated asset objects reloaded before import = 0Number of asset objects unloaded after import = 0

========================================================================
Received Import Request.
  Time since last request: 0.000020 seconds.
  path: Assets/Scripts/Managers/WaveManager.cs
  artifactKey: Guid(b479eda5246582c40ae348cd567964da) Importer(2089858483,b0f066a214c2f5e87bad3c948f4d605d)
Start importing Assets/Scripts/Managers/WaveManager.cs using Guid(b479eda5246582c40ae348cd567964da) Importer(2089858483,b0f066a214c2f5e87bad3c948f4d605d) (ScriptedImporter) -> (artifact id: '386a1bc5666aa9a68dac375682d5fd49') in 0.01626 seconds
Number of updated asset objects reloaded before import = 0Number of asset objects unloaded after import = 0

========================================================================
Received Import Request.
  Time since last request: 0.000024 seconds.
  path: Assets/Scripts/UI/UIDefenseSlot.cs
  artifactKey: Guid(e26767e8bed512a4fb1458e3bcc41832) Importer(2089858483,b0f066a214c2f5e87bad3c948f4d605d)
Start importing Assets/Scripts/UI/UIDefenseSlot.cs using Guid(e26767e8bed512a4fb1458e3bcc41832) Importer(2089858483,b0f066a214c2f5e87bad3c948f4d605d) (ScriptedImporter) -> (artifact id: 'bae70ce3b0d6cbf3e9d6224236e0096e') in 0.0169916 seconds
Number of updated asset objects reloaded before import = 0Number of asset objects unloaded after import = 0

========================================================================
Received Import Request.
  Time since last request: 0.000032 seconds.
  path: Assets/Scripts/Docs/Merge_Defense_디펜스_설계.md
  artifactKey: Guid(75948793bd6e3084395b48438d1fbb9c) Importer(2089858483,b0f066a214c2f5e87bad3c948f4d605d)
Start importing Assets/Scripts/Docs/Merge_Defense_디펜스_설계.md using Guid(75948793bd6e3084395b48438d1fbb9c) Importer(2089858483,b0f066a214c2f5e87bad3c948f4d605d) (ScriptedImporter) -> (artifact id: 'f059225eeb879a35a067d1715184bc87') in 0.0175321 seconds
Number of updated asset objects reloaded before import = 0Number of asset objects unloaded after import = 1

========================================================================
Received Import Request.
  Time since last request: 0.000021 seconds.
  path: Assets/Settings/Mobile_RPAsset.asset
  artifactKey: Guid(5e6cbd92db86f4b18aec3ed561671858) Importer(2089858483,b0f066a214c2f5e87bad3c948f4d605d)
Start importing Assets/Settings/Mobile_RPAsset.asset using Guid(5e6cbd92db86f4b18aec3ed561671858) Importer(2089858483,b0f066a214c2f5e87bad3c948f4d605d) (ScriptedImporter) -> (artifact id: '95c71a90e9aa074c9d7296b4b6cd45f3') in 0.1284816 seconds
Number of updated asset objects reloaded before import = 0Number of asset objects unloaded after import = 2

========================================================================
Received Import Request.
  Time since last request: 0.136779 seconds.
  path: Assets/0.Scenes/Lobby.unity
  artifactKey: Guid(99c9720ab356a0642a771bea13969a05) Importer(2089858483,b0f066a214c2f5e87bad3c948f4d605d)
Start importing Assets/0.Scenes/Lobby.unity using Guid(99c9720ab356a0642a771bea13969a05) Importer(2089858483,b0f066a214c2f5e87bad3c948f4d605d) (ScriptedImporter) -> (artifact id: '7a75876158653faac6dbeb5e7ca7dc10') in 0.0122855 seconds
Number of updated asset objects reloaded before import = 0Number of asset objects unloaded after import = 1

========================================================================
Received Prepare
Refreshing native plugins compatible for Editor in 0.96 ms, found 3 plugins.
Preloading 0 native plugins for Editor in 0.00 ms.
Unloading 16 Unused Serialized files (Serialized files now loaded: 0)
Unloading 6248 unused Assets / (5.0 MB). Loaded Objects now: 7077.
Memory consumption went from 147.5 MB to 142.5 MB.
Total: 19.900800 ms (FindLiveObjects: 1.163300 ms CreateObjectMapping: 1.478900 ms MarkObjects: 12.276000 ms  DeleteObjects: 4.981200 ms)

Prepare: number of updated asset objects reloaded= 0
========================================================================
Received Import Request.
  Time since last request: 2.156920 seconds.
  path: Assets/1.Scripts/Docs
  artifactKey: Guid(b53e693baac6f494884f12fa92bbf97e) Importer(2089858483,b0f066a214c2f5e87bad3c948f4d605d)
Start importing Assets/1.Scripts/Docs using Guid(b53e693baac6f494884f12fa92bbf97e) Importer(2089858483,b0f066a214c2f5e87bad3c948f4d605d) (ScriptedImporter) -> (artifact id: '782cca0e7cc1d77cb620fde29c3f1950') in 0.0243335 seconds
Number of updated asset objects reloaded before import = 0Number of asset objects unloaded after import = 1

========================================================================
Received Import Request.
  Time since last request: 0.000032 seconds.
  path: Assets/1.Scripts/Data/ItemData.cs
  artifactKey: Guid(a41de718095675441b22337bd5380495) Importer(2089858483,b0f066a214c2f5e87bad3c948f4d605d)
Start importing Assets/1.Scripts/Data/ItemData.cs using Guid(a41de718095675441b22337bd5380495) Importer(2089858483,b0f066a214c2f5e87bad3c948f4d605d) (ScriptedImporter) -> (artifact id: 'aac76506ec188c1aa7ef2cf3f80bf8ed') in 0.0157911 seconds
Number of updated asset objects reloaded before import = 0Number of asset objects unloaded after import = 0

========================================================================
Received Import Request.
  Time since last request: 0.000027 seconds.
  path: Assets/1.Scripts/Core/GameBootstrap.cs
  artifactKey: Guid(cd1c2657aa48d5d47ba3103d0fea56e5) Importer(2089858483,b0f066a214c2f5e87bad3c948f4d605d)
Start importing Assets/1.Scripts/Core/GameBootstrap.cs using Guid(cd1c2657aa48d5d47ba3103d0fea56e5) Importer(2089858483,b0f066a214c2f5e87bad3c948f4d605d) (ScriptedImporter) -> (artifact id: '1e3f470ba864d3a55e1a543bb158b45b') in 0.0154617 seconds
Number of updated asset objects reloaded before import = 0Number of asset objects unloaded after import = 0

========================================================================
Received Import Request.
  Time since last request: 0.000020 seconds.
  path: Assets/1.Scripts/Managers/EconomyManager.cs
  artifactKey: Guid(dc01b59df46d448499e8b768c7af8bfe) Importer(2089858483,b0f066a214c2f5e87bad3c948f4d605d)
Start importing Assets/1.Scripts/Managers/EconomyManager.cs using Guid(dc01b59df46d448499e8b768c7af8bfe) Importer(2089858483,b0f066a214c2f5e87bad3c948f4d605d) (ScriptedImporter) -> (artifact id: 'c349792ff234d12a5f51648ec26338fc') in 0.015365 seconds
Number of updated asset objects reloaded before import = 0Number of asset objects unloaded after import = 0

========================================================================
Received Import Request.
  Time since last request: 0.000030 seconds.
  path: Assets/1.Scripts/UI/UIMenuPanel.cs
  artifactKey: Guid(7ba17f2908a18fb438202e2fb9c09062) Importer(2089858483,b0f066a214c2f5e87bad3c948f4d605d)
Start importing Assets/1.Scripts/UI/UIMenuPanel.cs using Guid(7ba17f2908a18fb438202e2fb9c09062) Importer(2089858483,b0f066a214c2f5e87bad3c948f4d605d) (ScriptedImporter) -> (artifact id: '6299cd60cee11ebc80b3cfb80f3eafc6') in 0.0120858 seconds
Number of updated asset objects reloaded before import = 0Number of asset objects unloaded after import = 0

========================================================================
Received Import Request.
  Time since last request: 0.000087 seconds.
  path: Assets/1.Scripts/UI/SafeAreaAnchor.cs
  artifactKey: Guid(162ed515c70ec6f40a9d41a2f4c9cd5c) Importer(2089858483,b0f066a214c2f5e87bad3c948f4d605d)
Start importing Assets/1.Scripts/UI/SafeAreaAnchor.cs using Guid(162ed515c70ec6f40a9d41a2f4c9cd5c) Importer(2089858483,b0f066a214c2f5e87bad3c948f4d605d) (ScriptedImporter) -> (artifact id: '4668872a7c8b6b4e94ffaf6ee3853c95') in 0.0151743 seconds
Number of updated asset objects reloaded before import = 0Number of asset objects unloaded after import = 0

========================================================================
Received Import Request.
  Time since last request: 0.000017 seconds.
  path: Assets/1.Scripts/Data/GameConfig.cs
  artifactKey: Guid(d3f665e0a6fca664e9d9c68417680dc6) Importer(2089858483,b0f066a214c2f5e87bad3c948f4d605d)
Start importing Assets/1.Scripts/Data/GameConfig.cs using Guid(d3f665e0a6fca664e9d9c68417680dc6) Importer(2089858483,b0f066a214c2f5e87bad3c948f4d605d) (ScriptedImporter) -> (artifact id: 'ca0bf10c6a7c0004beead83439bd473d') in 0.0135961 seconds
Number of updated asset objects reloaded before import = 0Number of asset objects unloaded after import = 0

========================================================================
Received Import Request.
  Time since last request: 0.000030 seconds.
  path: Assets/1.Scripts/UI/UIUpgradePanel.cs
  artifactKey: Guid(fcd9e0c2e9cac7a47b9f78814964dc49) Importer(2089858483,b0f066a214c2f5e87bad3c948f4d605d)
Start importing Assets/1.Scripts/UI/UIUpgradePanel.cs using Guid(fcd9e0c2e9cac7a47b9f78814964dc49) Importer(2089858483,b0f066a214c2f5e87bad3c948f4d605d) (ScriptedImporter) -> (artifact id: '01cc93a02c2b1a11682b2a4bf0d7fdd7') in 0.0156504 seconds
Number of updated asset objects reloaded before import = 0Number of asset objects unloaded after import = 0

========================================================================
Received Import Request.
  Time since last request: 0.000023 seconds.
  path: Assets/1.Scripts/Managers/GameManager.cs
  artifactKey: Guid(e4edb9f14e488fb429be340b52f299f6) Importer(2089858483,b0f066a214c2f5e87bad3c948f4d605d)
Start importing Assets/1.Scripts/Managers/GameManager.cs using Guid(e4edb9f14e488fb429be340b52f299f6) Importer(2089858483,b0f066a214c2f5e87bad3c948f4d605d) (ScriptedImporter) -> (artifact id: '31b2cde530710cbeb4d5659c923bc202') in 0.0154943 seconds
Number of updated asset objects reloaded before import = 0Number of asset objects unloaded after import = 0

========================================================================
Received Import Request.
  Time since last request: 0.000042 seconds.
  path: Assets/1.Scripts/UI/UIDefenseSlotPicker.cs
  artifactKey: Guid(ec180efed595a7e4891e9c40ffcf41d7) Importer(2089858483,b0f066a214c2f5e87bad3c948f4d605d)
Start importing Assets/1.Scripts/UI/UIDefenseSlotPicker.cs using Guid(ec180efed595a7e4891e9c40ffcf41d7) Importer(2089858483,b0f066a214c2f5e87bad3c948f4d605d) (ScriptedImporter) -> (artifact id: 'd77b00400cb0946802d3e716f3b940e0') in 0.0170631 seconds
Number of updated asset objects reloaded before import = 0Number of asset objects unloaded after import = 0

========================================================================
Received Import Request.
  Time since last request: 0.000032 seconds.
  path: Assets/1.Scripts/Managers/UpgradeManager.cs
  artifactKey: Guid(a1798df907745394a9194f2828da2fc7) Importer(2089858483,b0f066a214c2f5e87bad3c948f4d605d)
Start importing Assets/1.Scripts/Managers/UpgradeManager.cs using Guid(a1798df907745394a9194f2828da2fc7) Importer(2089858483,b0f066a214c2f5e87bad3c948f4d605d) (ScriptedImporter) -> (artifact id: '29be06728c5d84c2a24cb80a6253c35b') in 0.0185726 seconds
Number of updated asset objects reloaded before import = 0Number of asset objects unloaded after import = 0

========================================================================
Received Import Request.
  Time since last request: 0.000034 seconds.
  path: Assets/1.Scripts/UI/UIDefenseStartWave.cs
  artifactKey: Guid(3e9b22a9ecf1eb84ea503a37222270e6) Importer(2089858483,b0f066a214c2f5e87bad3c948f4d605d)
Start importing Assets/1.Scripts/UI/UIDefenseStartWave.cs using Guid(3e9b22a9ecf1eb84ea503a37222270e6) Importer(2089858483,b0f066a214c2f5e87bad3c948f4d605d) (ScriptedImporter) -> (artifact id: '04ab92641bee7672c9fd55c05ca72a69') in 0.0160347 seconds
Number of updated asset objects reloaded before import = 0Number of asset objects unloaded after import = 0

========================================================================
Received Import Request.
  Time since last request: 0.000024 seconds.
  path: Assets/1.Scripts/UI/UIDefenseWave.cs
  artifactKey: Guid(f826f3aa00217dc4896513875ff92d60) Importer(2089858483,b0f066a214c2f5e87bad3c948f4d605d)
Start importing Assets/1.Scripts/UI/UIDefenseWave.cs using Guid(f826f3aa00217dc4896513875ff92d60) Importer(2089858483,b0f066a214c2f5e87bad3c948f4d605d) (ScriptedImporter) -> (artifact id: '78d270dc72bf093adb8b509b18e68a9e') in 0.0175927 seconds
Number of updated asset objects reloaded before import = 0Number of asset objects unloaded after import = 0

========================================================================
Received Import Request.
  Time since last request: 0.000036 seconds.
  path: Assets/1.Scripts/Managers/AdManager.cs
  artifactKey: Guid(9ba06e4c593044943bae7ba760049d03) Importer(2089858483,b0f066a214c2f5e87bad3c948f4d605d)
Start importing Assets/1.Scripts/Managers/AdManager.cs using Guid(9ba06e4c593044943bae7ba760049d03) Importer(2089858483,b0f066a214c2f5e87bad3c948f4d605d) (ScriptedImporter) -> (artifact id: '8552bc955c97e5537d66a9e745197370') in 0.015556 seconds
Number of updated asset objects reloaded before import = 0Number of asset objects unloaded after import = 0

========================================================================
Received Import Request.
  Time since last request: 0.000018 seconds.
  path: Assets/1.Scripts/Editor/CanvasScalerSetup.cs
  artifactKey: Guid(d28befecc4d16ed44952269c66fd7efb) Importer(2089858483,b0f066a214c2f5e87bad3c948f4d605d)
Start importing Assets/1.Scripts/Editor/CanvasScalerSetup.cs using Guid(d28befecc4d16ed44952269c66fd7efb) Importer(2089858483,b0f066a214c2f5e87bad3c948f4d605d) (ScriptedImporter) -> (artifact id: 'dc42994e5137c4ca45fe2f2b2c4f196f') in 0.0170798 seconds
Number of updated asset objects reloaded before import = 0Number of asset objects unloaded after import = 0

========================================================================
Received Import Request.
  Time since last request: 0.000022 seconds.
  path: Assets/1.Scripts/Managers/DefenseManager.cs
  artifactKey: Guid(b3429b8c14b7df743b3e066b80b9c5ee) Importer(2089858483,b0f066a214c2f5e87bad3c948f4d605d)
Start importing Assets/1.Scripts/Managers/DefenseManager.cs using Guid(b3429b8c14b7df743b3e066b80b9c5ee) Importer(2089858483,b0f066a214c2f5e87bad3c948f4d605d) (ScriptedImporter) -> (artifact id: 'f9b01d753b2bba2dfd6c0f71420a9564') in 0.0163413 seconds
Number of updated asset objects reloaded before import = 0Number of asset objects unloaded after import = 0

========================================================================
Received Import Request.
  Time since last request: 0.000053 seconds.
  path: Assets/1.Scripts/Editor/CreateDefenseDefaults.cs
  artifactKey: Guid(121a0d6acac658c40a1085273b4139e9) Importer(2089858483,b0f066a214c2f5e87bad3c948f4d605d)
Start importing Assets/1.Scripts/Editor/CreateDefenseDefaults.cs using Guid(121a0d6acac658c40a1085273b4139e9) Importer(2089858483,b0f066a214c2f5e87bad3c948f4d605d) (ScriptedImporter) -> (artifact id: 'aef9f4f9ded1045a83ba0c4b99019965') in 0.0148844 seconds
Number of updated asset objects reloaded before import = 0Number of asset objects unloaded after import = 0

========================================================================
Received Import Request.
  Time since last request: 0.000029 seconds.
  path: Assets/1.Scripts/UI/UIShopPanel.cs
  artifactKey: Guid(e8617d9d8d13fe04ea14ea33e430203d) Importer(2089858483,b0f066a214c2f5e87bad3c948f4d605d)
Start importing Assets/1.Scripts/UI/UIShopPanel.cs using Guid(e8617d9d8d13fe04ea14ea33e430203d) Importer(2089858483,b0f066a214c2f5e87bad3c948f4d605d) (ScriptedImporter) -> (artifact id: '3b25da4e2bd68ee8166f7022a7c8aa1c') in 0.014721 seconds
Number of updated asset objects reloaded before import = 0Number of asset objects unloaded after import = 0

========================================================================
Received Import Request.
  Time since last request: 0.000022 seconds.
  path: Assets/1.Scripts
  artifactKey: Guid(0a1c3da8cb63d274a9628914dc9284aa) Importer(2089858483,b0f066a214c2f5e87bad3c948f4d605d)
Start importing Assets/1.Scripts using Guid(0a1c3da8cb63d274a9628914dc9284aa) Importer(2089858483,b0f066a214c2f5e87bad3c948f4d605d) (ScriptedImporter) -> (artifact id: '5648c151a876a8f6a414f81a8cf596bd') in 0.0139881 seconds
Number of updated asset objects reloaded before import = 0Number of asset objects unloaded after import = 1

========================================================================
Received Import Request.
  Time since last request: 0.000019 seconds.
  path: Assets/1.Scripts/Managers/SaveManager.cs
  artifactKey: Guid(cd38ef6ed102b2e49af12c47367e0b39) Importer(2089858483,b0f066a214c2f5e87bad3c948f4d605d)
Start importing Assets/1.Scripts/Managers/SaveManager.cs using Guid(cd38ef6ed102b2e49af12c47367e0b39) Importer(2089858483,b0f066a214c2f5e87bad3c948f4d605d) (ScriptedImporter) -> (artifact id: 'c641b3c82cf4d1242208817cb4713a20') in 0.0166488 seconds
Number of updated asset objects reloaded before import = 0Number of asset objects unloaded after import = 0

========================================================================
Received Import Request.
  Time since last request: 0.000018 seconds.
  path: Assets/1.Scripts/Managers
  artifactKey: Guid(fa060913626bb3848a67b589fc0e6cd1) Importer(2089858483,b0f066a214c2f5e87bad3c948f4d605d)
Start importing Assets/1.Scripts/Managers using Guid(fa060913626bb3848a67b589fc0e6cd1) Importer(2089858483,b0f066a214c2f5e87bad3c948f4d605d) (ScriptedImporter) -> (artifact id: '327e849b7d5b5a3c43ab8d65d77b36b5') in 0.0204865 seconds
Number of updated asset objects reloaded before import = 0Number of asset objects unloaded after import = 1

========================================================================
Received Import Request.
  Time since last request: 0.000027 seconds.
  path: Assets/TutorialInfo
  artifactKey: Guid(ba062aa6c92b140379dbc06b43dd3b9b) Importer(815301076,1909f56bfc062723c751e8b465ee728b)
Start importing Assets/TutorialInfo using Guid(ba062aa6c92b140379dbc06b43dd3b9b) Importer(815301076,1909f56bfc062723c751e8b465ee728b) (PreviewImporter) -> (artifact id: 'bd0ce3b9fb2b0078fcd59af112aef3b6') in 0.0007403 seconds
Number of updated asset objects reloaded before import = 0Number of asset objects unloaded after import = 0

========================================================================
Received Import Request.
  Time since last request: 0.000035 seconds.
  path: Assets/1.Scripts/Docs/Merge_Defense_디펜스_설계.md
  artifactKey: Guid(75948793bd6e3084395b48438d1fbb9c) Importer(2089858483,b0f066a214c2f5e87bad3c948f4d605d)
Start importing Assets/1.Scripts/Docs/Merge_Defense_디펜스_설계.md using Guid(75948793bd6e3084395b48438d1fbb9c) Importer(2089858483,b0f066a214c2f5e87bad3c948f4d605d) (ScriptedImporter) -> (artifact id: '4af6574d3b9c4aeb4488d632e94af0d0') in 0.0182817 seconds
Number of updated asset objects reloaded before import = 0Number of asset objects unloaded after import = 1

========================================================================
Received Import Request.
  Time since last request: 0.000019 seconds.
  path: Assets/1.Scripts/Managers/InventoryManager.cs
  artifactKey: Guid(43405264bdae30a48895877e591d6af9) Importer(2089858483,b0f066a214c2f5e87bad3c948f4d605d)
Start importing Assets/1.Scripts/Managers/InventoryManager.cs using Guid(43405264bdae30a48895877e591d6af9) Importer(2089858483,b0f066a214c2f5e87bad3c948f4d605d) (ScriptedImporter) -> (artifact id: '6ddf92d582b34ddded57a7b8716a4928') in 0.0141732 seconds
Number of updated asset objects reloaded before import = 0Number of asset objects unloaded after import = 0

========================================================================
Received Import Request.
  Time since last request: 0.000025 seconds.
  path: Assets/1.Scripts/UI/UIFactorySlot.cs
  artifactKey: Guid(7b8b58a29f7ae3a4380b3dec36ab5922) Importer(2089858483,b0f066a214c2f5e87bad3c948f4d605d)
Start importing Assets/1.Scripts/UI/UIFactorySlot.cs using Guid(7b8b58a29f7ae3a4380b3dec36ab5922) Importer(2089858483,b0f066a214c2f5e87bad3c948f4d605d) (ScriptedImporter) -> (artifact id: 'cf2d929d07d93158100450a8c21f9ee6') in 0.0194486 seconds
Number of updated asset objects reloaded before import = 0Number of asset objects unloaded after import = 0

========================================================================
Received Prepare
Begin MonoManager ReloadAssembly
[Licensing::Client] Successfully resolved entitlement details
- Loaded All Assemblies, in  1.166 seconds
Refreshing native plugins compatible for Editor in 1.31 ms, found 3 plugins.
Assertion failed on expression: 'pred(*previous, *i)'
Assertion failed on expression: 'pred(*previous, *i)'
Assertion failed on expression: 'pred(*previous, *i)'
Assertion failed on expression: 'pred(*previous, *i)'
Assertion failed on expression: 'pred(*previous, *i)'
Assertion failed on expression: 'pred(*previous, *i)'
Assertion failed on expression: 'pred(*previous, *i)'
Assertion failed on expression: 'pred(*previous, *i)'
Assertion failed on expression: 'pred(*previous, *i)'
Native extension for WindowsStandalone target not found
Native extension for WebGL target not found
[Package Manager] Failed to launch server process. Reason: Unity was launched with the -noUpm command-line argument
[Package Manager] Unable to send message (not connected to server process).
[Package Manager] Cannot connect to Unity Package Manager local server
ScheduleIndexationOnStartup MainProcess:False IndexOnStartup:True
Mono: successfully reloaded assembly
- Finished resetting the current domain, in  1.178 seconds
Domain Reload Profiling: 2343ms
	BeginReloadAssembly (382ms)
		ExecutionOrderSort (0ms)
		DisableScriptedObjects (22ms)
		BackupInstance (0ms)
		ReleaseScriptingObjects (0ms)
		CreateAndSetChildDomain (88ms)
	RebuildCommonClasses (65ms)
	RebuildNativeTypeToScriptingClass (20ms)
	initialDomainReloadingComplete (52ms)
	LoadAllAssembliesAndSetupDomain (644ms)
		LoadAssemblies (506ms)
		RebuildTransferFunctionScriptingTraits (0ms)
		AnalyzeDomain (286ms)
			TypeCache.Refresh (20ms)
				TypeCache.ScanAssembly (2ms)
			BuildScriptInfoCaches (248ms)
			ResolveRequiredComponents (13ms)
	FinalizeReload (1179ms)
		ReleaseScriptCaches (0ms)
		RebuildScriptCaches (0ms)
		SetupLoadedEditorAssemblies (931ms)
			LogAssemblyErrors (0ms)
			InitializePlatformSupportModulesInManaged (3ms)
			SetLoadedEditorAssemblies (7ms)
			BeforeProcessingInitializeOnLoad (215ms)
			ProcessInitializeOnLoadAttributes (601ms)
			ProcessInitializeOnLoadMethodAttributes (89ms)
			AfterProcessingInitializeOnLoad (15ms)
			EditorAssembliesLoaded (1ms)
		ExecutionOrderSort2 (0ms)
		AwakeInstancesAfterBackupRestoration (22ms)
Refreshing native plugins compatible for Editor in 1.28 ms, found 3 plugins.
Preloading 0 native plugins for Editor in 0.00 ms.
Unloading 16 Unused Serialized files (Serialized files now loaded: 0)
Unloading 6254 unused Assets / (4.4 MB). Loaded Objects now: 7080.
Memory consumption went from 147.4 MB to 143.0 MB.
Total: 14.623000 ms (FindLiveObjects: 0.986400 ms CreateObjectMapping: 1.416400 ms MarkObjects: 9.199900 ms  DeleteObjects: 3.019100 ms)

Prepare: number of updated asset objects reloaded= 0
========================================================================
Received Import Request.
  Time since last request: 78.152395 seconds.
  path: Assets/3.UI/kenney_cursor-pixel-pack/Tiles/tile_0112.png
  artifactKey: Guid(7703dabf12cdda64b905ece6a7791788) Importer(2089858483,b0f066a214c2f5e87bad3c948f4d605d)
Start importing Assets/3.UI/kenney_cursor-pixel-pack/Tiles/tile_0112.png using Guid(7703dabf12cdda64b905ece6a7791788) Importer(2089858483,b0f066a214c2f5e87bad3c948f4d605d) (ScriptedImporter) -> (artifact id: '432bdba8f616452c605f7256485d59a6') in 0.2032677 seconds
Number of updated asset objects reloaded before import = 0Number of asset objects unloaded after import = 1

========================================================================
Received Import Request.
  Time since last request: 0.000021 seconds.
  path: Assets/3.UI/kenney_board-game-icons/Vector/Icons/notepad.svg
  artifactKey: Guid(4169010e2e603114ebf870670d17b001) Importer(2089858483,b0f066a214c2f5e87bad3c948f4d605d)
Start importing Assets/3.UI/kenney_board-game-icons/Vector/Icons/notepad.svg using Guid(4169010e2e603114ebf870670d17b001) Importer(2089858483,b0f066a214c2f5e87bad3c948f4d605d) (ScriptedImporter) -> (artifact id: 'e1ef48ce158378fb8fa7a1ff39330c3c') in 0.0556257 seconds
Number of updated asset objects reloaded before import = 0Number of asset objects unloaded after import = 1

========================================================================
Received Import Request.
  Time since last request: 0.000199 seconds.
  path: Assets/3.UI/kenney_board-game-icons/PNG/Double (128px)/structure_watchtower.png
  artifactKey: Guid(b6bfd738f659bb84cbe5f45eecd69243) Importer(2089858483,b0f066a214c2f5e87bad3c948f4d605d)
Start importing Assets/3.UI/kenney_board-game-icons/PNG/Double (128px)/structure_watchtower.png using Guid(b6bfd738f659bb84cbe5f45eecd69243) Importer(2089858483,b0f066a214c2f5e87bad3c948f4d605d) (ScriptedImporter) -> (artifact id: '6412ad48b38ef7cf8cd40b80d5474c78') in 0.021659 seconds
Number of updated asset objects reloaded before import = 0Number of asset objects unloaded after import = 1

========================================================================
Received Import Request.
  Time since last request: 0.000031 seconds.
  path: Assets/3.UI/kenney_board-game-icons/PNG/Double (128px)/d10.png
  artifactKey: Guid(f4db349c3c31f184f8523c335dc0fa74) Importer(2089858483,b0f066a214c2f5e87bad3c948f4d605d)
Start importing Assets/3.UI/kenney_board-game-icons/PNG/Double (128px)/d10.png using Guid(f4db349c3c31f184f8523c335dc0fa74) Importer(2089858483,b0f066a214c2f5e87bad3c948f4d605d) (ScriptedImporter) -> (artifact id: '45337948f9fcc6c5ff15f2c89db1e602') in 0.0200789 seconds
Number of updated asset objects reloaded before import = 0Number of asset objects unloaded after import = 1

========================================================================
Received Import Request.
  Time since last request: 0.000026 seconds.
  path: Assets/3.UI/kenney_board-game-icons/Vector/Icons/d10_outline_number.svg
  artifactKey: Guid(a0deb6d063439744f9821282479ca8c0) Importer(2089858483,b0f066a214c2f5e87bad3c948f4d605d)
Start importing Assets/3.UI/kenney_board-game-icons/Vector/Icons/d10_outline_number.svg using Guid(a0deb6d063439744f9821282479ca8c0) Importer(2089858483,b0f066a214c2f5e87bad3c948f4d605d) (ScriptedImporter) -> (artifact id: '0d46022122f372007f47a1ec12c16d76') in 0.0270507 seconds
Number of updated asset objects reloaded before import = 0Number of asset objects unloaded after import = 1

========================================================================
Received Import Request.
  Time since last request: 0.000018 seconds.
  path: Assets/3.UI/kenney_cursor-pixel-pack/Tiles/tile_0101.png
  artifactKey: Guid(61a091bc1640252499bc26d0f292af47) Importer(2089858483,b0f066a214c2f5e87bad3c948f4d605d)
Start importing Assets/3.UI/kenney_cursor-pixel-pack/Tiles/tile_0101.png using Guid(61a091bc1640252499bc26d0f292af47) Importer(2089858483,b0f066a214c2f5e87bad3c948f4d605d) (ScriptedImporter) -> (artifact id: '2b76b73e9ff9868c748f609c4becfa32') in 0.0232007 seconds
Number of updated asset objects reloaded before import = 0Number of asset objects unloaded after import = 1

========================================================================
Received Import Request.
  Time since last request: 0.000139 seconds.
  path: Assets/3.UI/kenney_desert-shooter-pack_1.0/PNG/Players/Tiles/tile_0011.png
  artifactKey: Guid(0d63693762d815f438a4989a02e04851) Importer(2089858483,b0f066a214c2f5e87bad3c948f4d605d)
Start importing Assets/3.UI/kenney_desert-shooter-pack_1.0/PNG/Players/Tiles/tile_0011.png using Guid(0d63693762d815f438a4989a02e04851) Importer(2089858483,b0f066a214c2f5e87bad3c948f4d605d) (ScriptedImporter) -> (artifact id: '3c791714d54f5aef03e4746159c4eacf') in 0.0182642 seconds
Number of updated asset objects reloaded before import = 0Number of asset objects unloaded after import = 1

========================================================================
Received Import Request.
  Time since last request: 0.000017 seconds.
  path: Assets/3.UI/kenney_board-game-icons/PNG/Double (128px)/hourglass.png
  artifactKey: Guid(b59ce2e4fb6679b4fb5d57a49281c67a) Importer(2089858483,b0f066a214c2f5e87bad3c948f4d605d)
Start importing Assets/3.UI/kenney_board-game-icons/PNG/Double (128px)/hourglass.png using Guid(b59ce2e4fb6679b4fb5d57a49281c67a) Importer(2089858483,b0f066a214c2f5e87bad3c948f4d605d) (ScriptedImporter) -> (artifact id: '9c005cf2b1364a86d073401eaf7ecff0') in 0.0193257 seconds
Number of updated asset objects reloaded before import = 0Number of asset objects unloaded after import = 1

========================================================================
Received Import Request.
  Time since last request: 0.000017 seconds.
  path: Assets/3.UI/kenney_cursor-pixel-pack/Tiles/tile_0155.png
  artifactKey: Guid(54f8c566bd3ea2348b16555e75d576ce) Importer(2089858483,b0f066a214c2f5e87bad3c948f4d605d)
Start importing Assets/3.UI/kenney_cursor-pixel-pack/Tiles/tile_0155.png using Guid(54f8c566bd3ea2348b16555e75d576ce) Importer(2089858483,b0f066a214c2f5e87bad3c948f4d605d) (ScriptedImporter) -> (artifact id: 'd37e2618bb4195612c4ae3add7bd328e') in 0.0254693 seconds
Number of updated asset objects reloaded before import = 0Number of asset objects unloaded after import = 1

========================================================================
Received Import Request.
  Time since last request: 0.000021 seconds.
  path: Assets/3.UI/kenney_board-game-icons/PNG/Default (64px)/arrow_diagonal_cross_divided.png
  artifactKey: Guid(8485f698323889f4a83c26318dff981e) Importer(2089858483,b0f066a214c2f5e87bad3c948f4d605d)
Start importing Assets/3.UI/kenney_board-game-icons/PNG/Default (64px)/arrow_diagonal_cross_divided.png using Guid(8485f698323889f4a83c26318dff981e) Importer(2089858483,b0f066a214c2f5e87bad3c948f4d605d) (ScriptedImporter) -> (artifact id: '7c047d84a06f89fb21b99cc42551310f') in 0.0231699 seconds
Number of updated asset objects reloaded before import = 0Number of asset objects unloaded after import = 1

========================================================================
Received Import Request.
  Time since last request: 0.000054 seconds.
  path: Assets/3.UI/kenney_desert-shooter-pack_1.0/PNG/Interface/Tiles/tile_0106.png
  artifactKey: Guid(096f111d9b751d245a787540af5420f5) Importer(2089858483,b0f066a214c2f5e87bad3c948f4d605d)
Start importing Assets/3.UI/kenney_desert-shooter-pack_1.0/PNG/Interface/Tiles/tile_0106.png using Guid(096f111d9b751d245a787540af5420f5) Importer(2089858483,b0f066a214c2f5e87bad3c948f4d605d) (ScriptedImporter) -> (artifact id: '5988aa8ec7d679dfc436371a48b633f8') in 0.0290747 seconds
Number of updated asset objects reloaded before import = 0Number of asset objects unloaded after import = 1

========================================================================
Received Import Request.
  Time since last request: 0.000017 seconds.
  path: Assets/3.UI/kenney_desert-shooter-pack_1.0/PNG/Interface/Tiles/tile_0002.png
  artifactKey: Guid(28458b6f0a2d6e14aa8893d74c5d676e) Importer(2089858483,b0f066a214c2f5e87bad3c948f4d605d)
Start importing Assets/3.UI/kenney_desert-shooter-pack_1.0/PNG/Interface/Tiles/tile_0002.png using Guid(28458b6f0a2d6e14aa8893d74c5d676e) Importer(2089858483,b0f066a214c2f5e87bad3c948f4d605d) (ScriptedImporter) -> (artifact id: '9135374acea5d4d23e974a0a32124492') in 0.0612305 seconds
Number of updated asset objects reloaded before import = 0Number of asset objects unloaded after import = 1

========================================================================
Received Import Request.
  Time since last request: 0.000030 seconds.
  path: Assets/3.UI/kenney_cursor-pixel-pack/Tiles/tile_0050.png
  artifactKey: Guid(2f598121cc912e74aa8abaaea06c97dd) Importer(2089858483,b0f066a214c2f5e87bad3c948f4d605d)
Start importing Assets/3.UI/kenney_cursor-pixel-pack/Tiles/tile_0050.png using Guid(2f598121cc912e74aa8abaaea06c97dd) Importer(2089858483,b0f066a214c2f5e87bad3c948f4d605d) (ScriptedImporter) -> (artifact id: '956069454dd18e87120e5a20851baed8') in 0.0461018 seconds
Number of updated asset objects reloaded before import = 0Number of asset objects unloaded after import = 1

========================================================================
Received Import Request.
  Time since last request: 0.000037 seconds.
  path: Assets/3.UI/kenney_board-game-icons/PNG/Double (128px)/structure_tower.png
  artifactKey: Guid(0e514aea1c2f8a1478f589c79cd9bdd6) Importer(2089858483,b0f066a214c2f5e87bad3c948f4d605d)
Start importing Assets/3.UI/kenney_board-game-icons/PNG/Double (128px)/structure_tower.png using Guid(0e514aea1c2f8a1478f589c79cd9bdd6) Importer(2089858483,b0f066a214c2f5e87bad3c948f4d605d) (ScriptedImporter) -> (artifact id: 'ac39dfb838dcad5929cb62e9d39d7667') in 0.0285291 seconds
Number of updated asset objects reloaded before import = 0Number of asset objects unloaded after import = 1

========================================================================
Received Import Request.
  Time since last request: 0.000023 seconds.
  path: Assets/3.UI/kenney_board-game-icons/Vector/Icons/arrow_cross.svg
  artifactKey: Guid(7ffe50954b497ad448150df6d7c3f2bc) Importer(2089858483,b0f066a214c2f5e87bad3c948f4d605d)
Start importing Assets/3.UI/kenney_board-game-icons/Vector/Icons/arrow_cross.svg using Guid(7ffe50954b497ad448150df6d7c3f2bc) Importer(2089858483,b0f066a214c2f5e87bad3c948f4d605d) (ScriptedImporter) -> (artifact id: '3cb5be7a8da7b947c4de9b022918a0af') in 0.0249133 seconds
Number of updated asset objects reloaded before import = 0Number of asset objects unloaded after import = 1

========================================================================
Received Import Request.
  Time since last request: 0.000017 seconds.
  path: Assets/3.UI/kenney_board-game-icons/PNG/Double (128px)/tag_shield_1.png
  artifactKey: Guid(a505175072205c746b955c6d14fbd587) Importer(2089858483,b0f066a214c2f5e87bad3c948f4d605d)
Start importing Assets/3.UI/kenney_board-game-icons/PNG/Double (128px)/tag_shield_1.png using Guid(a505175072205c746b955c6d14fbd587) Importer(2089858483,b0f066a214c2f5e87bad3c948f4d605d) (ScriptedImporter) -> (artifact id: 'a9b3c84e30994874d36087fb5e35e88f') in 0.0266528 seconds
Number of updated asset objects reloaded before import = 0Number of asset objects unloaded after import = 1

========================================================================
Received Import Request.
  Time since last request: 0.000025 seconds.
  path: Assets/3.UI/kenney_cursor-pixel-pack/Tiles/tile_0191.png
  artifactKey: Guid(b485f2751699f1244ad0eaaf72a3e829) Importer(2089858483,b0f066a214c2f5e87bad3c948f4d605d)
Start importing Assets/3.UI/kenney_cursor-pixel-pack/Tiles/tile_0191.png using Guid(b485f2751699f1244ad0eaaf72a3e829) Importer(2089858483,b0f066a214c2f5e87bad3c948f4d605d) (ScriptedImporter) -> (artifact id: 'a036860079837a8aa27c3eec3dfa76f9') in 0.026383 seconds
Number of updated asset objects reloaded before import = 0Number of asset objects unloaded after import = 1

========================================================================
Received Import Request.
  Time since last request: 0.000102 seconds.
  path: Assets/3.UI/kenney_cursor-pixel-pack/Tilemap/tilemap_packed.png
  artifactKey: Guid(e6682e6bb418a854a9ce99abd80aa8b6) Importer(2089858483,b0f066a214c2f5e87bad3c948f4d605d)
Start importing Assets/3.UI/kenney_cursor-pixel-pack/Tilemap/tilemap_packed.png using Guid(e6682e6bb418a854a9ce99abd80aa8b6) Importer(2089858483,b0f066a214c2f5e87bad3c948f4d605d) (ScriptedImporter) -> (artifact id: 'a20cf6e7a7c567a8a5a1e86561b085a5') in 0.0422351 seconds
Number of updated asset objects reloaded before import = 0Number of asset objects unloaded after import = 1

========================================================================
Received Import Request.
  Time since last request: 0.000019 seconds.
  path: Assets/3.UI/kenney_desert-shooter-pack_1.0/PNG/Players
  artifactKey: Guid(a33c16efdcaad474d97f3f0ceb9414b3) Importer(2089858483,b0f066a214c2f5e87bad3c948f4d605d)
Start importing Assets/3.UI/kenney_desert-shooter-pack_1.0/PNG/Players using Guid(a33c16efdcaad474d97f3f0ceb9414b3) Importer(2089858483,b0f066a214c2f5e87bad3c948f4d605d) (ScriptedImporter) -> (artifact id: '8d6ca91881755cda8dcde0c800c56d31') in 0.019725 seconds
Number of updated asset objects reloaded before import = 0Number of asset objects unloaded after import = 1

========================================================================
Received Import Request.
  Time since last request: 0.000021 seconds.
  path: Assets/3.UI/kenney_board-game-icons/PNG/Double (128px)/structure_gate.png
  artifactKey: Guid(dd18ca51183353a4e8ed72cdd67cebbb) Importer(2089858483,b0f066a214c2f5e87bad3c948f4d605d)
Start importing Assets/3.UI/kenney_board-game-icons/PNG/Double (128px)/structure_gate.png using Guid(dd18ca51183353a4e8ed72cdd67cebbb) Importer(2089858483,b0f066a214c2f5e87bad3c948f4d605d) (ScriptedImporter) -> (artifact id: '0386ef6bca832ab9aafecff53ac8326b') in 0.0237301 seconds
Number of updated asset objects reloaded before import = 0Number of asset objects unloaded after import = 1

========================================================================
Received Import Request.
  Time since last request: 0.000025 seconds.
  path: Assets/3.UI/kenney_board-game-icons/PNG/Default (64px)/cards_take.png
  artifactKey: Guid(a2706cd62dfa3e6499b0177bd2c0d6b5) Importer(2089858483,b0f066a214c2f5e87bad3c948f4d605d)
Start importing Assets/3.UI/kenney_board-game-icons/PNG/Default (64px)/cards_take.png using Guid(a2706cd62dfa3e6499b0177bd2c0d6b5) Importer(2089858483,b0f066a214c2f5e87bad3c948f4d605d) (ScriptedImporter) -> (artifact id: 'e6035519fc09cf717b11180502b0d5ae') in 0.026005 seconds
Number of updated asset objects reloaded before import = 0Number of asset objects unloaded after import = 1

========================================================================
Received Import Request.
  Time since last request: 0.000031 seconds.
  path: Assets/3.UI/kenney_cursor-pixel-pack/Tiles/tile_0081.png
  artifactKey: Guid(061b0e456e53383498d245d373e7f755) Importer(2089858483,b0f066a214c2f5e87bad3c948f4d605d)
Start importing Assets/3.UI/kenney_cursor-pixel-pack/Tiles/tile_0081.png using Guid(061b0e456e53383498d245d373e7f755) Importer(2089858483,b0f066a214c2f5e87bad3c948f4d605d) (ScriptedImporter) -> (artifact id: 'c750d5d375b1a42d7c7d4fa2bb5f5fe2') in 0.0276202 seconds
Number of updated asset objects reloaded before import = 0Number of asset objects unloaded after import = 1

========================================================================
Received Import Request.
  Time since last request: 0.000023 seconds.
  path: Assets/3.UI/kenney_board-game-icons/PNG/Default (64px)/d20_outline.png
  artifactKey: Guid(41f4650d10fca4843865b3437dc9b58b) Importer(2089858483,b0f066a214c2f5e87bad3c948f4d605d)
Start importing Assets/3.UI/kenney_board-game-icons/PNG/Default (64px)/d20_outline.png using Guid(41f4650d10fca4843865b3437dc9b58b) Importer(2089858483,b0f066a214c2f5e87bad3c948f4d605d) (ScriptedImporter) -> (artifact id: 'f852520dd708facc6c75e49856726a3a') in 0.0232506 seconds
Number of updated asset objects reloaded before import = 0Number of asset objects unloaded after import = 1

========================================================================
Received Import Request.
  Time since last request: 0.000017 seconds.
  path: Assets/3.UI/kenney_board-game-icons/PNG/Default (64px)/arrow_right.png
  artifactKey: Guid(46373a7f8ba066b4892c77d61f07bbc9) Importer(2089858483,b0f066a214c2f5e87bad3c948f4d605d)
Start importing Assets/3.UI/kenney_board-game-icons/PNG/Default (64px)/arrow_right.png using Guid(46373a7f8ba066b4892c77d61f07bbc9) Importer(2089858483,b0f066a214c2f5e87bad3c948f4d605d) (ScriptedImporter) -> (artifact id: '7be41c4e5f67187aa8892b7a2584a440') in 0.0212763 seconds
Number of updated asset objects reloaded before import = 0Number of asset objects unloaded after import = 1

========================================================================
Received Import Request.
  Time since last request: 0.000022 seconds.
  path: Assets/3.UI/kenney_desert-shooter-pack_1.0/PNG/Weapons/Tiles/tile_0006.png
  artifactKey: Guid(fe3357250feb0204cb1455f5fd339fe1) Importer(2089858483,b0f066a214c2f5e87bad3c948f4d605d)
Start importing Assets/3.UI/kenney_desert-shooter-pack_1.0/PNG/Weapons/Tiles/tile_0006.png using Guid(fe3357250feb0204cb1455f5fd339fe1) Importer(2089858483,b0f066a214c2f5e87bad3c948f4d605d) (ScriptedImporter) -> (artifact id: '8ae7b8169e8c5478cb6e22d39aa9ffca') in 0.0212099 seconds
Number of updated asset objects reloaded before import = 0Number of asset objects unloaded after import = 1

========================================================================
Received Import Request.
  Time since last request: 0.000040 seconds.
  path: Assets/3.UI/kenney_board-game-icons/PNG/Default (64px)/card_outline_lift.png
  artifactKey: Guid(9ffde1def0d1ecc469ac74aaf05b6539) Importer(2089858483,b0f066a214c2f5e87bad3c948f4d605d)
Start importing Assets/3.UI/kenney_board-game-icons/PNG/Default (64px)/card_outline_lift.png using Guid(9ffde1def0d1ecc469ac74aaf05b6539) Importer(2089858483,b0f066a214c2f5e87bad3c948f4d605d) (ScriptedImporter) -> (artifact id: 'fa1d034b75ac3ae31ad4b9919e6b876c') in 0.0324626 seconds
Number of updated asset objects reloaded before import = 0Number of asset objects unloaded after import = 1

========================================================================
Received Import Request.
  Time since last request: 0.000056 seconds.
  path: Assets/3.UI/kenney_board-game-icons/PNG/Default (64px)/tag_9.png
  artifactKey: Guid(5c701709017538e449e8c44aec5e314f) Importer(2089858483,b0f066a214c2f5e87bad3c948f4d605d)
Start importing Assets/3.UI/kenney_board-game-icons/PNG/Default (64px)/tag_9.png using Guid(5c701709017538e449e8c44aec5e314f) Importer(2089858483,b0f066a214c2f5e87bad3c948f4d605d) (ScriptedImporter) -> (artifact id: 'dadf23c114ce4bf08e09129e78a88997') in 0.034647 seconds
Number of updated asset objects reloaded before import = 0Number of asset objects unloaded after import = 1

========================================================================
Received Import Request.
  Time since last request: 0.000023 seconds.
  path: Assets/3.UI/kenney_desert-shooter-pack_1.0/Sounds/explosion-c.ogg
  artifactKey: Guid(9ed78fd4c397a8b458646a53a64387bd) Importer(2089858483,b0f066a214c2f5e87bad3c948f4d605d)
Start importing Assets/3.UI/kenney_desert-shooter-pack_1.0/Sounds/explosion-c.ogg using Guid(9ed78fd4c397a8b458646a53a64387bd) Importer(2089858483,b0f066a214c2f5e87bad3c948f4d605d) (ScriptedImporter) -> (artifact id: '8a0edcb4ccac4ec333d3a89bd1fab19d') in 0.0551835 seconds
Number of updated asset objects reloaded before import = 0Number of asset objects unloaded after import = 1

========================================================================
Received Import Request.
  Time since last request: 0.000034 seconds.
  path: Assets/3.UI/kenney_desert-shooter-pack_1.0/PNG/Interface/Tiles/tile_0031.png
  artifactKey: Guid(a02f6e5922b44d845b9fcd7a38059d94) Importer(2089858483,b0f066a214c2f5e87bad3c948f4d605d)
Start importing Assets/3.UI/kenney_desert-shooter-pack_1.0/PNG/Interface/Tiles/tile_0031.png using Guid(a02f6e5922b44d845b9fcd7a38059d94) Importer(2089858483,b0f066a214c2f5e87bad3c948f4d605d) (ScriptedImporter) -> (artifact id: '287bf65297bf05d0c0e7888e064e7767') in 0.0327867 seconds
Number of updated asset objects reloaded before import = 0Number of asset objects unloaded after import = 1

========================================================================
Received Import Request.
  Time since last request: 0.000044 seconds.
  path: Assets/3.UI/kenney_board-game-icons/PNG/Default (64px)/hourglass_top.png
  artifactKey: Guid(128856469dda9db4fbb5acf571188d4e) Importer(2089858483,b0f066a214c2f5e87bad3c948f4d605d)
Start importing Assets/3.UI/kenney_board-game-icons/PNG/Default (64px)/hourglass_top.png using Guid(128856469dda9db4fbb5acf571188d4e) Importer(2089858483,b0f066a214c2f5e87bad3c948f4d605d) (ScriptedImporter) -> (artifact id: '32552264fbcfa747285f74b479c1a772') in 0.021917 seconds
Number of updated asset objects reloaded before import = 0Number of asset objects unloaded after import = 1

========================================================================
Received Import Request.
  Time since last request: 0.000020 seconds.
  path: Assets/3.UI/kenney_board-game-icons/PNG/Double (128px)/card_target.png
  artifactKey: Guid(a2c5ea0d747813f498f06197352ba89c) Importer(2089858483,b0f066a214c2f5e87bad3c948f4d605d)
Start importing Assets/3.UI/kenney_board-game-icons/PNG/Double (128px)/card_target.png using Guid(a2c5ea0d747813f498f06197352ba89c) Importer(2089858483,b0f066a214c2f5e87bad3c948f4d605d) (ScriptedImporter) -> (artifact id: '1ef1009a3123253728283b05d5eb2446') in 0.0200576 seconds
Number of updated asset objects reloaded before import = 0Number of asset objects unloaded after import = 1

========================================================================
Received Import Request.
  Time since last request: 0.000055 seconds.
  path: Assets/3.UI/kenney_board-game-icons/Vector/Icons/tag_shield_3.svg
  artifactKey: Guid(a9d75c9170b6e5045acecd01515d1884) Importer(2089858483,b0f066a214c2f5e87bad3c948f4d605d)
Start importing Assets/3.UI/kenney_board-game-icons/Vector/Icons/tag_shield_3.svg using Guid(a9d75c9170b6e5045acecd01515d1884) Importer(2089858483,b0f066a214c2f5e87bad3c948f4d605d) (ScriptedImporter) -> (artifact id: 'a3d1d5d27e3ef9859a8b823e789555f7') in 0.0148105 seconds
Number of updated asset objects reloaded before import = 0Number of asset objects unloaded after import = 1

========================================================================
Received Import Request.
  Time since last request: 0.000049 seconds.
  path: Assets/3.UI/kenney_desert-shooter-pack_1.0/PNG/Interface/Tiles/tile_0168.png
  artifactKey: Guid(5ebb3982750e00c478ffb1bb84c0841a) Importer(2089858483,b0f066a214c2f5e87bad3c948f4d605d)
Start importing Assets/3.UI/kenney_desert-shooter-pack_1.0/PNG/Interface/Tiles/tile_0168.png using Guid(5ebb3982750e00c478ffb1bb84c0841a) Importer(2089858483,b0f066a214c2f5e87bad3c948f4d605d) (ScriptedImporter) -> (artifact id: '2e11ef0ad6358aec2ba59f242c71a524') in 0.0186263 seconds
Number of updated asset objects reloaded before import = 0Number of asset objects unloaded after import = 1

========================================================================
Received Import Request.
  Time since last request: 0.000051 seconds.
  path: Assets/3.UI/kenney_board-game-icons/PNG/Double (128px)/d12_number.png
  artifactKey: Guid(ab77697637e9719479b6323cd2462334) Importer(2089858483,b0f066a214c2f5e87bad3c948f4d605d)
Start importing Assets/3.UI/kenney_board-game-icons/PNG/Double (128px)/d12_number.png using Guid(ab77697637e9719479b6323cd2462334) Importer(2089858483,b0f066a214c2f5e87bad3c948f4d605d) (ScriptedImporter) -> (artifact id: '14e1677d927d7390f13ce487640b9271') in 0.0227039 seconds
Number of updated asset objects reloaded before import = 0Number of asset objects unloaded after import = 1

========================================================================
Received Import Request.
  Time since last request: 0.000042 seconds.
  path: Assets/3.UI/kenney_board-game-icons/PNG/Double (128px)/flag_triangle.png
  artifactKey: Guid(9845bbce5c397bd4babc060ee4909139) Importer(2089858483,b0f066a214c2f5e87bad3c948f4d605d)
Start importing Assets/3.UI/kenney_board-game-icons/PNG/Double (128px)/flag_triangle.png using Guid(9845bbce5c397bd4babc060ee4909139) Importer(2089858483,b0f066a214c2f5e87bad3c948f4d605d) (ScriptedImporter) -> (artifact id: '905d7ae812dbbb5c8dd398e1e1cfde7f') in 0.0168406 seconds
Number of updated asset objects reloaded before import = 0Number of asset objects unloaded after import = 1

========================================================================
Received Import Request.
  Time since last request: 0.000027 seconds.
  path: Assets/3.UI/kenney_board-game-icons/PNG/Double (128px)/award.png
  artifactKey: Guid(70173472bcce88e4b8bd9e2c7c56861e) Importer(2089858483,b0f066a214c2f5e87bad3c948f4d605d)
Start importing Assets/3.UI/kenney_board-game-icons/PNG/Double (128px)/award.png using Guid(70173472bcce88e4b8bd9e2c7c56861e) Importer(2089858483,b0f066a214c2f5e87bad3c948f4d605d) (ScriptedImporter) -> (artifact id: '72e902bf1960ec288c609104f979b84a') in 0.0180728 seconds
Number of updated asset objects reloaded before import = 0Number of asset objects unloaded after import = 1

========================================================================
Received Import Request.
  Time since last request: 0.000029 seconds.
  path: Assets/3.UI/kenney_board-game-icons/PNG/Double (128px)/timer_0.png
  artifactKey: Guid(f2474bfec98c7c64e9dc6722d6dde900) Importer(2089858483,b0f066a214c2f5e87bad3c948f4d605d)
Start importing Assets/3.UI/kenney_board-game-icons/PNG/Double (128px)/timer_0.png using Guid(f2474bfec98c7c64e9dc6722d6dde900) Importer(2089858483,b0f066a214c2f5e87bad3c948f4d605d) (ScriptedImporter) -> (artifact id: 'be4db054bc917577442cf849883848df') in 0.0188853 seconds
Number of updated asset objects reloaded before import = 0Number of asset objects unloaded after import = 1

========================================================================
Received Import Request.
  Time since last request: 0.000036 seconds.
  path: Assets/3.UI/kenney_board-game-icons/Vector/Icons/pawns.svg
  artifactKey: Guid(d173c573ced4dce44a8bb66a2fb34720) Importer(2089858483,b0f066a214c2f5e87bad3c948f4d605d)
Start importing Assets/3.UI/kenney_board-game-icons/Vector/Icons/pawns.svg using Guid(d173c573ced4dce44a8bb66a2fb34720) Importer(2089858483,b0f066a214c2f5e87bad3c948f4d605d) (ScriptedImporter) -> (artifact id: '0fe63177380034460566ff802df06652') in 0.0157044 seconds
Number of updated asset objects reloaded before import = 0Number of asset objects unloaded after import = 1

========================================================================
Received Import Request.
  Time since last request: 0.000030 seconds.
  path: Assets/3.UI/kenney_desert-shooter-pack_1.0/PNG/Tiles/Tiles/tile_0100.png
  artifactKey: Guid(724ebd1dc19c36e4a9f859d0eb138558) Importer(2089858483,b0f066a214c2f5e87bad3c948f4d605d)
Start importing Assets/3.UI/kenney_desert-shooter-pack_1.0/PNG/Tiles/Tiles/tile_0100.png using Guid(724ebd1dc19c36e4a9f859d0eb138558) Importer(2089858483,b0f066a214c2f5e87bad3c948f4d605d) (ScriptedImporter) -> (artifact id: '56ab23ae06082a494e91ba27e69d0605') in 0.0212849 seconds
Number of updated asset objects reloaded before import = 0Number of asset objects unloaded after import = 1

========================================================================
Received Import Request.
  Time since last request: 0.000024 seconds.
  path: Assets/3.UI/kenney_desert-shooter-pack_1.0/PNG/Tiles/Tiles/tile_0231.png
  artifactKey: Guid(06ac1818ae18e644eafd88fe74aa0778) Importer(2089858483,b0f066a214c2f5e87bad3c948f4d605d)
Start importing Assets/3.UI/kenney_desert-shooter-pack_1.0/PNG/Tiles/Tiles/tile_0231.png using Guid(06ac1818ae18e644eafd88fe74aa0778) Importer(2089858483,b0f066a214c2f5e87bad3c948f4d605d) (ScriptedImporter) -> (artifact id: 'ed62b501eb099dd769283586826451bd') in 0.0232709 seconds
Number of updated asset objects reloaded before import = 0Number of asset objects unloaded after import = 1

========================================================================
Received Import Request.
  Time since last request: 0.000029 seconds.
  path: Assets/3.UI/kenney_board-game-icons/Vector/Icons/cards_order.svg
  artifactKey: Guid(6d5a4324ea2ff9d45b9682839c190b6d) Importer(2089858483,b0f066a214c2f5e87bad3c948f4d605d)
Start importing Assets/3.UI/kenney_board-game-icons/Vector/Icons/cards_order.svg using Guid(6d5a4324ea2ff9d45b9682839c190b6d) Importer(2089858483,b0f066a214c2f5e87bad3c948f4d605d) (ScriptedImporter) -> (artifact id: 'a915738a95f61d2c603d245882262cee') in 0.0209787 seconds
Number of updated asset objects reloaded before import = 0Number of asset objects unloaded after import = 1

========================================================================
Received Import Request.
  Time since last request: 0.000103 seconds.
  path: Assets/3.UI/kenney_cursor-pixel-pack/Tiles/tile_0146.png
  artifactKey: Guid(3597f5ffffc378146a64b44f9842fecc) Importer(2089858483,b0f066a214c2f5e87bad3c948f4d605d)
Start importing Assets/3.UI/kenney_cursor-pixel-pack/Tiles/tile_0146.png using Guid(3597f5ffffc378146a64b44f9842fecc) Importer(2089858483,b0f066a214c2f5e87bad3c948f4d605d) (ScriptedImporter) -> (artifact id: 'ab365736d9429cb0769be7b4f13810eb') in 0.0203306 seconds
Number of updated asset objects reloaded before import = 0Number of asset objects unloaded after import = 1

========================================================================
Received Import Request.
  Time since last request: 0.000080 seconds.
  path: Assets/3.UI/kenney_board-game-icons/PNG/Default (64px)/puzzle.png
  artifactKey: Guid(be37ac442e8e5504a8837ff893d59aa2) Importer(2089858483,b0f066a214c2f5e87bad3c948f4d605d)
Start importing Assets/3.UI/kenney_board-game-icons/PNG/Default (64px)/puzzle.png using Guid(be37ac442e8e5504a8837ff893d59aa2) Importer(2089858483,b0f066a214c2f5e87bad3c948f4d605d) (ScriptedImporter) -> (artifact id: '823fbe41bbff0c977dc7b867c835e281') in 0.0181653 seconds
Number of updated asset objects reloaded before import = 0Number of asset objects unloaded after import = 1

========================================================================
Received Import Request.
  Time since last request: 0.000030 seconds.
  path: Assets/3.UI/kenney_desert-shooter-pack_1.0/PNG/Tiles/Tiles/tile_0174.png
  artifactKey: Guid(d65fbbeb7a0af2341bc11ad8d50aa2b3) Importer(2089858483,b0f066a214c2f5e87bad3c948f4d605d)
Start importing Assets/3.UI/kenney_desert-shooter-pack_1.0/PNG/Tiles/Tiles/tile_0174.png using Guid(d65fbbeb7a0af2341bc11ad8d50aa2b3) Importer(2089858483,b0f066a214c2f5e87bad3c948f4d605d) (ScriptedImporter) -> (artifact id: 'f62cee7b111ad8047229be1f86f527b1') in 0.0239032 seconds
Number of updated asset objects reloaded before import = 0Number of asset objects unloaded after import = 1

========================================================================
Received Import Request.
  Time since last request: 0.000034 seconds.
  path: Assets/3.UI/kenney_desert-shooter-pack_1.0/PNG/Interface/Tiles/tile_0013.png
  artifactKey: Guid(4c799a7f0f5fcc24a98d5b24b8974520) Importer(2089858483,b0f066a214c2f5e87bad3c948f4d605d)
Start importing Assets/3.UI/kenney_desert-shooter-pack_1.0/PNG/Interface/Tiles/tile_0013.png using Guid(4c799a7f0f5fcc24a98d5b24b8974520) Importer(2089858483,b0f066a214c2f5e87bad3c948f4d605d) (ScriptedImporter) -> (artifact id: '4528d1e28ff5a2e18f851a85059d46e6') in 0.0217612 seconds
Number of updated asset objects reloaded before import = 0Number of asset objects unloaded after import = 1

========================================================================
Received Import Request.
  Time since last request: 0.000032 seconds.
  path: Assets/3.UI/kenney_desert-shooter-pack_1.0/PNG/Tiles/Tiles/tile_0006.png
  artifactKey: Guid(0b7d8c747a97c3747bf17988929ea3ea) Importer(2089858483,b0f066a214c2f5e87bad3c948f4d605d)
Start importing Assets/3.UI/kenney_desert-shooter-pack_1.0/PNG/Tiles/Tiles/tile_0006.png using Guid(0b7d8c747a97c3747bf17988929ea3ea) Importer(2089858483,b0f066a214c2f5e87bad3c948f4d605d) (ScriptedImporter) -> (artifact id: 'e0623f2bbe4d9739d7ebe09f38b86751') in 0.021219 seconds
Number of updated asset objects reloaded before import = 0Number of asset objects unloaded after import = 1

========================================================================
Received Import Request.
  Time since last request: 0.000018 seconds.
  path: Assets/3.UI/kenney_cursor-pixel-pack/Tiles/tile_0042.png
  artifactKey: Guid(9d06134bd4b25ca42acbb3c5dc874503) Importer(2089858483,b0f066a214c2f5e87bad3c948f4d605d)
Start importing Assets/3.UI/kenney_cursor-pixel-pack/Tiles/tile_0042.png using Guid(9d06134bd4b25ca42acbb3c5dc874503) Importer(2089858483,b0f066a214c2f5e87bad3c948f4d605d) (ScriptedImporter) -> (artifact id: 'cd912daf51f65369ddd92a3df1cdc532') in 0.0180516 seconds
Number of updated asset objects reloaded before import = 0Number of asset objects unloaded after import = 1

========================================================================
Received Import Request.
  Time since last request: 0.000028 seconds.
  path: Assets/3.UI/kenney_cursor-pixel-pack/Tiles/tile_0141.png
  artifactKey: Guid(cf9454eea5f24254fbe201742a286a31) Importer(2089858483,b0f066a214c2f5e87bad3c948f4d605d)
Start importing Assets/3.UI/kenney_cursor-pixel-pack/Tiles/tile_0141.png using Guid(cf9454eea5f24254fbe201742a286a31) Importer(2089858483,b0f066a214c2f5e87bad3c948f4d605d) (ScriptedImporter) -> (artifact id: '03578043e7360c517c8d0768df45a7b6') in 0.0230852 seconds
Number of updated asset objects reloaded before import = 0Number of asset objects unloaded after import = 1

========================================================================
Received Import Request.
  Time since last request: 0.000036 seconds.
  path: Assets/3.UI/kenney_desert-shooter-pack_1.0/PNG/Enemies/Tiles/tile_0014.png
  artifactKey: Guid(07c78ee73e13b52468e17cce5d4b8443) Importer(2089858483,b0f066a214c2f5e87bad3c948f4d605d)
Start importing Assets/3.UI/kenney_desert-shooter-pack_1.0/PNG/Enemies/Tiles/tile_0014.png using Guid(07c78ee73e13b52468e17cce5d4b8443) Importer(2089858483,b0f066a214c2f5e87bad3c948f4d605d) (ScriptedImporter) -> (artifact id: 'cd3ca88a043c6bc50dedfda59530e6a1') in 0.0234648 seconds
Number of updated asset objects reloaded before import = 0Number of asset objects unloaded after import = 1

========================================================================
Received Import Request.
  Time since last request: 0.000018 seconds.
  path: Assets/3.UI/kenney_desert-shooter-pack_1.0/PNG/Interface/Tilemap
  artifactKey: Guid(e3d85f7e6ffb0504c9a9c29750de550c) Importer(2089858483,b0f066a214c2f5e87bad3c948f4d605d)
Start importing Assets/3.UI/kenney_desert-shooter-pack_1.0/PNG/Interface/Tilemap using Guid(e3d85f7e6ffb0504c9a9c29750de550c) Importer(2089858483,b0f066a214c2f5e87bad3c948f4d605d) (ScriptedImporter) -> (artifact id: '76cc65ff9336469843be19fca300d6a5') in 0.0123247 seconds
Number of updated asset objects reloaded before import = 0Number of asset objects unloaded after import = 1

========================================================================
Received Import Request.
  Time since last request: 0.000033 seconds.
  path: Assets/3.UI/kenney_desert-shooter-pack_1.0/PNG/Tiles/Tiles/tile_0003.png
  artifactKey: Guid(631f27b1fe90a124c9d6de9fdf61bea7) Importer(2089858483,b0f066a214c2f5e87bad3c948f4d605d)
Start importing Assets/3.UI/kenney_desert-shooter-pack_1.0/PNG/Tiles/Tiles/tile_0003.png using Guid(631f27b1fe90a124c9d6de9fdf61bea7) Importer(2089858483,b0f066a214c2f5e87bad3c948f4d605d) (ScriptedImporter) -> (artifact id: 'f519f175744ea0b55f5563268b6b4a3a') in 0.083321 seconds
Number of updated asset objects reloaded before import = 0Number of asset objects unloaded after import = 1

========================================================================
Received Import Request.
  Time since last request: 0.000034 seconds.
  path: Assets/3.UI/kenney_desert-shooter-pack_1.0/PNG/Tiles/Tiles/tile_0196.png
  artifactKey: Guid(330d54dc0ae4e50468275e42a93fe42c) Importer(2089858483,b0f066a214c2f5e87bad3c948f4d605d)
Start importing Assets/3.UI/kenney_desert-shooter-pack_1.0/PNG/Tiles/Tiles/tile_0196.png using Guid(330d54dc0ae4e50468275e42a93fe42c) Importer(2089858483,b0f066a214c2f5e87bad3c948f4d605d) (ScriptedImporter) -> (artifact id: 'd04f9dcfa8939b68bf52c766a1b07cc9') in 0.0244513 seconds
Number of updated asset objects reloaded before import = 0Number of asset objects unloaded after import = 1

========================================================================
Received Import Request.
  Time since last request: 0.000027 seconds.
  path: Assets/3.UI/kenney_board-game-icons/Vector/Icons/suit_clubs.svg
  artifactKey: Guid(c948e60c1508e0c47bfeecb7b3dee793) Importer(2089858483,b0f066a214c2f5e87bad3c948f4d605d)
Start importing Assets/3.UI/kenney_board-game-icons/Vector/Icons/suit_clubs.svg using Guid(c948e60c1508e0c47bfeecb7b3dee793) Importer(2089858483,b0f066a214c2f5e87bad3c948f4d605d) (ScriptedImporter) -> (artifact id: 'e886a4e8396b9b59cf60cbb91f7fc522') in 0.0183619 seconds
Number of updated asset objects reloaded before import = 0Number of asset objects unloaded after import = 1

========================================================================
Received Import Request.
  Time since last request: 0.000024 seconds.
  path: Assets/3.UI/kenney_board-game-icons/PNG/Default (64px)/dollar.png
  artifactKey: Guid(0eb94b76942095e498f1ae6111c0c5b7) Importer(2089858483,b0f066a214c2f5e87bad3c948f4d605d)
Start importing Assets/3.UI/kenney_board-game-icons/PNG/Default (64px)/dollar.png using Guid(0eb94b76942095e498f1ae6111c0c5b7) Importer(2089858483,b0f066a214c2f5e87bad3c948f4d605d) (ScriptedImporter) -> (artifact id: '4935f00543821054052b938d9fb6be12') in 0.0178406 seconds
Number of updated asset objects reloaded before import = 0Number of asset objects unloaded after import = 1

========================================================================
Received Import Request.
  Time since last request: 0.000026 seconds.
  path: Assets/3.UI/kenney_board-game-icons/PNG/Double (128px)/token_remove.png
  artifactKey: Guid(8fb8e4d305fef9f4183d3b2c9423d6bd) Importer(2089858483,b0f066a214c2f5e87bad3c948f4d605d)
Start importing Assets/3.UI/kenney_board-game-icons/PNG/Double (128px)/token_remove.png using Guid(8fb8e4d305fef9f4183d3b2c9423d6bd) Importer(2089858483,b0f066a214c2f5e87bad3c948f4d605d) (ScriptedImporter) -> (artifact id: '9985ed35d02833beb1cba5915ca2401d') in 0.0188937 seconds
Number of updated asset objects reloaded before import = 0Number of asset objects unloaded after import = 1

========================================================================
Received Import Request.
  Time since last request: 0.000033 seconds.
  path: Assets/3.UI/kenney_board-game-icons/PNG/Double (128px)/direction_e.png
  artifactKey: Guid(cbfbd40610f55b041abce063b06dd379) Importer(2089858483,b0f066a214c2f5e87bad3c948f4d605d)
Start importing Assets/3.UI/kenney_board-game-icons/PNG/Double (128px)/direction_e.png using Guid(cbfbd40610f55b041abce063b06dd379) Importer(2089858483,b0f066a214c2f5e87bad3c948f4d605d) (ScriptedImporter) -> (artifact id: '69538fe29442f792e9a23977b2894da5') in 0.0221863 seconds
Number of updated asset objects reloaded before import = 0Number of asset objects unloaded after import = 1

========================================================================
Received Import Request.
  Time since last request: 0.000038 seconds.
  path: Assets/3.UI/kenney_desert-shooter-pack_1.0/PNG/Tiles/Tiles/tile_0169.png
  artifactKey: Guid(acde116af9a33c447a1119cc726f3933) Importer(2089858483,b0f066a214c2f5e87bad3c948f4d605d)
Start importing Assets/3.UI/kenney_desert-shooter-pack_1.0/PNG/Tiles/Tiles/tile_0169.png using Guid(acde116af9a33c447a1119cc726f3933) Importer(2089858483,b0f066a214c2f5e87bad3c948f4d605d) (ScriptedImporter) -> (artifact id: '7ff35b464f9ae8fb27d74ab771b197dc') in 0.0210477 seconds
Number of updated asset objects reloaded before import = 0Number of asset objects unloaded after import = 1

========================================================================
Received Import Request.
  Time since last request: 0.000016 seconds.
  path: Assets/3.UI/kenney_desert-shooter-pack_1.0/PNG/Tiles/Tiles/tile_0147.png
  artifactKey: Guid(88cd2f2aef26b4b4cbafa724fd379a3a) Importer(2089858483,b0f066a214c2f5e87bad3c948f4d605d)
Start importing Assets/3.UI/kenney_desert-shooter-pack_1.0/PNG/Tiles/Tiles/tile_0147.png using Guid(88cd2f2aef26b4b4cbafa724fd379a3a) Importer(2089858483,b0f066a214c2f5e87bad3c948f4d605d) (ScriptedImporter) -> (artifact id: '55f75e89f455678ef7c393019f8bebbc') in 0.0183281 seconds
Number of updated asset objects reloaded before import = 0Number of asset objects unloaded after import = 1

========================================================================
Received Import Request.
  Time since last request: 0.000174 seconds.
  path: Assets/3.UI/kenney_board-game-icons/PNG/Default (64px)/card_outline_remove.png
  artifactKey: Guid(d851a1b8a4449894e832877defd1a7cc) Importer(2089858483,b0f066a214c2f5e87bad3c948f4d605d)
Start importing Assets/3.UI/kenney_board-game-icons/PNG/Default (64px)/card_outline_remove.png using Guid(d851a1b8a4449894e832877defd1a7cc) Importer(2089858483,b0f066a214c2f5e87bad3c948f4d605d) (ScriptedImporter) -> (artifact id: 'addf3b7cbea337ce97d8ede339b82283') in 0.0214533 seconds
Number of updated asset objects reloaded before import = 0Number of asset objects unloaded after import = 1

========================================================================
Received Import Request.
  Time since last request: 0.000024 seconds.
  path: Assets/3.UI/kenney_desert-shooter-pack_1.0/PNG/Weapons/Tiles/tile_0036.png
  artifactKey: Guid(9a7ef3712df5c344896b51177af04a1b) Importer(2089858483,b0f066a214c2f5e87bad3c948f4d605d)
Start importing Assets/3.UI/kenney_desert-shooter-pack_1.0/PNG/Weapons/Tiles/tile_0036.png using Guid(9a7ef3712df5c344896b51177af04a1b) Importer(2089858483,b0f066a214c2f5e87bad3c948f4d605d) (ScriptedImporter) -> (artifact id: 'ac6338a4c6b48eeda5dd1df8ed8f87ac') in 0.0215606 seconds
Number of updated asset objects reloaded before import = 0Number of asset objects unloaded after import = 1

========================================================================
Received Import Request.
  Time since last request: 0.000044 seconds.
  path: Assets/3.UI/kenney_board-game-icons/PNG/Default (64px)/d10_outline.png
  artifactKey: Guid(c6b9aa1c728506b4996afae97225f78a) Importer(2089858483,b0f066a214c2f5e87bad3c948f4d605d)
Start importing Assets/3.UI/kenney_board-game-icons/PNG/Default (64px)/d10_outline.png using Guid(c6b9aa1c728506b4996afae97225f78a) Importer(2089858483,b0f066a214c2f5e87bad3c948f4d605d) (ScriptedImporter) -> (artifact id: '618994032b821aaeedbaf9fe87b1c2e9') in 0.0257771 seconds
Number of updated asset objects reloaded before import = 0Number of asset objects unloaded after import = 1

========================================================================
Received Import Request.
  Time since last request: 0.000017 seconds.
  path: Assets/3.UI/kenney_board-game-icons/Vector/Icons/structure_house.svg
  artifactKey: Guid(77cc61335ff58c449afe82028923da10) Importer(2089858483,b0f066a214c2f5e87bad3c948f4d605d)
Start importing Assets/3.UI/kenney_board-game-icons/Vector/Icons/structure_house.svg using Guid(77cc61335ff58c449afe82028923da10) Importer(2089858483,b0f066a214c2f5e87bad3c948f4d605d) (ScriptedImporter) -> (artifact id: 'b57533c56c8e007db0a88d187d346b7e') in 0.0168986 seconds
Number of updated asset objects reloaded before import = 0Number of asset objects unloaded after import = 1

========================================================================
Received Import Request.
  Time since last request: 0.000025 seconds.
  path: Assets/3.UI/kenney_board-game-icons/PNG/Double (128px)/d8_outline_number.png
  artifactKey: Guid(a6b5ed4edda5d96468f869380dd05fe7) Importer(2089858483,b0f066a214c2f5e87bad3c948f4d605d)
Start importing Assets/3.UI/kenney_board-game-icons/PNG/Double (128px)/d8_outline_number.png using Guid(a6b5ed4edda5d96468f869380dd05fe7) Importer(2089858483,b0f066a214c2f5e87bad3c948f4d605d) (ScriptedImporter) -> (artifact id: 'af290ab02c0bca28437c8fd67178ab56') in 0.0231175 seconds
Number of updated asset objects reloaded before import = 0Number of asset objects unloaded after import = 1

========================================================================
Received Import Request.
  Time since last request: 0.000023 seconds.
  path: Assets/3.UI/kenney_cursor-pixel-pack/Tilemap/tilemap.png
  artifactKey: Guid(9874c12fa86fe8542b280abf754bc87b) Importer(2089858483,b0f066a214c2f5e87bad3c948f4d605d)
Start importing Assets/3.UI/kenney_cursor-pixel-pack/Tilemap/tilemap.png using Guid(9874c12fa86fe8542b280abf754bc87b) Importer(2089858483,b0f066a214c2f5e87bad3c948f4d605d) (ScriptedImporter) -> (artifact id: 'bc2baafee1819852b3baa6a8dc1735e1') in 0.0189322 seconds
Number of updated asset objects reloaded before import = 0Number of asset objects unloaded after import = 1

========================================================================
Received Import Request.
  Time since last request: 0.000031 seconds.
  path: Assets/3.UI/kenney_cursor-pixel-pack/Tiles/tile_0022.png
  artifactKey: Guid(442536683197cbd41b77e0349414a11c) Importer(2089858483,b0f066a214c2f5e87bad3c948f4d605d)
Start importing Assets/3.UI/kenney_cursor-pixel-pack/Tiles/tile_0022.png using Guid(442536683197cbd41b77e0349414a11c) Importer(2089858483,b0f066a214c2f5e87bad3c948f4d605d) (ScriptedImporter) -> (artifact id: 'dc1da713064796c59093b2a2f410ae52') in 0.0208979 seconds
Number of updated asset objects reloaded before import = 0Number of asset objects unloaded after import = 1

========================================================================
Received Import Request.
  Time since last request: 0.000022 seconds.
  path: Assets/3.UI/kenney_desert-shooter-pack_1.0/PNG/Weapons/Tiles/tile_0018.png
  artifactKey: Guid(eafcc3298caeed4488ea2212c112a3df) Importer(2089858483,b0f066a214c2f5e87bad3c948f4d605d)
Start importing Assets/3.UI/kenney_desert-shooter-pack_1.0/PNG/Weapons/Tiles/tile_0018.png using Guid(eafcc3298caeed4488ea2212c112a3df) Importer(2089858483,b0f066a214c2f5e87bad3c948f4d605d) (ScriptedImporter) -> (artifact id: 'e269f9b4cd0c67d2040ca33ce0a676bb') in 0.0228042 seconds
Number of updated asset objects reloaded before import = 0Number of asset objects unloaded after import = 1

========================================================================
Received Import Request.
  Time since last request: 0.000085 seconds.
  path: Assets/3.UI/kenney_cursor-pixel-pack/Tiles/tile_0194.png
  artifactKey: Guid(005ef3050fe4382488673ad31e9b2604) Importer(2089858483,b0f066a214c2f5e87bad3c948f4d605d)
Start importing Assets/3.UI/kenney_cursor-pixel-pack/Tiles/tile_0194.png using Guid(005ef3050fe4382488673ad31e9b2604) Importer(2089858483,b0f066a214c2f5e87bad3c948f4d605d) (ScriptedImporter) -> (artifact id: 'c0a862521d6e0abb7a864827bb34d928') in 0.0259415 seconds
Number of updated asset objects reloaded before import = 0Number of asset objects unloaded after import = 1

========================================================================
Received Import Request.
  Time since last request: 0.000020 seconds.
  path: Assets/3.UI/kenney_board-game-icons/Vector/Icons/timer_CCW_75.svg
  artifactKey: Guid(1aa2cbff3da2b944daa099203beb6ca6) Importer(2089858483,b0f066a214c2f5e87bad3c948f4d605d)
Start importing Assets/3.UI/kenney_board-game-icons/Vector/Icons/timer_CCW_75.svg using Guid(1aa2cbff3da2b944daa099203beb6ca6) Importer(2089858483,b0f066a214c2f5e87bad3c948f4d605d) (ScriptedImporter) -> (artifact id: '6ba396c800692a06e20353b06da4385d') in 0.0173385 seconds
Number of updated asset objects reloaded before import = 0Number of asset objects unloaded after import = 1

========================================================================
Received Import Request.
  Time since last request: 0.000032 seconds.
  path: Assets/3.UI/kenney_board-game-icons/Vector/Icons/tag_shield_4.svg
  artifactKey: Guid(65b2add9873098b4183167852b857c70) Importer(2089858483,b0f066a214c2f5e87bad3c948f4d605d)
Start importing Assets/3.UI/kenney_board-game-icons/Vector/Icons/tag_shield_4.svg using Guid(65b2add9873098b4183167852b857c70) Importer(2089858483,b0f066a214c2f5e87bad3c948f4d605d) (ScriptedImporter) -> (artifact id: '18c3baa466d946a3f32a54578ff5a7be') in 0.018246 seconds
Number of updated asset objects reloaded before import = 0Number of asset objects unloaded after import = 1

========================================================================
Received Import Request.
  Time since last request: 0.000020 seconds.
  path: Assets/3.UI/kenney_desert-shooter-pack_1.0/PNG/Tiles/Tiles/tile_0207.png
  artifactKey: Guid(0f07eb015cb3dd54bbf568693c7e2d46) Importer(2089858483,b0f066a214c2f5e87bad3c948f4d605d)
Start importing Assets/3.UI/kenney_desert-shooter-pack_1.0/PNG/Tiles/Tiles/tile_0207.png using Guid(0f07eb015cb3dd54bbf568693c7e2d46) Importer(2089858483,b0f066a214c2f5e87bad3c948f4d605d) (ScriptedImporter) -> (artifact id: '9d36abda087c7e308355cd07dc45b107') in 0.0191836 seconds
Number of updated asset objects reloaded before import = 0Number of asset objects unloaded after import = 1

========================================================================
Received Import Request.
  Time since last request: 0.000034 seconds.
  path: Assets/3.UI/kenney_board-game-icons/PNG/Default (64px)/token_subtract.png
  artifactKey: Guid(fbdb1e7d89da35e44934c87d60d92b83) Importer(2089858483,b0f066a214c2f5e87bad3c948f4d605d)
Start importing Assets/3.UI/kenney_board-game-icons/PNG/Default (64px)/token_subtract.png using Guid(fbdb1e7d89da35e44934c87d60d92b83) Importer(2089858483,b0f066a214c2f5e87bad3c948f4d605d) (ScriptedImporter) -> (artifact id: '1532aeddad1ff2c371c542788dc7b5d1') in 0.0233558 seconds
Number of updated asset objects reloaded before import = 0Number of asset objects unloaded after import = 1

========================================================================
Received Import Request.
  Time since last request: 0.000063 seconds.
  path: Assets/3.UI/kenney_desert-shooter-pack_1.0/PNG/Tiles/Tiles/tile_0139.png
  artifactKey: Guid(f1a2e4195d1a5424ea8b6b9ddf01e250) Importer(2089858483,b0f066a214c2f5e87bad3c948f4d605d)
Start importing Assets/3.UI/kenney_desert-shooter-pack_1.0/PNG/Tiles/Tiles/tile_0139.png using Guid(f1a2e4195d1a5424ea8b6b9ddf01e250) Importer(2089858483,b0f066a214c2f5e87bad3c948f4d605d) (ScriptedImporter) -> (artifact id: 'aa848316a0ace500ea9590ff8a31d14b') in 0.022243 seconds
Number of updated asset objects reloaded before import = 0Number of asset objects unloaded after import = 1

========================================================================
Received Import Request.
  Time since last request: 0.000041 seconds.
  path: Assets/3.UI/kenney_desert-shooter-pack_1.0/PNG/Tiles/Tiles/tile_0053.png
  artifactKey: Guid(c947353c63aa8f647965ccb81bcd750c) Importer(2089858483,b0f066a214c2f5e87bad3c948f4d605d)
Start importing Assets/3.UI/kenney_desert-shooter-pack_1.0/PNG/Tiles/Tiles/tile_0053.png using Guid(c947353c63aa8f647965ccb81bcd750c) Importer(2089858483,b0f066a214c2f5e87bad3c948f4d605d) (ScriptedImporter) -> (artifact id: '5eb29cdd8f0b514dc0be3658ed311cf2') in 0.0261475 seconds
Number of updated asset objects reloaded before import = 0Number of asset objects unloaded after import = 1

========================================================================
Received Import Request.
  Time since last request: 0.000021 seconds.
  path: Assets/3.UI/kenney_cursor-pixel-pack/Tiles/tile_0080.png
  artifactKey: Guid(23e978e7159115d4abd6a8b09fac74b5) Importer(2089858483,b0f066a214c2f5e87bad3c948f4d605d)
Start importing Assets/3.UI/kenney_cursor-pixel-pack/Tiles/tile_0080.png using Guid(23e978e7159115d4abd6a8b09fac74b5) Importer(2089858483,b0f066a214c2f5e87bad3c948f4d605d) (ScriptedImporter) -> (artifact id: 'baa40b7505abb6d7c3518d92b5d83db5') in 0.0231633 seconds
Number of updated asset objects reloaded before import = 0Number of asset objects unloaded after import = 1

========================================================================
Received Import Request.
  Time since last request: 0.000023 seconds.
  path: Assets/3.UI/kenney_board-game-icons/PNG/Double (128px)/d6_outline.png
  artifactKey: Guid(945f6ab4aa9371c41b6c9523f35d3935) Importer(2089858483,b0f066a214c2f5e87bad3c948f4d605d)
Start importing Assets/3.UI/kenney_board-game-icons/PNG/Double (128px)/d6_outline.png using Guid(945f6ab4aa9371c41b6c9523f35d3935) Importer(2089858483,b0f066a214c2f5e87bad3c948f4d605d) (ScriptedImporter) -> (artifact id: 'f34033431c801bc8fc03b9ab325909da') in 0.020699 seconds
Number of updated asset objects reloaded before import = 0Number of asset objects unloaded after import = 1

========================================================================
Received Import Request.
  Time since last request: 0.000031 seconds.
  path: Assets/3.UI/kenney_desert-shooter-pack_1.0/Visit Patreon.url
  artifactKey: Guid(beef5118db505234286fe66e199a1272) Importer(2089858483,b0f066a214c2f5e87bad3c948f4d605d)
Start importing Assets/3.UI/kenney_desert-shooter-pack_1.0/Visit Patreon.url using Guid(beef5118db505234286fe66e199a1272) Importer(2089858483,b0f066a214c2f5e87bad3c948f4d605d) (ScriptedImporter) -> (artifact id: '872e2d4127b8064715ad230d6481065f') in 0.0122344 seconds
Number of updated asset objects reloaded before import = 0Number of asset objects unloaded after import = 1

========================================================================
Received Import Request.
  Time since last request: 0.000049 seconds.
  path: Assets/3.UI/kenney_board-game-icons/PNG/Double (128px)/tag_shield_5.png
  artifactKey: Guid(003fff3f7e56c7b41a79de5939e345d2) Importer(2089858483,b0f066a214c2f5e87bad3c948f4d605d)
Start importing Assets/3.UI/kenney_board-game-icons/PNG/Double (128px)/tag_shield_5.png using Guid(003fff3f7e56c7b41a79de5939e345d2) Importer(2089858483,b0f066a214c2f5e87bad3c948f4d605d) (ScriptedImporter) -> (artifact id: '81514e8c4c58ab22e1dbf95d729ee535') in 0.0172198 seconds
Number of updated asset objects reloaded before import = 0Number of asset objects unloaded after import = 1

========================================================================
Received Import Request.
  Time since last request: 0.000024 seconds.
  path: Assets/3.UI/kenney_board-game-icons/PNG/Double (128px)/token_subtract.png
  artifactKey: Guid(c2ea6e63bcc863843ab6dbd1346ba801) Importer(2089858483,b0f066a214c2f5e87bad3c948f4d605d)
Start importing Assets/3.UI/kenney_board-game-icons/PNG/Double (128px)/token_subtract.png using Guid(c2ea6e63bcc863843ab6dbd1346ba801) Importer(2089858483,b0f066a214c2f5e87bad3c948f4d605d) (ScriptedImporter) -> (artifact id: '8e07f84c3758c6109835897c6d1f843e') in 0.0209631 seconds
Number of updated asset objects reloaded before import = 0Number of asset objects unloaded after import = 1

========================================================================
Received Import Request.
  Time since last request: 0.000027 seconds.
  path: Assets/3.UI/kenney_desert-shooter-pack_1.0/PNG/Weapons/Tiles/tile_0019.png
  artifactKey: Guid(e546b60b3a0412f4c9222492fb290a8a) Importer(2089858483,b0f066a214c2f5e87bad3c948f4d605d)
Start importing Assets/3.UI/kenney_desert-shooter-pack_1.0/PNG/Weapons/Tiles/tile_0019.png using Guid(e546b60b3a0412f4c9222492fb290a8a) Importer(2089858483,b0f066a214c2f5e87bad3c948f4d605d) (ScriptedImporter) -> (artifact id: '4b0fb4765d0ef53abaffd2a6b5c5ce61') in 0.0240613 seconds
Number of updated asset objects reloaded before import = 0Number of asset objects unloaded after import = 1

========================================================================
Received Import Request.
  Time since last request: 0.000018 seconds.
  path: Assets/3.UI/kenney_board-game-icons/PNG/Double (128px)/tag_shield_9.png
  artifactKey: Guid(793286c6447996849bbaae8a4e402b8c) Importer(2089858483,b0f066a214c2f5e87bad3c948f4d605d)
Start importing Assets/3.UI/kenney_board-game-icons/PNG/Double (128px)/tag_shield_9.png using Guid(793286c6447996849bbaae8a4e402b8c) Importer(2089858483,b0f066a214c2f5e87bad3c948f4d605d) (ScriptedImporter) -> (artifact id: 'bc7a798d5abd0b78d8c16a9d0bdcf7ad') in 0.019007 seconds
Number of updated asset objects reloaded before import = 0Number of asset objects unloaded after import = 1

========================================================================
Received Import Request.
  Time since last request: 0.000031 seconds.
  path: Assets/3.UI/kenney_desert-shooter-pack_1.0/Sounds/coin-d.ogg
  artifactKey: Guid(95c22b19c0fc4d14093bf5b8775d2f1b) Importer(2089858483,b0f066a214c2f5e87bad3c948f4d605d)
Start importing Assets/3.UI/kenney_desert-shooter-pack_1.0/Sounds/coin-d.ogg using Guid(95c22b19c0fc4d14093bf5b8775d2f1b) Importer(2089858483,b0f066a214c2f5e87bad3c948f4d605d) (ScriptedImporter) -> (artifact id: 'a463b14bdbed14dc018a407416ab8bb0') in 0.031773 seconds
Number of updated asset objects reloaded before import = 0Number of asset objects unloaded after import = 1

========================================================================
Received Import Request.
  Time since last request: 0.000016 seconds.
  path: Assets/3.UI/kenney_board-game-icons/Vector/Icons/arrow_right_curve.svg
  artifactKey: Guid(0e57a9cf85ca6344d82134181b2e6654) Importer(2089858483,b0f066a214c2f5e87bad3c948f4d605d)
Start importing Assets/3.UI/kenney_board-game-icons/Vector/Icons/arrow_right_curve.svg using Guid(0e57a9cf85ca6344d82134181b2e6654) Importer(2089858483,b0f066a214c2f5e87bad3c948f4d605d) (ScriptedImporter) -> (artifact id: 'f4c76cd05a2d111da4c17364a0d7a7ac') in 0.0209988 seconds
Number of updated asset objects reloaded before import = 0Number of asset objects unloaded after import = 1

========================================================================
Received Import Request.
  Time since last request: 0.000021 seconds.
  path: Assets/3.UI/kenney_board-game-icons/Vector/Icons/pawn_clockwise.svg
  artifactKey: Guid(d56a9628a06af64458964bb48896ba21) Importer(2089858483,b0f066a214c2f5e87bad3c948f4d605d)
Start importing Assets/3.UI/kenney_board-game-icons/Vector/Icons/pawn_clockwise.svg using Guid(d56a9628a06af64458964bb48896ba21) Importer(2089858483,b0f066a214c2f5e87bad3c948f4d605d) (ScriptedImporter) -> (artifact id: 'bd7b8653bdabc80176b7a9b30f8e0740') in 0.0223147 seconds
Number of updated asset objects reloaded before import = 0Number of asset objects unloaded after import = 1

========================================================================
Received Import Request.
  Time since last request: 0.000021 seconds.
  path: Assets/3.UI/kenney_board-game-icons/Vector/Icons/tag_8.svg
  artifactKey: Guid(14d83c9de7dd03c4a94584b7c4b5782c) Importer(2089858483,b0f066a214c2f5e87bad3c948f4d605d)
Start importing Assets/3.UI/kenney_board-game-icons/Vector/Icons/tag_8.svg using Guid(14d83c9de7dd03c4a94584b7c4b5782c) Importer(2089858483,b0f066a214c2f5e87bad3c948f4d605d) (ScriptedImporter) -> (artifact id: '63fa54338042b13858ae1a615adcb890') in 0.0204142 seconds
Number of updated asset objects reloaded before import = 0Number of asset objects unloaded after import = 1

========================================================================
Received Import Request.
  Time since last request: 0.000039 seconds.
  path: Assets/3.UI/kenney_cursor-pixel-pack/Tiles/tile_0052.png
  artifactKey: Guid(e1695709231b88648a486f1d1e7a3ac8) Importer(2089858483,b0f066a214c2f5e87bad3c948f4d605d)
Start importing Assets/3.UI/kenney_cursor-pixel-pack/Tiles/tile_0052.png using Guid(e1695709231b88648a486f1d1e7a3ac8) Importer(2089858483,b0f066a214c2f5e87bad3c948f4d605d) (ScriptedImporter) -> (artifact id: 'd8830c1f44a0a2035406edbac082eeb5') in 0.0207516 seconds
Number of updated asset objects reloaded before import = 0Number of asset objects unloaded after import = 1

========================================================================
Received Import Request.
  Time since last request: 0.000017 seconds.
  path: Assets/3.UI/kenney_board-game-icons/PNG/Double (128px)/arrow_right.png
  artifactKey: Guid(cfca215841919834f8f9b2ff29df652f) Importer(2089858483,b0f066a214c2f5e87bad3c948f4d605d)
Start importing Assets/3.UI/kenney_board-game-icons/PNG/Double (128px)/arrow_right.png using Guid(cfca215841919834f8f9b2ff29df652f) Importer(2089858483,b0f066a214c2f5e87bad3c948f4d605d) (ScriptedImporter) -> (artifact id: '5bf69b64857bb92fcff1aa5e9c7abed5') in 0.0252403 seconds
Number of updated asset objects reloaded before import = 0Number of asset objects unloaded after import = 1

========================================================================
Received Import Request.
  Time since last request: 0.000026 seconds.
  path: Assets/3.UI/kenney_cursor-pixel-pack/Tiles/tile_0099.png
  artifactKey: Guid(dbc7dde3210507a48875636be51d7ea1) Importer(2089858483,b0f066a214c2f5e87bad3c948f4d605d)
Start importing Assets/3.UI/kenney_cursor-pixel-pack/Tiles/tile_0099.png using Guid(dbc7dde3210507a48875636be51d7ea1) Importer(2089858483,b0f066a214c2f5e87bad3c948f4d605d) (ScriptedImporter) -> (artifact id: '3aee6128417d167e7e739b3f4775197b') in 0.0194236 seconds
Number of updated asset objects reloaded before import = 0Number of asset objects unloaded after import = 1

========================================================================
Received Import Request.
  Time since last request: 0.000059 seconds.
  path: Assets/3.UI/kenney_board-game-icons/PNG/Default (64px)/direction_s.png
  artifactKey: Guid(03100128ef258fd4092e6910a09c14fd) Importer(2089858483,b0f066a214c2f5e87bad3c948f4d605d)
Start importing Assets/3.UI/kenney_board-game-icons/PNG/Default (64px)/direction_s.png using Guid(03100128ef258fd4092e6910a09c14fd) Importer(2089858483,b0f066a214c2f5e87bad3c948f4d605d) (ScriptedImporter) -> (artifact id: '4e0f45a54b4df1765cebcfc42b31e56a') in 0.0247782 seconds
Number of updated asset objects reloaded before import = 0Number of asset objects unloaded after import = 1

========================================================================
Received Import Request.
  Time since last request: 0.000027 seconds.
  path: Assets/3.UI/kenney_board-game-icons/PNG/Default (64px)/lock_open.png
  artifactKey: Guid(3b14ea2cece2a3f4d98138ce317b501f) Importer(2089858483,b0f066a214c2f5e87bad3c948f4d605d)
Start importing Assets/3.UI/kenney_board-game-icons/PNG/Default (64px)/lock_open.png using Guid(3b14ea2cece2a3f4d98138ce317b501f) Importer(2089858483,b0f066a214c2f5e87bad3c948f4d605d) (ScriptedImporter) -> (artifact id: 'e0c3f372581e5978ff76f70799179606') in 0.0251649 seconds
Number of updated asset objects reloaded before import = 0Number of asset objects unloaded after import = 1

========================================================================
Received Import Request.
  Time since last request: 0.000023 seconds.
  path: Assets/3.UI/kenney_desert-shooter-pack_1.0/PNG/Weapons/Tiles/tile_0037.png
  artifactKey: Guid(5f8077bd23b86984db5ff50841bd44b0) Importer(2089858483,b0f066a214c2f5e87bad3c948f4d605d)
Start importing Assets/3.UI/kenney_desert-shooter-pack_1.0/PNG/Weapons/Tiles/tile_0037.png using Guid(5f8077bd23b86984db5ff50841bd44b0) Importer(2089858483,b0f066a214c2f5e87bad3c948f4d605d) (ScriptedImporter) -> (artifact id: '0c7e514b37b566807577221ec991fabb') in 0.0240112 seconds
Number of updated asset objects reloaded before import = 0Number of asset objects unloaded after import = 1

========================================================================
Received Import Request.
  Time since last request: 0.000020 seconds.
  path: Assets/3.UI/kenney_board-game-icons/PNG/Default (64px)/d10.png
  artifactKey: Guid(3138fd3edf8e0704093a9ea1aff32de3) Importer(2089858483,b0f066a214c2f5e87bad3c948f4d605d)
Start importing Assets/3.UI/kenney_board-game-icons/PNG/Default (64px)/d10.png using Guid(3138fd3edf8e0704093a9ea1aff32de3) Importer(2089858483,b0f066a214c2f5e87bad3c948f4d605d) (ScriptedImporter) -> (artifact id: '8a53a9f660aa8b022793b820ee971edf') in 0.0238599 seconds
Number of updated asset objects reloaded before import = 0Number of asset objects unloaded after import = 1

========================================================================
Received Import Request.
  Time since last request: 0.000021 seconds.
  path: Assets/3.UI/kenney_board-game-icons/Vector/Icons/card_outline_remove.svg
  artifactKey: Guid(1b5a63dc5724e2a49b2c75305283f034) Importer(2089858483,b0f066a214c2f5e87bad3c948f4d605d)
Start importing Assets/3.UI/kenney_board-game-icons/Vector/Icons/card_outline_remove.svg using Guid(1b5a63dc5724e2a49b2c75305283f034) Importer(2089858483,b0f066a214c2f5e87bad3c948f4d605d) (ScriptedImporter) -> (artifact id: 'f67fafd4d3f8707c01c39875e66c9636') in 0.0209066 seconds
Number of updated asset objects reloaded before import = 0Number of asset objects unloaded after import = 1

========================================================================
Received Import Request.
  Time since last request: 0.000035 seconds.
  path: Assets/3.UI/kenney_board-game-icons/PNG/Default (64px)/structure_house.png
  artifactKey: Guid(5339630f11cecec4aabc27afc49122d1) Importer(2089858483,b0f066a214c2f5e87bad3c948f4d605d)
Start importing Assets/3.UI/kenney_board-game-icons/PNG/Default (64px)/structure_house.png using Guid(5339630f11cecec4aabc27afc49122d1) Importer(2089858483,b0f066a214c2f5e87bad3c948f4d605d) (ScriptedImporter) -> (artifact id: '06bd1d5466e1ea77ebc9366b9d88e98b') in 0.0208257 seconds
Number of updated asset objects reloaded before import = 0Number of asset objects unloaded after import = 1

========================================================================
Received Import Request.
  Time since last request: 0.000068 seconds.
  path: Assets/3.UI/kenney_desert-shooter-pack_1.0/PNG/Interface/Tiles/tile_0076.png
  artifactKey: Guid(85db1f64e84d75e4fb9526f9b2930459) Importer(2089858483,b0f066a214c2f5e87bad3c948f4d605d)
Start importing Assets/3.UI/kenney_desert-shooter-pack_1.0/PNG/Interface/Tiles/tile_0076.png using Guid(85db1f64e84d75e4fb9526f9b2930459) Importer(2089858483,b0f066a214c2f5e87bad3c948f4d605d) (ScriptedImporter) -> (artifact id: 'a6aaea7861530ed8a412ff44674ccb78') in 0.0265029 seconds
Number of updated asset objects reloaded before import = 0Number of asset objects unloaded after import = 1

========================================================================
Received Import Request.
  Time since last request: 0.000023 seconds.
  path: Assets/3.UI/kenney_desert-shooter-pack_1.0/PNG/Tiles/Tiles/tile_0108.png
  artifactKey: Guid(870ca8a2c38da3a45879aabc17f76d68) Importer(2089858483,b0f066a214c2f5e87bad3c948f4d605d)
Start importing Assets/3.UI/kenney_desert-shooter-pack_1.0/PNG/Tiles/Tiles/tile_0108.png using Guid(870ca8a2c38da3a45879aabc17f76d68) Importer(2089858483,b0f066a214c2f5e87bad3c948f4d605d) (ScriptedImporter) -> (artifact id: 'f3017afe714b2ad5fff0717d54eb88c6') in 0.0225357 seconds
Number of updated asset objects reloaded before import = 0Number of asset objects unloaded after import = 1

========================================================================
Received Import Request.
  Time since last request: 0.000022 seconds.
  path: Assets/3.UI/kenney_desert-shooter-pack_1.0/PNG/Interface/Tiles/tile_0159.png
  artifactKey: Guid(095da7e8f052f49468ae4141c6a9d2bf) Importer(2089858483,b0f066a214c2f5e87bad3c948f4d605d)
Start importing Assets/3.UI/kenney_desert-shooter-pack_1.0/PNG/Interface/Tiles/tile_0159.png using Guid(095da7e8f052f49468ae4141c6a9d2bf) Importer(2089858483,b0f066a214c2f5e87bad3c948f4d605d) (ScriptedImporter) -> (artifact id: '0da1f5a75f88983bc344d9afecbcfb5a') in 0.0258819 seconds
Number of updated asset objects reloaded before import = 0Number of asset objects unloaded after import = 1

========================================================================
Received Import Request.
  Time since last request: 0.000031 seconds.
  path: Assets/3.UI/kenney_board-game-icons/PNG/Double (128px)/book_open.png
  artifactKey: Guid(9611fd43f07a83a48abcd341883b9039) Importer(2089858483,b0f066a214c2f5e87bad3c948f4d605d)
Start importing Assets/3.UI/kenney_board-game-icons/PNG/Double (128px)/book_open.png using Guid(9611fd43f07a83a48abcd341883b9039) Importer(2089858483,b0f066a214c2f5e87bad3c948f4d605d) (ScriptedImporter) -> (artifact id: '90df53d9200c734afb06d2cdf0ddef66') in 0.0205133 seconds
Number of updated asset objects reloaded before import = 0Number of asset objects unloaded after import = 1

========================================================================
Received Import Request.
  Time since last request: 0.000021 seconds.
  path: Assets/3.UI/kenney_desert-shooter-pack_1.0/PNG/Enemies/Tiles/tile_0001.png
  artifactKey: Guid(29678926e0c3b6d4d90be1c1354e60f9) Importer(2089858483,b0f066a214c2f5e87bad3c948f4d605d)
Start importing Assets/3.UI/kenney_desert-shooter-pack_1.0/PNG/Enemies/Tiles/tile_0001.png using Guid(29678926e0c3b6d4d90be1c1354e60f9) Importer(2089858483,b0f066a214c2f5e87bad3c948f4d605d) (ScriptedImporter) -> (artifact id: '1d335e68c3438a8ede309409532ae3a5') in 0.028905 seconds
Number of updated asset objects reloaded before import = 0Number of asset objects unloaded after import = 1

========================================================================
Received Import Request.
  Time since last request: 0.000017 seconds.
  path: Assets/3.UI/kenney_board-game-icons/PNG/Default (64px)/d12_outline_number.png
  artifactKey: Guid(3980aad2bfbcc2746a8bb51faa7a1383) Importer(2089858483,b0f066a214c2f5e87bad3c948f4d605d)
Start importing Assets/3.UI/kenney_board-game-icons/PNG/Default (64px)/d12_outline_number.png using Guid(3980aad2bfbcc2746a8bb51faa7a1383) Importer(2089858483,b0f066a214c2f5e87bad3c948f4d605d) (ScriptedImporter) -> (artifact id: '7db371d416d2ae1c95a72d61b2acbde1') in 0.0204261 seconds
Number of updated asset objects reloaded before import = 0Number of asset objects unloaded after import = 1

========================================================================
Received Import Request.
  Time since last request: 0.000019 seconds.
  path: Assets/3.UI/kenney_cursor-pixel-pack/Tiles/tile_0027.png
  artifactKey: Guid(c66dff9d69da9904a915fa8f0f6ece5d) Importer(2089858483,b0f066a214c2f5e87bad3c948f4d605d)
Start importing Assets/3.UI/kenney_cursor-pixel-pack/Tiles/tile_0027.png using Guid(c66dff9d69da9904a915fa8f0f6ece5d) Importer(2089858483,b0f066a214c2f5e87bad3c948f4d605d) (ScriptedImporter) -> (artifact id: '3bd9f41aaa96b157064db7268254cd71') in 0.0236686 seconds
Number of updated asset objects reloaded before import = 0Number of asset objects unloaded after import = 1

========================================================================
Received Import Request.
  Time since last request: 0.000031 seconds.
  path: Assets/3.UI/kenney_desert-shooter-pack_1.0/PNG/Interface/Tiles/tile_0197.png
  artifactKey: Guid(c29655595e82a154d8f854aaf92e94c5) Importer(2089858483,b0f066a214c2f5e87bad3c948f4d605d)
Start importing Assets/3.UI/kenney_desert-shooter-pack_1.0/PNG/Interface/Tiles/tile_0197.png using Guid(c29655595e82a154d8f854aaf92e94c5) Importer(2089858483,b0f066a214c2f5e87bad3c948f4d605d) (ScriptedImporter) -> (artifact id: '1e038f15bd2df8d6656c42797e0846f8') in 0.02037 seconds
Number of updated asset objects reloaded before import = 0Number of asset objects unloaded after import = 1

========================================================================
Received Import Request.
  Time since last request: 0.000042 seconds.
  path: Assets/3.UI/kenney_board-game-icons/PNG/Default (64px)/exploding.png
  artifactKey: Guid(02dd7b3bc876b4c48923b21e5ec89c71) Importer(2089858483,b0f066a214c2f5e87bad3c948f4d605d)
Start importing Assets/3.UI/kenney_board-game-icons/PNG/Default (64px)/exploding.png using Guid(02dd7b3bc876b4c48923b21e5ec89c71) Importer(2089858483,b0f066a214c2f5e87bad3c948f4d605d) (ScriptedImporter) -> (artifact id: '710ff9d312959debb42a96961a2f6cee') in 0.0183908 seconds
Number of updated asset objects reloaded before import = 0Number of asset objects unloaded after import = 1

========================================================================
Received Import Request.
  Time since last request: 0.000023 seconds.
  path: Assets/3.UI/kenney_desert-shooter-pack_1.0/PNG/Interface/Tiles/tile_0152.png
  artifactKey: Guid(af9ac202f97d1ff47b3f007f630087df) Importer(2089858483,b0f066a214c2f5e87bad3c948f4d605d)
Start importing Assets/3.UI/kenney_desert-shooter-pack_1.0/PNG/Interface/Tiles/tile_0152.png using Guid(af9ac202f97d1ff47b3f007f630087df) Importer(2089858483,b0f066a214c2f5e87bad3c948f4d605d) (ScriptedImporter) -> (artifact id: 'a16c3a11b98e215dd1aa745baeab94c8') in 0.0240868 seconds
Number of updated asset objects reloaded before import = 0Number of asset objects unloaded after import = 1

========================================================================
Received Import Request.
  Time since last request: 0.000035 seconds.
  path: Assets/3.UI/kenney_board-game-icons/PNG/Default (64px)/timer_CW_25.png
  artifactKey: Guid(c444195bf7f493641b3c4dd4f1162432) Importer(2089858483,b0f066a214c2f5e87bad3c948f4d605d)
Start importing Assets/3.UI/kenney_board-game-icons/PNG/Default (64px)/timer_CW_25.png using Guid(c444195bf7f493641b3c4dd4f1162432) Importer(2089858483,b0f066a214c2f5e87bad3c948f4d605d) (ScriptedImporter) -> (artifact id: '9815c6641e76c5141ebeed8e6bae5eaa') in 0.1268141 seconds
Number of updated asset objects reloaded before import = 0Number of asset objects unloaded after import = 1

========================================================================
Received Import Request.
  Time since last request: 0.000045 seconds.
  path: Assets/3.UI/kenney_cursor-pixel-pack/Tiles/tile_0063.png
  artifactKey: Guid(eacc8b84c5517a345bf244ca60182ea2) Importer(2089858483,b0f066a214c2f5e87bad3c948f4d605d)
Start importing Assets/3.UI/kenney_cursor-pixel-pack/Tiles/tile_0063.png using Guid(eacc8b84c5517a345bf244ca60182ea2) Importer(2089858483,b0f066a214c2f5e87bad3c948f4d605d) (ScriptedImporter) -> (artifact id: '76ed4721e62c38a29dfdd025540d39f9') in 0.0194672 seconds
Number of updated asset objects reloaded before import = 0Number of asset objects unloaded after import = 1

========================================================================
Received Import Request.
  Time since last request: 0.000028 seconds.
  path: Assets/3.UI/kenney_board-game-icons/PNG/Default (64px)/book_closed.png
  artifactKey: Guid(b474f7b8bee71c24db1d993a195f141e) Importer(2089858483,b0f066a214c2f5e87bad3c948f4d605d)
Start importing Assets/3.UI/kenney_board-game-icons/PNG/Default (64px)/book_closed.png using Guid(b474f7b8bee71c24db1d993a195f141e) Importer(2089858483,b0f066a214c2f5e87bad3c948f4d605d) (ScriptedImporter) -> (artifact id: '6e4d511f7036f3ecacc58e9e5058da31') in 0.0219675 seconds
Number of updated asset objects reloaded before import = 0Number of asset objects unloaded after import = 1

========================================================================
Received Import Request.
  Time since last request: 0.000018 seconds.
  path: Assets/3.UI/kenney_board-game-icons/Vector/Icons/d2_outline_number.svg
  artifactKey: Guid(f5976bca723f4cd4da51e5ff591d4ab4) Importer(2089858483,b0f066a214c2f5e87bad3c948f4d605d)
Start importing Assets/3.UI/kenney_board-game-icons/Vector/Icons/d2_outline_number.svg using Guid(f5976bca723f4cd4da51e5ff591d4ab4) Importer(2089858483,b0f066a214c2f5e87bad3c948f4d605d) (ScriptedImporter) -> (artifact id: '5314d36e831d28693e5f7148b0536fa3') in 0.0197364 seconds
Number of updated asset objects reloaded before import = 0Number of asset objects unloaded after import = 1

========================================================================
Received Import Request.
  Time since last request: 0.000023 seconds.
  path: Assets/3.UI/kenney_desert-shooter-pack_1.0/PNG/Tiles/Tiles/tile_0232.png
  artifactKey: Guid(b55f32444cfac5d47a334266feb6342c) Importer(2089858483,b0f066a214c2f5e87bad3c948f4d605d)
Start importing Assets/3.UI/kenney_desert-shooter-pack_1.0/PNG/Tiles/Tiles/tile_0232.png using Guid(b55f32444cfac5d47a334266feb6342c) Importer(2089858483,b0f066a214c2f5e87bad3c948f4d605d) (ScriptedImporter) -> (artifact id: 'b3af20945964575104f4077ae9995bcf') in 0.0237958 seconds
Number of updated asset objects reloaded before import = 0Number of asset objects unloaded after import = 1

========================================================================
Received Import Request.
  Time since last request: 0.000031 seconds.
  path: Assets/3.UI/kenney_board-game-icons/PNG/Default (64px)/tag_d6_cross.png
  artifactKey: Guid(cefafbf020d777d4b84be11e0d0f7e07) Importer(2089858483,b0f066a214c2f5e87bad3c948f4d605d)
Start importing Assets/3.UI/kenney_board-game-icons/PNG/Default (64px)/tag_d6_cross.png using Guid(cefafbf020d777d4b84be11e0d0f7e07) Importer(2089858483,b0f066a214c2f5e87bad3c948f4d605d) (ScriptedImporter) -> (artifact id: 'cfa732d0b9bf05fd463a959898f7c034') in 0.026733 seconds
Number of updated asset objects reloaded before import = 0Number of asset objects unloaded after import = 1

========================================================================
Received Import Request.
  Time since last request: 0.000034 seconds.
  path: Assets/3.UI/kenney_cursor-pixel-pack/Tiles/tile_0088.png
  artifactKey: Guid(55dd14be7c106434badfa84e12c04a89) Importer(2089858483,b0f066a214c2f5e87bad3c948f4d605d)
Start importing Assets/3.UI/kenney_cursor-pixel-pack/Tiles/tile_0088.png using Guid(55dd14be7c106434badfa84e12c04a89) Importer(2089858483,b0f066a214c2f5e87bad3c948f4d605d) (ScriptedImporter) -> (artifact id: '3a46f92f0fc4fb02a54baadc439f33ed') in 0.0221108 seconds
Number of updated asset objects reloaded before import = 0Number of asset objects unloaded after import = 1

========================================================================
Received Import Request.
  Time since last request: 0.000071 seconds.
  path: Assets/3.UI/kenney_desert-shooter-pack_1.0/PNG/Tiles/Tiles/tile_0184.png
  artifactKey: Guid(6446e0e1914463e4a8c43ba6ac529384) Importer(2089858483,b0f066a214c2f5e87bad3c948f4d605d)
Start importing Assets/3.UI/kenney_desert-shooter-pack_1.0/PNG/Tiles/Tiles/tile_0184.png using Guid(6446e0e1914463e4a8c43ba6ac529384) Importer(2089858483,b0f066a214c2f5e87bad3c948f4d605d) (ScriptedImporter) -> (artifact id: 'b24ea789c3c77773d7595b87f03458ea') in 0.0276176 seconds
Number of updated asset objects reloaded before import = 0Number of asset objects unloaded after import = 1

========================================================================
Received Import Request.
  Time since last request: 0.000030 seconds.
  path: Assets/3.UI/kenney_cursor-pixel-pack/Tiles/tile_0163.png
  artifactKey: Guid(e034f4b25b42d5d41b9f98624db7f88d) Importer(2089858483,b0f066a214c2f5e87bad3c948f4d605d)
Start importing Assets/3.UI/kenney_cursor-pixel-pack/Tiles/tile_0163.png using Guid(e034f4b25b42d5d41b9f98624db7f88d) Importer(2089858483,b0f066a214c2f5e87bad3c948f4d605d) (ScriptedImporter) -> (artifact id: '70c4594fec0c8b81982a7893f9938794') in 0.0216596 seconds
Number of updated asset objects reloaded before import = 0Number of asset objects unloaded after import = 1

========================================================================
Received Import Request.
  Time since last request: 0.000029 seconds.
  path: Assets/3.UI/kenney_board-game-icons/Vector/Icons/card_outline_lift.svg
  artifactKey: Guid(fe75ddca374da6544a734a9207c23cf7) Importer(2089858483,b0f066a214c2f5e87bad3c948f4d605d)
Start importing Assets/3.UI/kenney_board-game-icons/Vector/Icons/card_outline_lift.svg using Guid(fe75ddca374da6544a734a9207c23cf7) Importer(2089858483,b0f066a214c2f5e87bad3c948f4d605d) (ScriptedImporter) -> (artifact id: '6cf7da8c610f5be8c484bdb081cc80b4') in 0.0198334 seconds
Number of updated asset objects reloaded before import = 0Number of asset objects unloaded after import = 1

========================================================================
Received Import Request.
  Time since last request: 0.000021 seconds.
  path: Assets/3.UI/kenney_desert-shooter-pack_1.0/PNG/Tiles/Tiles/tile_0025.png
  artifactKey: Guid(ea3fed90d22bc3246892fc393c17478b) Importer(2089858483,b0f066a214c2f5e87bad3c948f4d605d)
Start importing Assets/3.UI/kenney_desert-shooter-pack_1.0/PNG/Tiles/Tiles/tile_0025.png using Guid(ea3fed90d22bc3246892fc393c17478b) Importer(2089858483,b0f066a214c2f5e87bad3c948f4d605d) (ScriptedImporter) -> (artifact id: 'b96f5eb48db871592bba27185f3791d1') in 0.0271292 seconds
Number of updated asset objects reloaded before import = 0Number of asset objects unloaded after import = 1

========================================================================
Received Import Request.
  Time since last request: 0.000027 seconds.
  path: Assets/3.UI/kenney_board-game-icons/PNG/Double (128px)/card_flip.png
  artifactKey: Guid(5df677046762b194796be8bef3496c7a) Importer(2089858483,b0f066a214c2f5e87bad3c948f4d605d)
Start importing Assets/3.UI/kenney_board-game-icons/PNG/Double (128px)/card_flip.png using Guid(5df677046762b194796be8bef3496c7a) Importer(2089858483,b0f066a214c2f5e87bad3c948f4d605d) (ScriptedImporter) -> (artifact id: '247e8d92e317f9793229740397848788') in 0.0246507 seconds
Number of updated asset objects reloaded before import = 0Number of asset objects unloaded after import = 1

========================================================================
Received Import Request.
  Time since last request: 0.000021 seconds.
  path: Assets/3.UI/kenney_desert-shooter-pack_1.0/PNG/Tiles/Tiles/tile_0069.png
  artifactKey: Guid(72436b938a219854fa7f4423136688dc) Importer(2089858483,b0f066a214c2f5e87bad3c948f4d605d)
Start importing Assets/3.UI/kenney_desert-shooter-pack_1.0/PNG/Tiles/Tiles/tile_0069.png using Guid(72436b938a219854fa7f4423136688dc) Importer(2089858483,b0f066a214c2f5e87bad3c948f4d605d) (ScriptedImporter) -> (artifact id: 'b0c8d8bfe5474e9a49713f6b27179150') in 0.0214157 seconds
Number of updated asset objects reloaded before import = 0Number of asset objects unloaded after import = 1

========================================================================
Received Import Request.
  Time since last request: 0.000035 seconds.
  path: Assets/3.UI/kenney_board-game-icons/PNG/Double (128px)/card_tap_down.png
  artifactKey: Guid(3cb51a59190004948855232597f74a1c) Importer(2089858483,b0f066a214c2f5e87bad3c948f4d605d)
Start importing Assets/3.UI/kenney_board-game-icons/PNG/Double (128px)/card_tap_down.png using Guid(3cb51a59190004948855232597f74a1c) Importer(2089858483,b0f066a214c2f5e87bad3c948f4d605d) (ScriptedImporter) -> (artifact id: '320a063d2d81ed62e3b64f790710f3b7') in 0.0259313 seconds
Number of updated asset objects reloaded before import = 0Number of asset objects unloaded after import = 1

========================================================================
Received Import Request.
  Time since last request: 0.000020 seconds.
  path: Assets/3.UI/kenney_board-game-icons/Vector/Icons/d3_outline_number.svg
  artifactKey: Guid(b686392350eed0a43864645abddc5f97) Importer(2089858483,b0f066a214c2f5e87bad3c948f4d605d)
Start importing Assets/3.UI/kenney_board-game-icons/Vector/Icons/d3_outline_number.svg using Guid(b686392350eed0a43864645abddc5f97) Importer(2089858483,b0f066a214c2f5e87bad3c948f4d605d) (ScriptedImporter) -> (artifact id: '81f11ae56523ff5bf7e4ddbfc6584b0c') in 0.0208367 seconds
Number of updated asset objects reloaded before import = 0Number of asset objects unloaded after import = 1

========================================================================
Received Import Request.
  Time since last request: 0.000016 seconds.
  path: Assets/3.UI/kenney_desert-shooter-pack_1.0/PNG/Interface/Tiles/tile_0170.png
  artifactKey: Guid(d547796bf52f55c47a580200076d54da) Importer(2089858483,b0f066a214c2f5e87bad3c948f4d605d)
Start importing Assets/3.UI/kenney_desert-shooter-pack_1.0/PNG/Interface/Tiles/tile_0170.png using Guid(d547796bf52f55c47a580200076d54da) Importer(2089858483,b0f066a214c2f5e87bad3c948f4d605d) (ScriptedImporter) -> (artifact id: 'b551918c23fa42b8df752d24e3d4444d') in 0.0191673 seconds
Number of updated asset objects reloaded before import = 0Number of asset objects unloaded after import = 1

========================================================================
Received Import Request.
  Time since last request: 0.000029 seconds.
  path: Assets/3.UI/kenney_board-game-icons/PNG/Double (128px)/arrow_horizontal.png
  artifactKey: Guid(0852cb75f95f41b4892b11438d587635) Importer(2089858483,b0f066a214c2f5e87bad3c948f4d605d)
Start importing Assets/3.UI/kenney_board-game-icons/PNG/Double (128px)/arrow_horizontal.png using Guid(0852cb75f95f41b4892b11438d587635) Importer(2089858483,b0f066a214c2f5e87bad3c948f4d605d) (ScriptedImporter) -> (artifact id: '3e696ccfeb69ea41b8351e7504c2e7fc') in 0.0218088 seconds
Number of updated asset objects reloaded before import = 0Number of asset objects unloaded after import = 1

========================================================================
Received Import Request.
  Time since last request: 0.000030 seconds.
  path: Assets/3.UI/kenney_desert-shooter-pack_1.0/PNG/Interface/Tiles/tile_0027.png
  artifactKey: Guid(724a832553f216c40baf1f91fe82870d) Importer(2089858483,b0f066a214c2f5e87bad3c948f4d605d)
Start importing Assets/3.UI/kenney_desert-shooter-pack_1.0/PNG/Interface/Tiles/tile_0027.png using Guid(724a832553f216c40baf1f91fe82870d) Importer(2089858483,b0f066a214c2f5e87bad3c948f4d605d) (ScriptedImporter) -> (artifact id: '8512b3528ebc78a40041f5ceba342e15') in 0.025341 seconds
Number of updated asset objects reloaded before import = 0Number of asset objects unloaded after import = 1

========================================================================
Received Import Request.
  Time since last request: 0.000020 seconds.
  path: Assets/3.UI/kenney_desert-shooter-pack_1.0/PNG/Enemies/Tilemap
  artifactKey: Guid(1c8eb8784d24db94b91805878b8314d2) Importer(2089858483,b0f066a214c2f5e87bad3c948f4d605d)
Start importing Assets/3.UI/kenney_desert-shooter-pack_1.0/PNG/Enemies/Tilemap using Guid(1c8eb8784d24db94b91805878b8314d2) Importer(2089858483,b0f066a214c2f5e87bad3c948f4d605d) (ScriptedImporter) -> (artifact id: '293755cadba0208e6150d3eee2f00573') in 0.0254635 seconds
Number of updated asset objects reloaded before import = 0Number of asset objects unloaded after import = 1

========================================================================
Received Import Request.
  Time since last request: 0.000070 seconds.
  path: Assets/3.UI/kenney_desert-shooter-pack_1.0/PNG/Interface/Tiles/tile_0130.png
  artifactKey: Guid(c435354477494864a99be939b4d388a2) Importer(2089858483,b0f066a214c2f5e87bad3c948f4d605d)
Start importing Assets/3.UI/kenney_desert-shooter-pack_1.0/PNG/Interface/Tiles/tile_0130.png using Guid(c435354477494864a99be939b4d388a2) Importer(2089858483,b0f066a214c2f5e87bad3c948f4d605d) (ScriptedImporter) -> (artifact id: 'd60317c2a10faa29e7f755f3a2736044') in 0.0259714 seconds
Number of updated asset objects reloaded before import = 0Number of asset objects unloaded after import = 1

========================================================================
Received Import Request.
  Time since last request: 0.000021 seconds.
  path: Assets/3.UI/kenney_cursor-pixel-pack/Tiles/tile_0008.png
  artifactKey: Guid(d1827318652da8f4290327d1f691496b) Importer(2089858483,b0f066a214c2f5e87bad3c948f4d605d)
Start importing Assets/3.UI/kenney_cursor-pixel-pack/Tiles/tile_0008.png using Guid(d1827318652da8f4290327d1f691496b) Importer(2089858483,b0f066a214c2f5e87bad3c948f4d605d) (ScriptedImporter) -> (artifact id: 'a66899dce3f58f44c4c21c156add604e') in 0.0249633 seconds
Number of updated asset objects reloaded before import = 0Number of asset objects unloaded after import = 1

========================================================================
Received Import Request.
  Time since last request: 0.000025 seconds.
  path: Assets/3.UI/kenney_desert-shooter-pack_1.0/PNG/Tiles/Tiles/tile_0096.png
  artifactKey: Guid(dae9765c29aa41d4c94ae3f8325387d8) Importer(2089858483,b0f066a214c2f5e87bad3c948f4d605d)
Start importing Assets/3.UI/kenney_desert-shooter-pack_1.0/PNG/Tiles/Tiles/tile_0096.png using Guid(dae9765c29aa41d4c94ae3f8325387d8) Importer(2089858483,b0f066a214c2f5e87bad3c948f4d605d) (ScriptedImporter) -> (artifact id: '10ec027662234c1d77f12145dd06fd14') in 0.0222384 seconds
Number of updated asset objects reloaded before import = 0Number of asset objects unloaded after import = 1

========================================================================
Received Import Request.
  Time since last request: 0.000018 seconds.
  path: Assets/3.UI/kenney_cursor-pixel-pack/Visit Kenney.url
  artifactKey: Guid(15a11b6d62e02dc4aa472a22ccc20777) Importer(2089858483,b0f066a214c2f5e87bad3c948f4d605d)
Start importing Assets/3.UI/kenney_cursor-pixel-pack/Visit Kenney.url using Guid(15a11b6d62e02dc4aa472a22ccc20777) Importer(2089858483,b0f066a214c2f5e87bad3c948f4d605d) (ScriptedImporter) -> (artifact id: 'be1602120ecce6b8b92d738e12cade90') in 0.0148431 seconds
Number of updated asset objects reloaded before import = 0Number of asset objects unloaded after import = 1

========================================================================
Received Import Request.
  Time since last request: 0.000017 seconds.
  path: Assets/3.UI/kenney_board-game-icons/PNG/Default (64px)/chess_king.png
  artifactKey: Guid(8e645e980b2adfb459af584a96f88771) Importer(2089858483,b0f066a214c2f5e87bad3c948f4d605d)
Start importing Assets/3.UI/kenney_board-game-icons/PNG/Default (64px)/chess_king.png using Guid(8e645e980b2adfb459af584a96f88771) Importer(2089858483,b0f066a214c2f5e87bad3c948f4d605d) (ScriptedImporter) -> (artifact id: '0cae05359d74a5ee456a1c8da264afe3') in 0.0214933 seconds
Number of updated asset objects reloaded before import = 0Number of asset objects unloaded after import = 1

========================================================================
Received Import Request.
  Time since last request: 0.000022 seconds.
  path: Assets/3.UI/kenney_board-game-icons/Vector/Icons/dice_4.svg
  artifactKey: Guid(e8dbda21d7add0443803f446841d2ec1) Importer(2089858483,b0f066a214c2f5e87bad3c948f4d605d)
Start importing Assets/3.UI/kenney_board-game-icons/Vector/Icons/dice_4.svg using Guid(e8dbda21d7add0443803f446841d2ec1) Importer(2089858483,b0f066a214c2f5e87bad3c948f4d605d) (ScriptedImporter) -> (artifact id: '32ae32f1b03ee05f05f55ecaa3ebb204') in 0.0182513 seconds
Number of updated asset objects reloaded before import = 0Number of asset objects unloaded after import = 1

========================================================================
Received Import Request.
  Time since last request: 0.000162 seconds.
  path: Assets/3.UI/kenney_board-game-icons/Vector/Icons/card_outline.svg
  artifactKey: Guid(ef3f3de0848ba0b47adf59f61d094f77) Importer(2089858483,b0f066a214c2f5e87bad3c948f4d605d)
Start importing Assets/3.UI/kenney_board-game-icons/Vector/Icons/card_outline.svg using Guid(ef3f3de0848ba0b47adf59f61d094f77) Importer(2089858483,b0f066a214c2f5e87bad3c948f4d605d) (ScriptedImporter) -> (artifact id: '2a90138682014a26529319fc0d044ac5') in 0.0166505 seconds
Number of updated asset objects reloaded before import = 0Number of asset objects unloaded after import = 1

========================================================================
Received Import Request.
  Time since last request: 0.000028 seconds.
  path: Assets/3.UI/kenney_board-game-icons/Vector/Icons/d12_outline.svg
  artifactKey: Guid(636fa0272bc791a4abc628114e841503) Importer(2089858483,b0f066a214c2f5e87bad3c948f4d605d)
Start importing Assets/3.UI/kenney_board-game-icons/Vector/Icons/d12_outline.svg using Guid(636fa0272bc791a4abc628114e841503) Importer(2089858483,b0f066a214c2f5e87bad3c948f4d605d) (ScriptedImporter) -> (artifact id: '52ee36e613099fb9e5d8db6eac364cc6') in 0.0194132 seconds
Number of updated asset objects reloaded before import = 0Number of asset objects unloaded after import = 1

========================================================================
Received Import Request.
  Time since last request: 0.000025 seconds.
  path: Assets/3.UI/kenney_cursor-pixel-pack/Tiles/tile_0060.png
  artifactKey: Guid(150e530a23fc6cc439b668a1f7010c6e) Importer(2089858483,b0f066a214c2f5e87bad3c948f4d605d)
Start importing Assets/3.UI/kenney_cursor-pixel-pack/Tiles/tile_0060.png using Guid(150e530a23fc6cc439b668a1f7010c6e) Importer(2089858483,b0f066a214c2f5e87bad3c948f4d605d) (ScriptedImporter) -> (artifact id: '050f9aad9f8925cdea4ac283662c20a7') in 0.0172807 seconds
Number of updated asset objects reloaded before import = 0Number of asset objects unloaded after import = 1

========================================================================
Received Import Request.
  Time since last request: 0.000034 seconds.
  path: Assets/3.UI/kenney_board-game-icons/PNG/Double (128px)/card_add.png
  artifactKey: Guid(741dd8059d94dd142a0bd829b54e9c17) Importer(2089858483,b0f066a214c2f5e87bad3c948f4d605d)
Start importing Assets/3.UI/kenney_board-game-icons/PNG/Double (128px)/card_add.png using Guid(741dd8059d94dd142a0bd829b54e9c17) Importer(2089858483,b0f066a214c2f5e87bad3c948f4d605d) (ScriptedImporter) -> (artifact id: '8f67af15ffc8410758a3b112ea29b0cf') in 0.0197817 seconds
Number of updated asset objects reloaded before import = 0Number of asset objects unloaded after import = 1

========================================================================
Received Import Request.
  Time since last request: 0.000041 seconds.
  path: Assets/3.UI/kenney_desert-shooter-pack_1.0/PNG/Tiles/Tiles/tile_0191.png
  artifactKey: Guid(636da1a136bc0b44caf61b7859b385e2) Importer(2089858483,b0f066a214c2f5e87bad3c948f4d605d)
Start importing Assets/3.UI/kenney_desert-shooter-pack_1.0/PNG/Tiles/Tiles/tile_0191.png using Guid(636da1a136bc0b44caf61b7859b385e2) Importer(2089858483,b0f066a214c2f5e87bad3c948f4d605d) (ScriptedImporter) -> (artifact id: 'c8bd98498c26b9138c50621a12452d49') in 0.0218667 seconds
Number of updated asset objects reloaded before import = 0Number of asset objects unloaded after import = 1

========================================================================
Received Import Request.
  Time since last request: 0.000042 seconds.
  path: Assets/3.UI/kenney_cursor-pixel-pack/Tiles/tile_0213.png
  artifactKey: Guid(81c813f4967195443b52e749ddff32ca) Importer(2089858483,b0f066a214c2f5e87bad3c948f4d605d)
Start importing Assets/3.UI/kenney_cursor-pixel-pack/Tiles/tile_0213.png using Guid(81c813f4967195443b52e749ddff32ca) Importer(2089858483,b0f066a214c2f5e87bad3c948f4d605d) (ScriptedImporter) -> (artifact id: '85bc8d8a4b782050b35436e3265f2523') in 0.016818 seconds
Number of updated asset objects reloaded before import = 0Number of asset objects unloaded after import = 1

========================================================================
Received Import Request.
  Time since last request: 0.000029 seconds.
  path: Assets/3.UI/kenney_desert-shooter-pack_1.0/PNG/Tiles/Tiles/tile_0055.png
  artifactKey: Guid(b3cc1ab2cc3f33541939ef919ce1445b) Importer(2089858483,b0f066a214c2f5e87bad3c948f4d605d)
Start importing Assets/3.UI/kenney_desert-shooter-pack_1.0/PNG/Tiles/Tiles/tile_0055.png using Guid(b3cc1ab2cc3f33541939ef919ce1445b) Importer(2089858483,b0f066a214c2f5e87bad3c948f4d605d) (ScriptedImporter) -> (artifact id: '0960785b0e93e02add61ed1725b75625') in 0.0201807 seconds
Number of updated asset objects reloaded before import = 0Number of asset objects unloaded after import = 1

========================================================================
Received Import Request.
  Time since last request: 0.000032 seconds.
  path: Assets/3.UI/kenney_desert-shooter-pack_1.0/PNG/Tiles/Tiles/tile_0085.png
  artifactKey: Guid(497234bcca92e654ba8248866b27266c) Importer(2089858483,b0f066a214c2f5e87bad3c948f4d605d)
Start importing Assets/3.UI/kenney_desert-shooter-pack_1.0/PNG/Tiles/Tiles/tile_0085.png using Guid(497234bcca92e654ba8248866b27266c) Importer(2089858483,b0f066a214c2f5e87bad3c948f4d605d) (ScriptedImporter) -> (artifact id: '8823d65f0b59b6ef9cb540291a2be178') in 0.0264472 seconds
Number of updated asset objects reloaded before import = 0Number of asset objects unloaded after import = 1

========================================================================
Received Import Request.
  Time since last request: 0.000238 seconds.
  path: Assets/3.UI/kenney_desert-shooter-pack_1.0/PNG/Tiles/Tilemap/tilemap_packed.png
  artifactKey: Guid(b62ff91956239c847897ec820c4ec8f7) Importer(2089858483,b0f066a214c2f5e87bad3c948f4d605d)
Start importing Assets/3.UI/kenney_desert-shooter-pack_1.0/PNG/Tiles/Tilemap/tilemap_packed.png using Guid(b62ff91956239c847897ec820c4ec8f7) Importer(2089858483,b0f066a214c2f5e87bad3c948f4d605d) (ScriptedImporter) -> (artifact id: '64ab4edd9c935e5176dbf9e252e69b50') in 0.0219905 seconds
Number of updated asset objects reloaded before import = 0Number of asset objects unloaded after import = 1

========================================================================
Received Import Request.
  Time since last request: 0.000037 seconds.
  path: Assets/3.UI/kenney_board-game-icons/PNG/Default (64px)/suit_hearts_broken.png
  artifactKey: Guid(a057d99a88c617944a1936bc2df99dd5) Importer(2089858483,b0f066a214c2f5e87bad3c948f4d605d)
Start importing Assets/3.UI/kenney_board-game-icons/PNG/Default (64px)/suit_hearts_broken.png using Guid(a057d99a88c617944a1936bc2df99dd5) Importer(2089858483,b0f066a214c2f5e87bad3c948f4d605d) (ScriptedImporter) -> (artifact id: '07e20fc70c74acddb416e7fcac3cc0d9') in 0.0275572 seconds
Number of updated asset objects reloaded before import = 0Number of asset objects unloaded after import = 1

========================================================================
Received Import Request.
  Time since last request: 0.000016 seconds.
  path: Assets/3.UI/kenney_desert-shooter-pack_1.0/PNG/Interface/Tiles/tile_0087.png
  artifactKey: Guid(a70bec74e93b5444d81f1febd4094e14) Importer(2089858483,b0f066a214c2f5e87bad3c948f4d605d)
Start importing Assets/3.UI/kenney_desert-shooter-pack_1.0/PNG/Interface/Tiles/tile_0087.png using Guid(a70bec74e93b5444d81f1febd4094e14) Importer(2089858483,b0f066a214c2f5e87bad3c948f4d605d) (ScriptedImporter) -> (artifact id: '4f5457433328d3274ea55205adf4577d') in 0.0228054 seconds
Number of updated asset objects reloaded before import = 0Number of asset objects unloaded after import = 1

========================================================================
Received Import Request.
  Time since last request: 0.000029 seconds.
  path: Assets/3.UI/kenney_desert-shooter-pack_1.0/Sounds/explosion-b.ogg
  artifactKey: Guid(0eafd0f0847bf5241a04a1e74535b012) Importer(2089858483,b0f066a214c2f5e87bad3c948f4d605d)
Start importing Assets/3.UI/kenney_desert-shooter-pack_1.0/Sounds/explosion-b.ogg using Guid(0eafd0f0847bf5241a04a1e74535b012) Importer(2089858483,b0f066a214c2f5e87bad3c948f4d605d) (ScriptedImporter) -> (artifact id: 'b7a9aa896d7990eec53af7141b755408') in 0.0377854 seconds
Number of updated asset objects reloaded before import = 0Number of asset objects unloaded after import = 1

========================================================================
Received Import Request.
  Time since last request: 0.000030 seconds.
  path: Assets/3.UI/kenney_cursor-pixel-pack/Tiles/tile_0205.png
  artifactKey: Guid(333e5a9283ce2aa47b8cef0a056dbdd1) Importer(2089858483,b0f066a214c2f5e87bad3c948f4d605d)
Start importing Assets/3.UI/kenney_cursor-pixel-pack/Tiles/tile_0205.png using Guid(333e5a9283ce2aa47b8cef0a056dbdd1) Importer(2089858483,b0f066a214c2f5e87bad3c948f4d605d) (ScriptedImporter) -> (artifact id: '6ac26d94e0ce46ce82edadf34db92ee9') in 0.0205556 seconds
Number of updated asset objects reloaded before import = 0Number of asset objects unloaded after import = 1

========================================================================
Received Import Request.
  Time since last request: 0.000020 seconds.
  path: Assets/3.UI/kenney_desert-shooter-pack_1.0/PNG/Interface/Tiles/tile_0005.png
  artifactKey: Guid(ee08bb7e9a2e17143ae6ce3154f88e49) Importer(2089858483,b0f066a214c2f5e87bad3c948f4d605d)
Start importing Assets/3.UI/kenney_desert-shooter-pack_1.0/PNG/Interface/Tiles/tile_0005.png using Guid(ee08bb7e9a2e17143ae6ce3154f88e49) Importer(2089858483,b0f066a214c2f5e87bad3c948f4d605d) (ScriptedImporter) -> (artifact id: 'af4657ed16f5eaa7667acf96fc50356f') in 0.0188766 seconds
Number of updated asset objects reloaded before import = 0Number of asset objects unloaded after import = 1

========================================================================
Received Import Request.
  Time since last request: 0.000025 seconds.
  path: Assets/3.UI/kenney_board-game-icons/Vector/Icons/cards_under.svg
  artifactKey: Guid(5b43ba1e9b280524291a468da6a6a0d0) Importer(2089858483,b0f066a214c2f5e87bad3c948f4d605d)
Start importing Assets/3.UI/kenney_board-game-icons/Vector/Icons/cards_under.svg using Guid(5b43ba1e9b280524291a468da6a6a0d0) Importer(2089858483,b0f066a214c2f5e87bad3c948f4d605d) (ScriptedImporter) -> (artifact id: '56f19df44921228e019734da5c22af57') in 0.0182094 seconds
Number of updated asset objects reloaded before import = 0Number of asset objects unloaded after import = 1

========================================================================
Received Import Request.
  Time since last request: 0.000023 seconds.
  path: Assets/3.UI/kenney_board-game-icons/Vector/Icons/flask_half.svg
  artifactKey: Guid(b5be4d0102cda0e4ca442dc3645d6d9f) Importer(2089858483,b0f066a214c2f5e87bad3c948f4d605d)
Start importing Assets/3.UI/kenney_board-game-icons/Vector/Icons/flask_half.svg using Guid(b5be4d0102cda0e4ca442dc3645d6d9f) Importer(2089858483,b0f066a214c2f5e87bad3c948f4d605d) (ScriptedImporter) -> (artifact id: '4148c488e75d6a4c81bebe44e6b1cdbb') in 0.0192638 seconds
Number of updated asset objects reloaded before import = 0Number of asset objects unloaded after import = 1

========================================================================
Received Import Request.
  Time since last request: 0.000035 seconds.
  path: Assets/3.UI/kenney_board-game-icons/Vector/Icons/card_flipdouble.svg
  artifactKey: Guid(fc702420c3ea41647a7d7ed2a7baf366) Importer(2089858483,b0f066a214c2f5e87bad3c948f4d605d)
Start importing Assets/3.UI/kenney_board-game-icons/Vector/Icons/card_flipdouble.svg using Guid(fc702420c3ea41647a7d7ed2a7baf366) Importer(2089858483,b0f066a214c2f5e87bad3c948f4d605d) (ScriptedImporter) -> (artifact id: 'c86bedfca9abc8ba24eed659a5000159') in 0.0155846 seconds
Number of updated asset objects reloaded before import = 0Number of asset objects unloaded after import = 1

========================================================================
Received Import Request.
  Time since last request: 0.000033 seconds.
  path: Assets/3.UI/kenney_cursor-pixel-pack/Tiles/tile_0071.png
  artifactKey: Guid(f41c7d234d2a2904085be34e1074353d) Importer(2089858483,b0f066a214c2f5e87bad3c948f4d605d)
Start importing Assets/3.UI/kenney_cursor-pixel-pack/Tiles/tile_0071.png using Guid(f41c7d234d2a2904085be34e1074353d) Importer(2089858483,b0f066a214c2f5e87bad3c948f4d605d) (ScriptedImporter) -> (artifact id: 'b85c1526e4cd23d4feaebf54c0adb042') in 0.0204802 seconds
Number of updated asset objects reloaded before import = 0Number of asset objects unloaded after import = 1

========================================================================
Received Import Request.
  Time since last request: 0.000027 seconds.
  path: Assets/3.UI/kenney_board-game-icons/PNG/Default (64px)/book_open.png
  artifactKey: Guid(f56b3056fd7c77a40ad25c01c054ddfd) Importer(2089858483,b0f066a214c2f5e87bad3c948f4d605d)
Start importing Assets/3.UI/kenney_board-game-icons/PNG/Default (64px)/book_open.png using Guid(f56b3056fd7c77a40ad25c01c054ddfd) Importer(2089858483,b0f066a214c2f5e87bad3c948f4d605d) (ScriptedImporter) -> (artifact id: '4226ff4dafe17ca123a3c6d79dff7081') in 0.0271247 seconds
Number of updated asset objects reloaded before import = 0Number of asset objects unloaded after import = 1

========================================================================
Received Import Request.
  Time since last request: 0.000017 seconds.
  path: Assets/3.UI/kenney_board-game-icons/PNG/Double (128px)/resource_wheat.png
  artifactKey: Guid(5e6cf55170fca004e906732ec6a0b7ad) Importer(2089858483,b0f066a214c2f5e87bad3c948f4d605d)
Start importing Assets/3.UI/kenney_board-game-icons/PNG/Double (128px)/resource_wheat.png using Guid(5e6cf55170fca004e906732ec6a0b7ad) Importer(2089858483,b0f066a214c2f5e87bad3c948f4d605d) (ScriptedImporter) -> (artifact id: 'bc304b664cb8418d34bda7b9e46656d3') in 0.0249052 seconds
Number of updated asset objects reloaded before import = 0Number of asset objects unloaded after import = 1

========================================================================
Received Import Request.
  Time since last request: 0.000023 seconds.
  path: Assets/3.UI/kenney_board-game-icons/PNG/Default (64px)/hand_hexagon.png
  artifactKey: Guid(8ad521a34c22d914a875fdc3bd2b1527) Importer(2089858483,b0f066a214c2f5e87bad3c948f4d605d)
Start importing Assets/3.UI/kenney_board-game-icons/PNG/Default (64px)/hand_hexagon.png using Guid(8ad521a34c22d914a875fdc3bd2b1527) Importer(2089858483,b0f066a214c2f5e87bad3c948f4d605d) (ScriptedImporter) -> (artifact id: '6449433800084c55f880715f54dde01e') in 0.021911 seconds
Number of updated asset objects reloaded before import = 0Number of asset objects unloaded after import = 1

========================================================================
Received Import Request.
  Time since last request: 0.000036 seconds.
  path: Assets/3.UI/kenney_desert-shooter-pack_1.0/PNG/Interface/Tiles/tile_0132.png
  artifactKey: Guid(2ed17459347b21a4eb21c8c6150f47f4) Importer(2089858483,b0f066a214c2f5e87bad3c948f4d605d)
Start importing Assets/3.UI/kenney_desert-shooter-pack_1.0/PNG/Interface/Tiles/tile_0132.png using Guid(2ed17459347b21a4eb21c8c6150f47f4) Importer(2089858483,b0f066a214c2f5e87bad3c948f4d605d) (ScriptedImporter) -> (artifact id: '50ccadbb200468cfcd55c3bcbcf13fa3') in 0.0202397 seconds
Number of updated asset objects reloaded before import = 0Number of asset objects unloaded after import = 1

========================================================================
Received Import Request.
  Time since last request: 0.000028 seconds.
  path: Assets/3.UI/kenney_board-game-icons/PNG/Default (64px)/dice_out.png
  artifactKey: Guid(dbc74e52323147c418aed13a21cbfd76) Importer(2089858483,b0f066a214c2f5e87bad3c948f4d605d)
Start importing Assets/3.UI/kenney_board-game-icons/PNG/Default (64px)/dice_out.png using Guid(dbc74e52323147c418aed13a21cbfd76) Importer(2089858483,b0f066a214c2f5e87bad3c948f4d605d) (ScriptedImporter) -> (artifact id: 'a922519296f35e91d59ef1ee94746740') in 0.0179314 seconds
Number of updated asset objects reloaded before import = 0Number of asset objects unloaded after import = 1

========================================================================
Received Import Request.
  Time since last request: 0.000036 seconds.
  path: Assets/3.UI/kenney_board-game-icons/Vector/Icons/flip_empty.svg
  artifactKey: Guid(179c0ac91aed16641b1bf7bd445c03d4) Importer(2089858483,b0f066a214c2f5e87bad3c948f4d605d)
Start importing Assets/3.UI/kenney_board-game-icons/Vector/Icons/flip_empty.svg using Guid(179c0ac91aed16641b1bf7bd445c03d4) Importer(2089858483,b0f066a214c2f5e87bad3c948f4d605d) (ScriptedImporter) -> (artifact id: '4a1097dd012e7ef0947c3f7f36d68a84') in 0.0168944 seconds
Number of updated asset objects reloaded before import = 0Number of asset objects unloaded after import = 1

========================================================================
Received Import Request.
  Time since last request: 0.000030 seconds.
  path: Assets/3.UI/kenney_cursor-pixel-pack/Tiles/tile_0111.png
  artifactKey: Guid(33643d7d4b5a5aa4cbe4970fc15bb3d0) Importer(2089858483,b0f066a214c2f5e87bad3c948f4d605d)
Start importing Assets/3.UI/kenney_cursor-pixel-pack/Tiles/tile_0111.png using Guid(33643d7d4b5a5aa4cbe4970fc15bb3d0) Importer(2089858483,b0f066a214c2f5e87bad3c948f4d605d) (ScriptedImporter) -> (artifact id: '28fcfcd9c5307f95a6ef0d7a68661087') in 0.017705 seconds
Number of updated asset objects reloaded before import = 0Number of asset objects unloaded after import = 1

========================================================================
Received Import Request.
  Time since last request: 0.000030 seconds.
  path: Assets/3.UI/kenney_board-game-icons/PNG/Default (64px)/d8_number.png
  artifactKey: Guid(abc98281748a93744a90f0bfc550fed0) Importer(2089858483,b0f066a214c2f5e87bad3c948f4d605d)
Start importing Assets/3.UI/kenney_board-game-icons/PNG/Default (64px)/d8_number.png using Guid(abc98281748a93744a90f0bfc550fed0) Importer(2089858483,b0f066a214c2f5e87bad3c948f4d605d) (ScriptedImporter) -> (artifact id: '41c18929e3e6bc2aa3002014c2982429') in 0.0162766 seconds
Number of updated asset objects reloaded before import = 0Number of asset objects unloaded after import = 1

========================================================================
Received Import Request.
  Time since last request: 0.000024 seconds.
  path: Assets/3.UI/kenney_desert-shooter-pack_1.0/PNG/Tiles/Tiles/tile_0045.png
  artifactKey: Guid(08b40c36369a8a64486ca841d56a8bd3) Importer(2089858483,b0f066a214c2f5e87bad3c948f4d605d)
Start importing Assets/3.UI/kenney_desert-shooter-pack_1.0/PNG/Tiles/Tiles/tile_0045.png using Guid(08b40c36369a8a64486ca841d56a8bd3) Importer(2089858483,b0f066a214c2f5e87bad3c948f4d605d) (ScriptedImporter) -> (artifact id: 'a7359f68208a7326abefa5b0abbb2a5e') in 0.0201954 seconds
Number of updated asset objects reloaded before import = 0Number of asset objects unloaded after import = 1

========================================================================
Received Import Request.
  Time since last request: 0.000028 seconds.
  path: Assets/3.UI/kenney_desert-shooter-pack_1.0/PNG/Interface/Tiles/tile_0088.png
  artifactKey: Guid(257af88c91e9640428499e72b7be8c6b) Importer(2089858483,b0f066a214c2f5e87bad3c948f4d605d)
Start importing Assets/3.UI/kenney_desert-shooter-pack_1.0/PNG/Interface/Tiles/tile_0088.png using Guid(257af88c91e9640428499e72b7be8c6b) Importer(2089858483,b0f066a214c2f5e87bad3c948f4d605d) (ScriptedImporter) -> (artifact id: '061b13cc588b6ebd1bd0e319dbfd0996') in 0.021087 seconds
Number of updated asset objects reloaded before import = 0Number of asset objects unloaded after import = 1

========================================================================
Received Import Request.
  Time since last request: 0.000028 seconds.
  path: Assets/3.UI/kenney_board-game-icons/PNG/Double (128px)/dice_3D_detailed.png
  artifactKey: Guid(29d9beba876bd784f923b534c0c9fce7) Importer(2089858483,b0f066a214c2f5e87bad3c948f4d605d)
Start importing Assets/3.UI/kenney_board-game-icons/PNG/Double (128px)/dice_3D_detailed.png using Guid(29d9beba876bd784f923b534c0c9fce7) Importer(2089858483,b0f066a214c2f5e87bad3c948f4d605d) (ScriptedImporter) -> (artifact id: '0143c02258d6eedb3250b6c5dc78ec6a') in 0.0194671 seconds
Number of updated asset objects reloaded before import = 0Number of asset objects unloaded after import = 1

========================================================================
Received Import Request.
  Time since last request: 0.000084 seconds.
  path: Assets/3.UI/kenney_desert-shooter-pack_1.0/PNG/Interface/Tiles/tile_0187.png
  artifactKey: Guid(f860532ebb758374fabff4d33f432993) Importer(2089858483,b0f066a214c2f5e87bad3c948f4d605d)
Start importing Assets/3.UI/kenney_desert-shooter-pack_1.0/PNG/Interface/Tiles/tile_0187.png using Guid(f860532ebb758374fabff4d33f432993) Importer(2089858483,b0f066a214c2f5e87bad3c948f4d605d) (ScriptedImporter) -> (artifact id: '6e73c7153aacfd62dc1a80563e5e20dd') in 0.0244144 seconds
Number of updated asset objects reloaded before import = 0Number of asset objects unloaded after import = 1

========================================================================
Received Import Request.
  Time since last request: 0.000025 seconds.
  path: Assets/3.UI/kenney_desert-shooter-pack_1.0/PNG/Tiles/Tiles/tile_0161.png
  artifactKey: Guid(34d07902094bbb047b567b021d2d2e40) Importer(2089858483,b0f066a214c2f5e87bad3c948f4d605d)
Start importing Assets/3.UI/kenney_desert-shooter-pack_1.0/PNG/Tiles/Tiles/tile_0161.png using Guid(34d07902094bbb047b567b021d2d2e40) Importer(2089858483,b0f066a214c2f5e87bad3c948f4d605d) (ScriptedImporter) -> (artifact id: '325837d71136883c406bdbd6c9263e78') in 0.0250191 seconds
Number of updated asset objects reloaded before import = 0Number of asset objects unloaded after import = 1

========================================================================
Received Import Request.
  Time since last request: 0.000017 seconds.
  path: Assets/3.UI/kenney_desert-shooter-pack_1.0/PNG/Weapons/Tiles/tile_0008.png
  artifactKey: Guid(26ca3607b2fa67143bd6f36ee8dd3c38) Importer(2089858483,b0f066a214c2f5e87bad3c948f4d605d)
Start importing Assets/3.UI/kenney_desert-shooter-pack_1.0/PNG/Weapons/Tiles/tile_0008.png using Guid(26ca3607b2fa67143bd6f36ee8dd3c38) Importer(2089858483,b0f066a214c2f5e87bad3c948f4d605d) (ScriptedImporter) -> (artifact id: 'e43a677b1463f2687cc880ed96e02c28') in 0.0183136 seconds
Number of updated asset objects reloaded before import = 0Number of asset objects unloaded after import = 1

========================================================================
Received Import Request.
  Time since last request: 0.000028 seconds.
  path: Assets/3.UI/kenney_cursor-pixel-pack/Tiles/tile_0016.png
  artifactKey: Guid(7966189d170ca9c499e939a7a18ede55) Importer(2089858483,b0f066a214c2f5e87bad3c948f4d605d)
Start importing Assets/3.UI/kenney_cursor-pixel-pack/Tiles/tile_0016.png using Guid(7966189d170ca9c499e939a7a18ede55) Importer(2089858483,b0f066a214c2f5e87bad3c948f4d605d) (ScriptedImporter) -> (artifact id: '57404574145d68d505c5414bdeaf64d5') in 0.020984 seconds
Number of updated asset objects reloaded before import = 0Number of asset objects unloaded after import = 1

========================================================================
Received Import Request.
  Time since last request: 0.000031 seconds.
  path: Assets/3.UI/kenney_desert-shooter-pack_1.0/PNG/Tiles/Tiles/tile_0032.png
  artifactKey: Guid(4ea31f930fe2d4241a9374d15e20ea28) Importer(2089858483,b0f066a214c2f5e87bad3c948f4d605d)
Start importing Assets/3.UI/kenney_desert-shooter-pack_1.0/PNG/Tiles/Tiles/tile_0032.png using Guid(4ea31f930fe2d4241a9374d15e20ea28) Importer(2089858483,b0f066a214c2f5e87bad3c948f4d605d) (ScriptedImporter) -> (artifact id: '0a382ae9cc46f440e1b1ea27698e5ea8') in 0.0193594 seconds
Number of updated asset objects reloaded before import = 0Number of asset objects unloaded after import = 1

========================================================================
Received Import Request.
  Time since last request: 0.000021 seconds.
  path: Assets/3.UI/kenney_cursor-pixel-pack/Tiles/tile_0151.png
  artifactKey: Guid(2cd5ed3addd1d3641b8714fd27ed6f61) Importer(2089858483,b0f066a214c2f5e87bad3c948f4d605d)
Start importing Assets/3.UI/kenney_cursor-pixel-pack/Tiles/tile_0151.png using Guid(2cd5ed3addd1d3641b8714fd27ed6f61) Importer(2089858483,b0f066a214c2f5e87bad3c948f4d605d) (ScriptedImporter) -> (artifact id: 'ae88e0105aaf04d64373751142d3e698') in 0.0261869 seconds
Number of updated asset objects reloaded before import = 0Number of asset objects unloaded after import = 1

========================================================================
Received Import Request.
  Time since last request: 0.000023 seconds.
  path: Assets/3.UI/kenney_desert-shooter-pack_1.0/PNG/Weapons/Tiles/tile_0017.png
  artifactKey: Guid(3fd134758d1b3b64684011ab6be8de5f) Importer(2089858483,b0f066a214c2f5e87bad3c948f4d605d)
Start importing Assets/3.UI/kenney_desert-shooter-pack_1.0/PNG/Weapons/Tiles/tile_0017.png using Guid(3fd134758d1b3b64684011ab6be8de5f) Importer(2089858483,b0f066a214c2f5e87bad3c948f4d605d) (ScriptedImporter) -> (artifact id: '851ffdd3581cb44553fcc9c2c78c536a') in 0.0291381 seconds
Number of updated asset objects reloaded before import = 0Number of asset objects unloaded after import = 1

========================================================================
Received Import Request.
  Time since last request: 0.000024 seconds.
  path: Assets/3.UI/kenney_desert-shooter-pack_1.0/PNG/Tiles/Tiles/tile_0000.png
  artifactKey: Guid(e17bd6ba674509d48b5743e080804c47) Importer(2089858483,b0f066a214c2f5e87bad3c948f4d605d)
Start importing Assets/3.UI/kenney_desert-shooter-pack_1.0/PNG/Tiles/Tiles/tile_0000.png using Guid(e17bd6ba674509d48b5743e080804c47) Importer(2089858483,b0f066a214c2f5e87bad3c948f4d605d) (ScriptedImporter) -> (artifact id: '989611b241f1b362c03d8da540b1336b') in 0.0252831 seconds
Number of updated asset objects reloaded before import = 0Number of asset objects unloaded after import = 1

========================================================================
Received Import Request.
  Time since last request: 0.000166 seconds.
  path: Assets/3.UI/kenney_board-game-icons/PNG/Double (128px)/notepad_write.png
  artifactKey: Guid(af58d5a6611e5fc43923ef2d68c0abd0) Importer(2089858483,b0f066a214c2f5e87bad3c948f4d605d)
Start importing Assets/3.UI/kenney_board-game-icons/PNG/Double (128px)/notepad_write.png using Guid(af58d5a6611e5fc43923ef2d68c0abd0) Importer(2089858483,b0f066a214c2f5e87bad3c948f4d605d) (ScriptedImporter) -> (artifact id: '8da85c8484cb7fec71832d3652333591') in 0.0242129 seconds
Number of updated asset objects reloaded before import = 0Number of asset objects unloaded after import = 1

========================================================================
Received Import Request.
  Time since last request: 0.000022 seconds.
  path: Assets/3.UI/kenney_board-game-icons/Vector/Icons/pouch_add.svg
  artifactKey: Guid(cb2549fa5a7293a4582eccd718f81164) Importer(2089858483,b0f066a214c2f5e87bad3c948f4d605d)
Start importing Assets/3.UI/kenney_board-game-icons/Vector/Icons/pouch_add.svg using Guid(cb2549fa5a7293a4582eccd718f81164) Importer(2089858483,b0f066a214c2f5e87bad3c948f4d605d) (ScriptedImporter) -> (artifact id: 'd8686f6f2e8a6f3e87d8050e5be8ecee') in 0.0249367 seconds
Number of updated asset objects reloaded before import = 0Number of asset objects unloaded after import = 1

========================================================================
Received Import Request.
  Time since last request: 0.000023 seconds.
  path: Assets/3.UI/kenney_board-game-icons/Vector/Icons/chess_queen.svg
  artifactKey: Guid(027398ce103fcf94eb65d6522375ae53) Importer(2089858483,b0f066a214c2f5e87bad3c948f4d605d)
Start importing Assets/3.UI/kenney_board-game-icons/Vector/Icons/chess_queen.svg using Guid(027398ce103fcf94eb65d6522375ae53) Importer(2089858483,b0f066a214c2f5e87bad3c948f4d605d) (ScriptedImporter) -> (artifact id: 'e3349bbf282471c76fafad5e82edc661') in 0.0220025 seconds
Number of updated asset objects reloaded before import = 0Number of asset objects unloaded after import = 1

========================================================================
Received Import Request.
  Time since last request: 0.000023 seconds.
  path: Assets/3.UI/kenney_board-game-icons/Vector/Icons/resource_iron.svg
  artifactKey: Guid(8034a439cc25ad7499508d8ba33cd1ba) Importer(2089858483,b0f066a214c2f5e87bad3c948f4d605d)
Start importing Assets/3.UI/kenney_board-game-icons/Vector/Icons/resource_iron.svg using Guid(8034a439cc25ad7499508d8ba33cd1ba) Importer(2089858483,b0f066a214c2f5e87bad3c948f4d605d) (ScriptedImporter) -> (artifact id: '8b590b20171029bf748d84f56dab8c7b') in 0.0277748 seconds
Number of updated asset objects reloaded before import = 0Number of asset objects unloaded after import = 1

========================================================================
Received Import Request.
  Time since last request: 0.000043 seconds.
  path: Assets/3.UI/kenney_board-game-icons/Vector/Icons/pawn_up.svg
  artifactKey: Guid(790f250d5848cf24ab37d12492f0f9b7) Importer(2089858483,b0f066a214c2f5e87bad3c948f4d605d)
Start importing Assets/3.UI/kenney_board-game-icons/Vector/Icons/pawn_up.svg using Guid(790f250d5848cf24ab37d12492f0f9b7) Importer(2089858483,b0f066a214c2f5e87bad3c948f4d605d) (ScriptedImporter) -> (artifact id: '7033320af591f39b7e64781ffbb70c1c') in 0.0247756 seconds
Number of updated asset objects reloaded before import = 0Number of asset objects unloaded after import = 1

========================================================================
Received Import Request.
  Time since last request: 0.000024 seconds.
  path: Assets/3.UI/kenney_desert-shooter-pack_1.0/PNG/Tiles/Tiles/tile_0143.png
  artifactKey: Guid(bfd14f7b292f2194ab55ae7ada4a29df) Importer(2089858483,b0f066a214c2f5e87bad3c948f4d605d)
Start importing Assets/3.UI/kenney_desert-shooter-pack_1.0/PNG/Tiles/Tiles/tile_0143.png using Guid(bfd14f7b292f2194ab55ae7ada4a29df) Importer(2089858483,b0f066a214c2f5e87bad3c948f4d605d) (ScriptedImporter) -> (artifact id: '757520dbc55695ddca3d833c12b1b5f0') in 0.0186736 seconds
Number of updated asset objects reloaded before import = 0Number of asset objects unloaded after import = 1

========================================================================
Received Import Request.
  Time since last request: 0.000034 seconds.
  path: Assets/3.UI/kenney_cursor-pixel-pack/Tiles/tile_0117.png
  artifactKey: Guid(a5ca7f6976b101e4c95032d10df01e0f) Importer(2089858483,b0f066a214c2f5e87bad3c948f4d605d)
Start importing Assets/3.UI/kenney_cursor-pixel-pack/Tiles/tile_0117.png using Guid(a5ca7f6976b101e4c95032d10df01e0f) Importer(2089858483,b0f066a214c2f5e87bad3c948f4d605d) (ScriptedImporter) -> (artifact id: '080ed5fa1566fdb961d4b4911fbf8bee') in 0.0195815 seconds
Number of updated asset objects reloaded before import = 0Number of asset objects unloaded after import = 1

========================================================================
Received Import Request.
  Time since last request: 0.000034 seconds.
  path: Assets/3.UI/kenney_desert-shooter-pack_1.0/PNG/Tiles/Tiles/tile_0018.png
  artifactKey: Guid(60f29a3b5a2074f4788a038e86ea0f72) Importer(2089858483,b0f066a214c2f5e87bad3c948f4d605d)
Start importing Assets/3.UI/kenney_desert-shooter-pack_1.0/PNG/Tiles/Tiles/tile_0018.png using Guid(60f29a3b5a2074f4788a038e86ea0f72) Importer(2089858483,b0f066a214c2f5e87bad3c948f4d605d) (ScriptedImporter) -> (artifact id: '58f387f696899091354b7842a797c58e') in 0.0258617 seconds
Number of updated asset objects reloaded before import = 0Number of asset objects unloaded after import = 1

========================================================================
Received Import Request.
  Time since last request: 0.000109 seconds.
  path: Assets/3.UI/kenney_board-game-icons/PNG/Double (128px)/dollar.png
  artifactKey: Guid(ec2034d3b1004f143a7ee8b980d895e7) Importer(2089858483,b0f066a214c2f5e87bad3c948f4d605d)
Start importing Assets/3.UI/kenney_board-game-icons/PNG/Double (128px)/dollar.png using Guid(ec2034d3b1004f143a7ee8b980d895e7) Importer(2089858483,b0f066a214c2f5e87bad3c948f4d605d) (ScriptedImporter) -> (artifact id: 'dab45b4e3bcc5d16b4e0b9e437b0039c') in 0.0211387 seconds
Number of updated asset objects reloaded before import = 0Number of asset objects unloaded after import = 1

========================================================================
Received Import Request.
  Time since last request: 0.000026 seconds.
  path: Assets/3.UI/kenney_cursor-pixel-pack/Tiles/tile_0035.png
  artifactKey: Guid(eabf40f58cea44747890f07ee9353091) Importer(2089858483,b0f066a214c2f5e87bad3c948f4d605d)
Start importing Assets/3.UI/kenney_cursor-pixel-pack/Tiles/tile_0035.png using Guid(eabf40f58cea44747890f07ee9353091) Importer(2089858483,b0f066a214c2f5e87bad3c948f4d605d) (ScriptedImporter) -> (artifact id: '57940e5785498bb78615df47d10e26ba') in 0.0269018 seconds
Number of updated asset objects reloaded before import = 0Number of asset objects unloaded after import = 1

========================================================================
Received Import Request.
  Time since last request: 0.000020 seconds.
  path: Assets/3.UI/kenney_desert-shooter-pack_1.0/PNG/Interface/Tiles/tile_0052.png
  artifactKey: Guid(ee1e59be37d7deb4eb853e2f9856ca1f) Importer(2089858483,b0f066a214c2f5e87bad3c948f4d605d)
Start importing Assets/3.UI/kenney_desert-shooter-pack_1.0/PNG/Interface/Tiles/tile_0052.png using Guid(ee1e59be37d7deb4eb853e2f9856ca1f) Importer(2089858483,b0f066a214c2f5e87bad3c948f4d605d) (ScriptedImporter) -> (artifact id: '7ee9caa716d1e0d66845c6bff22db873') in 0.0221439 seconds
Number of updated asset objects reloaded before import = 0Number of asset objects unloaded after import = 1

========================================================================
Received Import Request.
  Time since last request: 0.000025 seconds.
  path: Assets/3.UI/kenney_board-game-icons/PNG/Default (64px)/dice_sword.png
  artifactKey: Guid(be336cec20b3ecf41b5bf5e77d721fd4) Importer(2089858483,b0f066a214c2f5e87bad3c948f4d605d)
Start importing Assets/3.UI/kenney_board-game-icons/PNG/Default (64px)/dice_sword.png using Guid(be336cec20b3ecf41b5bf5e77d721fd4) Importer(2089858483,b0f066a214c2f5e87bad3c948f4d605d) (ScriptedImporter) -> (artifact id: 'fe3d9e7b00111d3a178a4743cd202a12') in 0.019765 seconds
Number of updated asset objects reloaded before import = 0Number of asset objects unloaded after import = 1

========================================================================
Received Import Request.
  Time since last request: 0.000027 seconds.
  path: Assets/3.UI/kenney_cursor-pixel-pack/Tiles/tile_0215.png
  artifactKey: Guid(2f7544364d530074883fd55db807163d) Importer(2089858483,b0f066a214c2f5e87bad3c948f4d605d)
Start importing Assets/3.UI/kenney_cursor-pixel-pack/Tiles/tile_0215.png using Guid(2f7544364d530074883fd55db807163d) Importer(2089858483,b0f066a214c2f5e87bad3c948f4d605d) (ScriptedImporter) -> (artifact id: '3669a283dee2b1572c4779e2842a81c8') in 0.0190035 seconds
Number of updated asset objects reloaded before import = 0Number of asset objects unloaded after import = 1

========================================================================
Received Import Request.
  Time since last request: 0.000041 seconds.
  path: Assets/3.UI/kenney_cursor-pixel-pack/Preview.png
  artifactKey: Guid(e2a976f50e475b9499140e2f8db4766c) Importer(2089858483,b0f066a214c2f5e87bad3c948f4d605d)
Start importing Assets/3.UI/kenney_cursor-pixel-pack/Preview.png using Guid(e2a976f50e475b9499140e2f8db4766c) Importer(2089858483,b0f066a214c2f5e87bad3c948f4d605d) (ScriptedImporter) -> (artifact id: 'cc4936033fe89f92745ac02cf05331d2') in 0.022007 seconds
Number of updated asset objects reloaded before import = 0Number of asset objects unloaded after import = 1

========================================================================
Received Import Request.
  Time since last request: 0.000024 seconds.
  path: Assets/3.UI/kenney_desert-shooter-pack_1.0/PNG/Tiles/Tiles/tile_0210.png
  artifactKey: Guid(6ce84952dc9d8194ba59f6a343b3cfe3) Importer(2089858483,b0f066a214c2f5e87bad3c948f4d605d)
Start importing Assets/3.UI/kenney_desert-shooter-pack_1.0/PNG/Tiles/Tiles/tile_0210.png using Guid(6ce84952dc9d8194ba59f6a343b3cfe3) Importer(2089858483,b0f066a214c2f5e87bad3c948f4d605d) (ScriptedImporter) -> (artifact id: 'f56ffd0aaf18168b9a7ee13ec5cf0199') in 0.0193761 seconds
Number of updated asset objects reloaded before import = 0Number of asset objects unloaded after import = 1

========================================================================
Received Import Request.
  Time since last request: 0.000027 seconds.
  path: Assets/3.UI/kenney_board-game-icons/Vector/Icons/d3_outline.svg
  artifactKey: Guid(d3f192b2750d65d43bbc5deb83efcc19) Importer(2089858483,b0f066a214c2f5e87bad3c948f4d605d)
Start importing Assets/3.UI/kenney_board-game-icons/Vector/Icons/d3_outline.svg using Guid(d3f192b2750d65d43bbc5deb83efcc19) Importer(2089858483,b0f066a214c2f5e87bad3c948f4d605d) (ScriptedImporter) -> (artifact id: 'c1aa29ad31952b24a718b8f09bcba9fd') in 0.0190659 seconds
Number of updated asset objects reloaded before import = 0Number of asset objects unloaded after import = 1

========================================================================
Received Import Request.
  Time since last request: 0.000029 seconds.
  path: Assets/3.UI/kenney_board-game-icons/PNG/Default (64px)/direction_n.png
  artifactKey: Guid(695868b0beba47f4b813e4af295b0225) Importer(2089858483,b0f066a214c2f5e87bad3c948f4d605d)
Start importing Assets/3.UI/kenney_board-game-icons/PNG/Default (64px)/direction_n.png using Guid(695868b0beba47f4b813e4af295b0225) Importer(2089858483,b0f066a214c2f5e87bad3c948f4d605d) (ScriptedImporter) -> (artifact id: '230eb0306d3392e9cc239977b5d57250') in 0.0208291 seconds
Number of updated asset objects reloaded before import = 0Number of asset objects unloaded after import = 1

========================================================================
Received Import Request.
  Time since last request: 0.000017 seconds.
  path: Assets/3.UI/kenney_board-game-icons/Vector/Icons/flip_head.svg
  artifactKey: Guid(1224d062fabf06748b6924bd26dedd14) Importer(2089858483,b0f066a214c2f5e87bad3c948f4d605d)
Start importing Assets/3.UI/kenney_board-game-icons/Vector/Icons/flip_head.svg using Guid(1224d062fabf06748b6924bd26dedd14) Importer(2089858483,b0f066a214c2f5e87bad3c948f4d605d) (ScriptedImporter) -> (artifact id: '85fd5bf6a46e0e485641ce384f2a1f02') in 0.0165891 seconds
Number of updated asset objects reloaded before import = 0Number of asset objects unloaded after import = 1

========================================================================
Received Import Request.
  Time since last request: 0.000022 seconds.
  path: Assets/3.UI/kenney_desert-shooter-pack_1.0/PNG/Tiles/Tiles/tile_0076.png
  artifactKey: Guid(e3265a536d72afa44a36833e3e8f96e9) Importer(2089858483,b0f066a214c2f5e87bad3c948f4d605d)
Start importing Assets/3.UI/kenney_desert-shooter-pack_1.0/PNG/Tiles/Tiles/tile_0076.png using Guid(e3265a536d72afa44a36833e3e8f96e9) Importer(2089858483,b0f066a214c2f5e87bad3c948f4d605d) (ScriptedImporter) -> (artifact id: '6e4964d12d1986ce06fd55127f37c304') in 0.0240524 seconds
Number of updated asset objects reloaded before import = 0Number of asset objects unloaded after import = 1

========================================================================
Received Import Request.
  Time since last request: 0.000021 seconds.
  path: Assets/3.UI/kenney_cursor-pixel-pack/Tiles/tile_0012.png
  artifactKey: Guid(95ebfce6dad004d43aedc3d694c80b2f) Importer(2089858483,b0f066a214c2f5e87bad3c948f4d605d)
Start importing Assets/3.UI/kenney_cursor-pixel-pack/Tiles/tile_0012.png using Guid(95ebfce6dad004d43aedc3d694c80b2f) Importer(2089858483,b0f066a214c2f5e87bad3c948f4d605d) (ScriptedImporter) -> (artifact id: '89b6a52e44518c7d670b292a37eed350') in 0.0218799 seconds
Number of updated asset objects reloaded before import = 0Number of asset objects unloaded after import = 1

========================================================================
Received Import Request.
  Time since last request: 0.000036 seconds.
  path: Assets/3.UI/kenney_desert-shooter-pack_1.0/PNG/Players/Tiles/tile_0004.png
  artifactKey: Guid(e3d365ebcc6b55444820249b73542bf3) Importer(2089858483,b0f066a214c2f5e87bad3c948f4d605d)
Start importing Assets/3.UI/kenney_desert-shooter-pack_1.0/PNG/Players/Tiles/tile_0004.png using Guid(e3d365ebcc6b55444820249b73542bf3) Importer(2089858483,b0f066a214c2f5e87bad3c948f4d605d) (ScriptedImporter) -> (artifact id: 'edb94f3fa5bf8a0bd0ec09ead2bcf33c') in 0.0260615 seconds
Number of updated asset objects reloaded before import = 0Number of asset objects unloaded after import = 1

========================================================================
Received Import Request.
  Time since last request: 0.000023 seconds.
  path: Assets/3.UI/kenney_desert-shooter-pack_1.0/PNG/Players/Tilesheet.txt
  artifactKey: Guid(9b5c0e2f5cd33b443ae3dfa0dd311f9c) Importer(2089858483,b0f066a214c2f5e87bad3c948f4d605d)
Start importing Assets/3.UI/kenney_desert-shooter-pack_1.0/PNG/Players/Tilesheet.txt using Guid(9b5c0e2f5cd33b443ae3dfa0dd311f9c) Importer(2089858483,b0f066a214c2f5e87bad3c948f4d605d) (ScriptedImporter) -> (artifact id: '116c7895cf222a18591fa237bd20f369') in 0.017848 seconds
Number of updated asset objects reloaded before import = 0Number of asset objects unloaded after import = 1

========================================================================
Received Import Request.
  Time since last request: 0.000017 seconds.
  path: Assets/3.UI/kenney_desert-shooter-pack_1.0/PNG/Tiles/Tiles/tile_0127.png
  artifactKey: Guid(25cd5ce2d177cab44b3984abf82ebb00) Importer(2089858483,b0f066a214c2f5e87bad3c948f4d605d)
Start importing Assets/3.UI/kenney_desert-shooter-pack_1.0/PNG/Tiles/Tiles/tile_0127.png using Guid(25cd5ce2d177cab44b3984abf82ebb00) Importer(2089858483,b0f066a214c2f5e87bad3c948f4d605d) (ScriptedImporter) -> (artifact id: '7e844e214d4effbbfdf4caef42d2d103') in 0.0221807 seconds
Number of updated asset objects reloaded before import = 0Number of asset objects unloaded after import = 1

========================================================================
Received Import Request.
  Time since last request: 0.000022 seconds.
  path: Assets/3.UI/kenney_desert-shooter-pack_1.0/PNG/Tiles/Tiles/tile_0059.png
  artifactKey: Guid(b9efd953a00b9ca43a60d2ee56dcaf2e) Importer(2089858483,b0f066a214c2f5e87bad3c948f4d605d)
Start importing Assets/3.UI/kenney_desert-shooter-pack_1.0/PNG/Tiles/Tiles/tile_0059.png using Guid(b9efd953a00b9ca43a60d2ee56dcaf2e) Importer(2089858483,b0f066a214c2f5e87bad3c948f4d605d) (ScriptedImporter) -> (artifact id: '9e37050eddea143f8e97a0e396556511') in 0.0253232 seconds
Number of updated asset objects reloaded before import = 0Number of asset objects unloaded after import = 1

========================================================================
Received Import Request.
  Time since last request: 0.000036 seconds.
  path: Assets/3.UI/kenney_desert-shooter-pack_1.0/PNG/Tiles/Tiles/tile_0146.png
  artifactKey: Guid(eded80bdffae0334c95f8ebaaea1ef1c) Importer(2089858483,b0f066a214c2f5e87bad3c948f4d605d)
Start importing Assets/3.UI/kenney_desert-shooter-pack_1.0/PNG/Tiles/Tiles/tile_0146.png using Guid(eded80bdffae0334c95f8ebaaea1ef1c) Importer(2089858483,b0f066a214c2f5e87bad3c948f4d605d) (ScriptedImporter) -> (artifact id: '610f8851cd945bf69e9fcc9815d5151a') in 0.0241665 seconds
Number of updated asset objects reloaded before import = 0Number of asset objects unloaded after import = 1

========================================================================
Received Import Request.
  Time since last request: 0.000020 seconds.
  path: Assets/3.UI/kenney_cursor-pixel-pack/Tiles/tile_0149.png
  artifactKey: Guid(93a9ebfd4e5919d49b3fd6f35d1b2e55) Importer(2089858483,b0f066a214c2f5e87bad3c948f4d605d)
Start importing Assets/3.UI/kenney_cursor-pixel-pack/Tiles/tile_0149.png using Guid(93a9ebfd4e5919d49b3fd6f35d1b2e55) Importer(2089858483,b0f066a214c2f5e87bad3c948f4d605d) (ScriptedImporter) -> (artifact id: '02eda058750c4144dce6eb55e537e165') in 0.0247306 seconds
Number of updated asset objects reloaded before import = 0Number of asset objects unloaded after import = 1

========================================================================
Received Import Request.
  Time since last request: 0.000016 seconds.
  path: Assets/3.UI/kenney_desert-shooter-pack_1.0/PNG/Tiles/Tiles/tile_0038.png
  artifactKey: Guid(3b3f37607c8609b479997753e2271d64) Importer(2089858483,b0f066a214c2f5e87bad3c948f4d605d)
Start importing Assets/3.UI/kenney_desert-shooter-pack_1.0/PNG/Tiles/Tiles/tile_0038.png using Guid(3b3f37607c8609b479997753e2271d64) Importer(2089858483,b0f066a214c2f5e87bad3c948f4d605d) (ScriptedImporter) -> (artifact id: 'e32d207de897f1f8d3c0e033df199db2') in 0.0278144 seconds
Number of updated asset objects reloaded before import = 0Number of asset objects unloaded after import = 1

========================================================================
Received Import Request.
  Time since last request: 0.000021 seconds.
  path: Assets/3.UI/kenney_board-game-icons/Vector/Icons/pawn_skip.svg
  artifactKey: Guid(3ed8f892906857141b53c86ba85c97c5) Importer(2089858483,b0f066a214c2f5e87bad3c948f4d605d)
Start importing Assets/3.UI/kenney_board-game-icons/Vector/Icons/pawn_skip.svg using Guid(3ed8f892906857141b53c86ba85c97c5) Importer(2089858483,b0f066a214c2f5e87bad3c948f4d605d) (ScriptedImporter) -> (artifact id: '5d61ab36431c0f1714373468e8464e8a') in 0.0251337 seconds
Number of updated asset objects reloaded before import = 0Number of asset objects unloaded after import = 1

========================================================================
Received Import Request.
  Time since last request: 0.000029 seconds.
  path: Assets/3.UI/kenney_desert-shooter-pack_1.0/PNG/Tiles/Tiles/tile_0125.png
  artifactKey: Guid(071aba6895043724bb0c255dadbc1f7b) Importer(2089858483,b0f066a214c2f5e87bad3c948f4d605d)
Start importing Assets/3.UI/kenney_desert-shooter-pack_1.0/PNG/Tiles/Tiles/tile_0125.png using Guid(071aba6895043724bb0c255dadbc1f7b) Importer(2089858483,b0f066a214c2f5e87bad3c948f4d605d) (ScriptedImporter) -> (artifact id: '5e2e19c0e57fa883e99c2cab8447c131') in 0.0257507 seconds
Number of updated asset objects reloaded before import = 0Number of asset objects unloaded after import = 1

========================================================================
Received Import Request.
  Time since last request: 0.000018 seconds.
  path: Assets/3.UI/kenney_cursor-pixel-pack/Tiles/tile_0135.png
  artifactKey: Guid(2067056cf2fc79f4491dc982a6a61328) Importer(2089858483,b0f066a214c2f5e87bad3c948f4d605d)
Start importing Assets/3.UI/kenney_cursor-pixel-pack/Tiles/tile_0135.png using Guid(2067056cf2fc79f4491dc982a6a61328) Importer(2089858483,b0f066a214c2f5e87bad3c948f4d605d) (ScriptedImporter) -> (artifact id: '86ba0220b986866e621c920c90e11cec') in 0.0230124 seconds
Number of updated asset objects reloaded before import = 0Number of asset objects unloaded after import = 1

========================================================================
Received Import Request.
  Time since last request: 0.000029 seconds.
  path: Assets/3.UI/kenney_cursor-pixel-pack/Tiles/tile_0053.png
  artifactKey: Guid(6e5fdfcf2b40f8043bad5f3cc7f4bc40) Importer(2089858483,b0f066a214c2f5e87bad3c948f4d605d)
Start importing Assets/3.UI/kenney_cursor-pixel-pack/Tiles/tile_0053.png using Guid(6e5fdfcf2b40f8043bad5f3cc7f4bc40) Importer(2089858483,b0f066a214c2f5e87bad3c948f4d605d) (ScriptedImporter) -> (artifact id: '147ddaf68acdfa32fa9f5f79f4733d0e') in 0.0215783 seconds
Number of updated asset objects reloaded before import = 0Number of asset objects unloaded after import = 1

========================================================================
Received Import Request.
  Time since last request: 0.000038 seconds.
  path: Assets/3.UI/kenney_cursor-pixel-pack/Tiles/tile_0105.png
  artifactKey: Guid(346b994c5babe6441ba9effff9e4fad5) Importer(2089858483,b0f066a214c2f5e87bad3c948f4d605d)
Start importing Assets/3.UI/kenney_cursor-pixel-pack/Tiles/tile_0105.png using Guid(346b994c5babe6441ba9effff9e4fad5) Importer(2089858483,b0f066a214c2f5e87bad3c948f4d605d) (ScriptedImporter) -> (artifact id: '07b3c162a56ec21695961e61684d06e0') in 0.0252181 seconds
Number of updated asset objects reloaded before import = 0Number of asset objects unloaded after import = 1

========================================================================
Received Import Request.
  Time since last request: 0.000064 seconds.
  path: Assets/3.UI/kenney_desert-shooter-pack_1.0/Sounds/coin-b.ogg
  artifactKey: Guid(e0db045e836fd7748bcdd20a4b638f5e) Importer(2089858483,b0f066a214c2f5e87bad3c948f4d605d)
Start importing Assets/3.UI/kenney_desert-shooter-pack_1.0/Sounds/coin-b.ogg using Guid(e0db045e836fd7748bcdd20a4b638f5e) Importer(2089858483,b0f066a214c2f5e87bad3c948f4d605d) (ScriptedImporter) -> (artifact id: '9dfb7e45616fa78ee5b91427531da072') in 0.0298974 seconds
Number of updated asset objects reloaded before import = 0Number of asset objects unloaded after import = 1

========================================================================
Received Import Request.
  Time since last request: 0.000023 seconds.
  path: Assets/3.UI/kenney_board-game-icons/PNG/Default (64px)/flask_full.png
  artifactKey: Guid(b1e6da06762e26b49a9ecf2e2659d0b1) Importer(2089858483,b0f066a214c2f5e87bad3c948f4d605d)
Start importing Assets/3.UI/kenney_board-game-icons/PNG/Default (64px)/flask_full.png using Guid(b1e6da06762e26b49a9ecf2e2659d0b1) Importer(2089858483,b0f066a214c2f5e87bad3c948f4d605d) (ScriptedImporter) -> (artifact id: '005109a82ca73f95d0a0caec7c72c1a8') in 0.0246204 seconds
Number of updated asset objects reloaded before import = 0Number of asset objects unloaded after import = 1

========================================================================
Received Import Request.
  Time since last request: 0.000017 seconds.
  path: Assets/3.UI/kenney_board-game-icons/Vector/Icons/tag_7.svg
  artifactKey: Guid(c821763747d862a4e9ebde08d5f50a34) Importer(2089858483,b0f066a214c2f5e87bad3c948f4d605d)
Start importing Assets/3.UI/kenney_board-game-icons/Vector/Icons/tag_7.svg using Guid(c821763747d862a4e9ebde08d5f50a34) Importer(2089858483,b0f066a214c2f5e87bad3c948f4d605d) (ScriptedImporter) -> (artifact id: 'ec4eecab11f88c810cba257663e81023') in 0.0242898 seconds
Number of updated asset objects reloaded before import = 0Number of asset objects unloaded after import = 1

========================================================================
Received Import Request.
  Time since last request: 0.000021 seconds.
  path: Assets/3.UI/kenney_cursor-pixel-pack/Tiles/tile_0172.png
  artifactKey: Guid(a7b6057877afa0745af3c1ab7d058351) Importer(2089858483,b0f066a214c2f5e87bad3c948f4d605d)
Start importing Assets/3.UI/kenney_cursor-pixel-pack/Tiles/tile_0172.png using Guid(a7b6057877afa0745af3c1ab7d058351) Importer(2089858483,b0f066a214c2f5e87bad3c948f4d605d) (ScriptedImporter) -> (artifact id: 'ed42e52fa190fd44e87b55bdd7ce8a48') in 0.0275299 seconds
Number of updated asset objects reloaded before import = 0Number of asset objects unloaded after import = 1

========================================================================
Received Import Request.
  Time since last request: 0.000037 seconds.
  path: Assets/3.UI/kenney_board-game-icons/PNG/Default (64px)/tag_shield_4.png
  artifactKey: Guid(7cfea16f4476d604583c537d3f63b124) Importer(2089858483,b0f066a214c2f5e87bad3c948f4d605d)
Start importing Assets/3.UI/kenney_board-game-icons/PNG/Default (64px)/tag_shield_4.png using Guid(7cfea16f4476d604583c537d3f63b124) Importer(2089858483,b0f066a214c2f5e87bad3c948f4d605d) (ScriptedImporter) -> (artifact id: '5a7ce459a527cb130c6b572546391d8d') in 0.031139 seconds
Number of updated asset objects reloaded before import = 0Number of asset objects unloaded after import = 1

========================================================================
Received Import Request.
  Time since last request: 0.000027 seconds.
  path: Assets/3.UI/kenney_desert-shooter-pack_1.0/PNG/Tiles/Tiles/tile_0142.png
  artifactKey: Guid(df354813c107b434494c4a856495fda0) Importer(2089858483,b0f066a214c2f5e87bad3c948f4d605d)
Start importing Assets/3.UI/kenney_desert-shooter-pack_1.0/PNG/Tiles/Tiles/tile_0142.png using Guid(df354813c107b434494c4a856495fda0) Importer(2089858483,b0f066a214c2f5e87bad3c948f4d605d) (ScriptedImporter) -> (artifact id: '359f7c0acf54733105d8711b52e1e755') in 0.0215389 seconds
Number of updated asset objects reloaded before import = 0Number of asset objects unloaded after import = 1

========================================================================
Received Import Request.
  Time since last request: 0.000017 seconds.
  path: Assets/3.UI/kenney_board-game-icons/PNG/Default (64px)/flag_triangle.png
  artifactKey: Guid(29a907e4d1e02ea47bb28f515de8f388) Importer(2089858483,b0f066a214c2f5e87bad3c948f4d605d)
Start importing Assets/3.UI/kenney_board-game-icons/PNG/Default (64px)/flag_triangle.png using Guid(29a907e4d1e02ea47bb28f515de8f388) Importer(2089858483,b0f066a214c2f5e87bad3c948f4d605d) (ScriptedImporter) -> (artifact id: '3b835d02cf082108d0292c3b4ba428de') in 0.0239118 seconds
Number of updated asset objects reloaded before import = 0Number of asset objects unloaded after import = 1

========================================================================
Received Import Request.
  Time since last request: 0.000021 seconds.
  path: Assets/3.UI/kenney_board-game-icons/Vector/Icons/pentagon_question.svg
  artifactKey: Guid(e06a2b6b281e3c640b1c0912116cd16e) Importer(2089858483,b0f066a214c2f5e87bad3c948f4d605d)
Start importing Assets/3.UI/kenney_board-game-icons/Vector/Icons/pentagon_question.svg using Guid(e06a2b6b281e3c640b1c0912116cd16e) Importer(2089858483,b0f066a214c2f5e87bad3c948f4d605d) (ScriptedImporter) -> (artifact id: '0b24465835f3a4e95bbde206dc50d579') in 0.022402 seconds
Number of updated asset objects reloaded before import = 0Number of asset objects unloaded after import = 1

========================================================================
Received Import Request.
  Time since last request: 0.000073 seconds.
  path: Assets/3.UI/kenney_board-game-icons/PNG/Double (128px)/cards_seek.png
  artifactKey: Guid(008333d5bf677c148ab2c4ef6b72bf19) Importer(2089858483,b0f066a214c2f5e87bad3c948f4d605d)
Start importing Assets/3.UI/kenney_board-game-icons/PNG/Double (128px)/cards_seek.png using Guid(008333d5bf677c148ab2c4ef6b72bf19) Importer(2089858483,b0f066a214c2f5e87bad3c948f4d605d) (ScriptedImporter) -> (artifact id: 'ec2996ce99fd84b03ed0946865165ffe') in 0.0220056 seconds
Number of updated asset objects reloaded before import = 0Number of asset objects unloaded after import = 1

========================================================================
Received Import Request.
  Time since last request: 0.000017 seconds.
  path: Assets/3.UI/kenney_board-game-icons/PNG/Default (64px)/card_outline_place.png
  artifactKey: Guid(ba85cdbc68d0a214a9e3055d606a3fd3) Importer(2089858483,b0f066a214c2f5e87bad3c948f4d605d)
Start importing Assets/3.UI/kenney_board-game-icons/PNG/Default (64px)/card_outline_place.png using Guid(ba85cdbc68d0a214a9e3055d606a3fd3) Importer(2089858483,b0f066a214c2f5e87bad3c948f4d605d) (ScriptedImporter) -> (artifact id: 'd42a143b773f691f95a70e7c8fc0964f') in 0.0162682 seconds
Number of updated asset objects reloaded before import = 0Number of asset objects unloaded after import = 1

========================================================================
Received Import Request.
  Time since last request: 0.000019 seconds.
  path: Assets/3.UI/kenney_desert-shooter-pack_1.0/PNG/Weapons/Tilemap
  artifactKey: Guid(62ace14e2db526e4b9bbeb11a4afd4c8) Importer(2089858483,b0f066a214c2f5e87bad3c948f4d605d)
Start importing Assets/3.UI/kenney_desert-shooter-pack_1.0/PNG/Weapons/Tilemap using Guid(62ace14e2db526e4b9bbeb11a4afd4c8) Importer(2089858483,b0f066a214c2f5e87bad3c948f4d605d) (ScriptedImporter) -> (artifact id: 'a4b703e8c678190a9bdaa1898a6bccb2') in 0.0122116 seconds
Number of updated asset objects reloaded before import = 0Number of asset objects unloaded after import = 1

========================================================================
Received Import Request.
  Time since last request: 0.000023 seconds.
  path: Assets/3.UI/kenney_desert-shooter-pack_1.0/PNG/Interface/Tiles/tile_0075.png
  artifactKey: Guid(42e200eb65f5c1d408d5ec146fc786af) Importer(2089858483,b0f066a214c2f5e87bad3c948f4d605d)
Start importing Assets/3.UI/kenney_desert-shooter-pack_1.0/PNG/Interface/Tiles/tile_0075.png using Guid(42e200eb65f5c1d408d5ec146fc786af) Importer(2089858483,b0f066a214c2f5e87bad3c948f4d605d) (ScriptedImporter) -> (artifact id: '5ba323336b726bf1ad1fa86820722948') in 0.0224569 seconds
Number of updated asset objects reloaded before import = 0Number of asset objects unloaded after import = 1

========================================================================
Received Import Request.
  Time since last request: 0.000028 seconds.
  path: Assets/3.UI/kenney_board-game-icons/PNG/Double (128px)/d6_outline_number.png
  artifactKey: Guid(76fb18cb8a2a8cf42947fc91bd4f7d60) Importer(2089858483,b0f066a214c2f5e87bad3c948f4d605d)
Start importing Assets/3.UI/kenney_board-game-icons/PNG/Double (128px)/d6_outline_number.png using Guid(76fb18cb8a2a8cf42947fc91bd4f7d60) Importer(2089858483,b0f066a214c2f5e87bad3c948f4d605d) (ScriptedImporter) -> (artifact id: '09c2d97776bc2c67e2d7144930c03a5d') in 0.0199132 seconds
Number of updated asset objects reloaded before import = 0Number of asset objects unloaded after import = 1

========================================================================
Received Import Request.
  Time since last request: 0.000022 seconds.
  path: Assets/3.UI/kenney_board-game-icons/PNG/Default (64px)/dice_question.png
  artifactKey: Guid(9faeec506730a2e47b520c017a945bf8) Importer(2089858483,b0f066a214c2f5e87bad3c948f4d605d)
Start importing Assets/3.UI/kenney_board-game-icons/PNG/Default (64px)/dice_question.png using Guid(9faeec506730a2e47b520c017a945bf8) Importer(2089858483,b0f066a214c2f5e87bad3c948f4d605d) (ScriptedImporter) -> (artifact id: 'f3476ef34490e0f522658520c3e5ca77') in 0.0348898 seconds
Number of updated asset objects reloaded before import = 0Number of asset objects unloaded after import = 1

========================================================================
Received Import Request.
  Time since last request: 0.000029 seconds.
  path: Assets/3.UI/kenney_board-game-icons/PNG/Default (64px)/tag_2.png
  artifactKey: Guid(21cc6ea0dfdc2174985917b8970d8d1e) Importer(2089858483,b0f066a214c2f5e87bad3c948f4d605d)
Start importing Assets/3.UI/kenney_board-game-icons/PNG/Default (64px)/tag_2.png using Guid(21cc6ea0dfdc2174985917b8970d8d1e) Importer(2089858483,b0f066a214c2f5e87bad3c948f4d605d) (ScriptedImporter) -> (artifact id: '239cfaf3eaa3c15bf76805633447ceee') in 0.0196264 seconds
Number of updated asset objects reloaded before import = 0Number of asset objects unloaded after import = 1

========================================================================
Received Import Request.
  Time since last request: 0.000043 seconds.
  path: Assets/3.UI/kenney_board-game-icons/Vector/Icons/structure_gate.svg
  artifactKey: Guid(bb450b406f2709d4c994337bd4eff729) Importer(2089858483,b0f066a214c2f5e87bad3c948f4d605d)
Start importing Assets/3.UI/kenney_board-game-icons/Vector/Icons/structure_gate.svg using Guid(bb450b406f2709d4c994337bd4eff729) Importer(2089858483,b0f066a214c2f5e87bad3c948f4d605d) (ScriptedImporter) -> (artifact id: 'e9388d6dcbe0037919f3ae58fc673cfe') in 0.0201739 seconds
Number of updated asset objects reloaded before import = 0Number of asset objects unloaded after import = 1

========================================================================
Received Import Request.
  Time since last request: 0.000021 seconds.
  path: Assets/3.UI/kenney_desert-shooter-pack_1.0/PNG/Tiles/Tiles/tile_0067.png
  artifactKey: Guid(07e81e19f1ecd65409b84698f5b61807) Importer(2089858483,b0f066a214c2f5e87bad3c948f4d605d)
Start importing Assets/3.UI/kenney_desert-shooter-pack_1.0/PNG/Tiles/Tiles/tile_0067.png using Guid(07e81e19f1ecd65409b84698f5b61807) Importer(2089858483,b0f066a214c2f5e87bad3c948f4d605d) (ScriptedImporter) -> (artifact id: 'f2febbb7a213dd3f7b131ec07979cdb2') in 0.0308682 seconds
Number of updated asset objects reloaded before import = 0Number of asset objects unloaded after import = 1

========================================================================
Received Import Request.
  Time since last request: 0.000038 seconds.
  path: Assets/3.UI/kenney_cursor-pixel-pack/Visit Patreon.url
  artifactKey: Guid(16b206216066ac7499490bd944e014dc) Importer(2089858483,b0f066a214c2f5e87bad3c948f4d605d)
Start importing Assets/3.UI/kenney_cursor-pixel-pack/Visit Patreon.url using Guid(16b206216066ac7499490bd944e014dc) Importer(2089858483,b0f066a214c2f5e87bad3c948f4d605d) (ScriptedImporter) -> (artifact id: 'e3406e34ab81d3581d3b8689492ca45f') in 0.0150749 seconds
Number of updated asset objects reloaded before import = 0Number of asset objects unloaded after import = 1

========================================================================
Received Import Request.
  Time since last request: 0.000031 seconds.
  path: Assets/3.UI/kenney_desert-shooter-pack_1.0/PNG/Interface/Tiles/tile_0078.png
  artifactKey: Guid(0d67a1fd0518269428ce6226ab7c7be0) Importer(2089858483,b0f066a214c2f5e87bad3c948f4d605d)
Start importing Assets/3.UI/kenney_desert-shooter-pack_1.0/PNG/Interface/Tiles/tile_0078.png using Guid(0d67a1fd0518269428ce6226ab7c7be0) Importer(2089858483,b0f066a214c2f5e87bad3c948f4d605d) (ScriptedImporter) -> (artifact id: '98e18af947fbad6b1838c8baabbda2aa') in 0.0255141 seconds
Number of updated asset objects reloaded before import = 0Number of asset objects unloaded after import = 1

========================================================================
Received Import Request.
  Time since last request: 0.000042 seconds.
  path: Assets/3.UI/kenney_board-game-icons/Vector/Icons/structure_tower.svg
  artifactKey: Guid(0c0d9df6ee715ef4ea22bd133a3600d5) Importer(2089858483,b0f066a214c2f5e87bad3c948f4d605d)
Start importing Assets/3.UI/kenney_board-game-icons/Vector/Icons/structure_tower.svg using Guid(0c0d9df6ee715ef4ea22bd133a3600d5) Importer(2089858483,b0f066a214c2f5e87bad3c948f4d605d) (ScriptedImporter) -> (artifact id: '0103c2602d5c3c74417161b69f6d96d9') in 0.0177408 seconds
Number of updated asset objects reloaded before import = 0Number of asset objects unloaded after import = 1

========================================================================
Received Import Request.
  Time since last request: 0.000033 seconds.
  path: Assets/3.UI/kenney_desert-shooter-pack_1.0/PNG/Tiles/Tiles/tile_0058.png
  artifactKey: Guid(11be071f4f671b94a8167f96284f79ee) Importer(2089858483,b0f066a214c2f5e87bad3c948f4d605d)
Start importing Assets/3.UI/kenney_desert-shooter-pack_1.0/PNG/Tiles/Tiles/tile_0058.png using Guid(11be071f4f671b94a8167f96284f79ee) Importer(2089858483,b0f066a214c2f5e87bad3c948f4d605d) (ScriptedImporter) -> (artifact id: '00d9384f631087df63521c7800fbfe60') in 0.0182925 seconds
Number of updated asset objects reloaded before import = 0Number of asset objects unloaded after import = 1

========================================================================
Received Import Request.
  Time since last request: 0.000023 seconds.
  path: Assets/3.UI/kenney_board-game-icons/PNG/Double (128px)/card_outline.png
  artifactKey: Guid(04012a33a25eddc41aaef40fe6f17541) Importer(2089858483,b0f066a214c2f5e87bad3c948f4d605d)
Start importing Assets/3.UI/kenney_board-game-icons/PNG/Double (128px)/card_outline.png using Guid(04012a33a25eddc41aaef40fe6f17541) Importer(2089858483,b0f066a214c2f5e87bad3c948f4d605d) (ScriptedImporter) -> (artifact id: '5291574187786ed846ca62243ba989b2') in 0.028508 seconds
Number of updated asset objects reloaded before import = 0Number of asset objects unloaded after import = 1

========================================================================
Received Import Request.
  Time since last request: 0.000027 seconds.
  path: Assets/3.UI/kenney_board-game-icons/PNG/Default (64px)/arrow_clockwise.png
  artifactKey: Guid(5a3dffcec014ea74cb4a79da67c49c04) Importer(2089858483,b0f066a214c2f5e87bad3c948f4d605d)
Start importing Assets/3.UI/kenney_board-game-icons/PNG/Default (64px)/arrow_clockwise.png using Guid(5a3dffcec014ea74cb4a79da67c49c04) Importer(2089858483,b0f066a214c2f5e87bad3c948f4d605d) (ScriptedImporter) -> (artifact id: 'dd0de5384278003a32a36a939e02100d') in 0.0208228 seconds
Number of updated asset objects reloaded before import = 0Number of asset objects unloaded after import = 1

========================================================================
Received Import Request.
  Time since last request: 0.000028 seconds.
  path: Assets/3.UI/kenney_desert-shooter-pack_1.0/PNG/Tiles/Tiles/tile_0079.png
  artifactKey: Guid(3eafac16f71dcb34ca9d091e92d184e9) Importer(2089858483,b0f066a214c2f5e87bad3c948f4d605d)
Start importing Assets/3.UI/kenney_desert-shooter-pack_1.0/PNG/Tiles/Tiles/tile_0079.png using Guid(3eafac16f71dcb34ca9d091e92d184e9) Importer(2089858483,b0f066a214c2f5e87bad3c948f4d605d) (ScriptedImporter) -> (artifact id: '40feb8c9c3c0373261da6468c2b89a58') in 0.0209101 seconds
Number of updated asset objects reloaded before import = 0Number of asset objects unloaded after import = 1

========================================================================
Received Import Request.
  Time since last request: 0.000021 seconds.
  path: Assets/3.UI/kenney_desert-shooter-pack_1.0/PNG/Interface/Tiles/tile_0144.png
  artifactKey: Guid(a95b3a09a3357964b89f45f398c82beb) Importer(2089858483,b0f066a214c2f5e87bad3c948f4d605d)
Start importing Assets/3.UI/kenney_desert-shooter-pack_1.0/PNG/Interface/Tiles/tile_0144.png using Guid(a95b3a09a3357964b89f45f398c82beb) Importer(2089858483,b0f066a214c2f5e87bad3c948f4d605d) (ScriptedImporter) -> (artifact id: 'dddfc5431cf3799d112057334615c6f3') in 0.0216428 seconds
Number of updated asset objects reloaded before import = 0Number of asset objects unloaded after import = 1

========================================================================
Received Import Request.
  Time since last request: 0.000027 seconds.
  path: Assets/3.UI/kenney_desert-shooter-pack_1.0/PNG/Tiles/Tiles/tile_0167.png
  artifactKey: Guid(2ea017303436a7b4c97b6cdcb9195014) Importer(2089858483,b0f066a214c2f5e87bad3c948f4d605d)
Start importing Assets/3.UI/kenney_desert-shooter-pack_1.0/PNG/Tiles/Tiles/tile_0167.png using Guid(2ea017303436a7b4c97b6cdcb9195014) Importer(2089858483,b0f066a214c2f5e87bad3c948f4d605d) (ScriptedImporter) -> (artifact id: 'f47aa6c6eb4887cc53d97263a2ef7a93') in 0.018384 seconds
Number of updated asset objects reloaded before import = 0Number of asset objects unloaded after import = 1

========================================================================
Received Import Request.
  Time since last request: 0.000045 seconds.
  path: Assets/3.UI/kenney_board-game-icons/Vector/Icons/arrow_counterclockwise.svg
  artifactKey: Guid(3899a636c07879a4ba1d93be7b87dda9) Importer(2089858483,b0f066a214c2f5e87bad3c948f4d605d)
Start importing Assets/3.UI/kenney_board-game-icons/Vector/Icons/arrow_counterclockwise.svg using Guid(3899a636c07879a4ba1d93be7b87dda9) Importer(2089858483,b0f066a214c2f5e87bad3c948f4d605d) (ScriptedImporter) -> (artifact id: '7ae76557ba9aeec8864f97a214a0af57') in 0.0206033 seconds
Number of updated asset objects reloaded before import = 0Number of asset objects unloaded after import = 1

========================================================================
Received Import Request.
  Time since last request: 0.000029 seconds.
  path: Assets/3.UI/kenney_cursor-pixel-pack/Tiles/tile_0039.png
  artifactKey: Guid(3becea60e5cbb6e40b65f629cdf9b5bb) Importer(2089858483,b0f066a214c2f5e87bad3c948f4d605d)
Start importing Assets/3.UI/kenney_cursor-pixel-pack/Tiles/tile_0039.png using Guid(3becea60e5cbb6e40b65f629cdf9b5bb) Importer(2089858483,b0f066a214c2f5e87bad3c948f4d605d) (ScriptedImporter) -> (artifact id: '3210d48aa121c2c9604c0dfe3fcd5be8') in 0.0280861 seconds
Number of updated asset objects reloaded before import = 0Number of asset objects unloaded after import = 1

========================================================================
Received Import Request.
  Time since last request: 0.000016 seconds.
  path: Assets/3.UI/kenney_desert-shooter-pack_1.0/PNG/Tiles/Tiles/tile_0047.png
  artifactKey: Guid(2d7e288e2a61fb04e8df2422d7d949c9) Importer(2089858483,b0f066a214c2f5e87bad3c948f4d605d)
Start importing Assets/3.UI/kenney_desert-shooter-pack_1.0/PNG/Tiles/Tiles/tile_0047.png using Guid(2d7e288e2a61fb04e8df2422d7d949c9) Importer(2089858483,b0f066a214c2f5e87bad3c948f4d605d) (ScriptedImporter) -> (artifact id: '9ade478c66df101d955e631c0c4a91f7') in 0.0238019 seconds
Number of updated asset objects reloaded before import = 0Number of asset objects unloaded after import = 1

========================================================================
Received Import Request.
  Time since last request: 0.000020 seconds.
  path: Assets/3.UI/kenney_board-game-icons/Vector/Icons/arrow_cross_divided.svg
  artifactKey: Guid(71d52c1eec89eb94c834d0ebf9e6e512) Importer(2089858483,b0f066a214c2f5e87bad3c948f4d605d)
Start importing Assets/3.UI/kenney_board-game-icons/Vector/Icons/arrow_cross_divided.svg using Guid(71d52c1eec89eb94c834d0ebf9e6e512) Importer(2089858483,b0f066a214c2f5e87bad3c948f4d605d) (ScriptedImporter) -> (artifact id: '3824aa4b9eb7183a0bd1fe9b341687fd') in 0.0215722 seconds
Number of updated asset objects reloaded before import = 0Number of asset objects unloaded after import = 1

========================================================================
Received Import Request.
  Time since last request: 0.000030 seconds.
  path: Assets/3.UI/kenney_cursor-pixel-pack/Tiles/tile_0187.png
  artifactKey: Guid(2d5ec438f5cdb4c46b02bbae06db3531) Importer(2089858483,b0f066a214c2f5e87bad3c948f4d605d)
Start importing Assets/3.UI/kenney_cursor-pixel-pack/Tiles/tile_0187.png using Guid(2d5ec438f5cdb4c46b02bbae06db3531) Importer(2089858483,b0f066a214c2f5e87bad3c948f4d605d) (ScriptedImporter) -> (artifact id: '4315031a11b4f07781ad7bfcf0a31ccb') in 0.0195314 seconds
Number of updated asset objects reloaded before import = 0Number of asset objects unloaded after import = 1

========================================================================
Received Import Request.
  Time since last request: 0.000049 seconds.
  path: Assets/3.UI/kenney_board-game-icons/PNG/Double (128px)/d8.png
  artifactKey: Guid(02a8d1e743f89e2418099fab608dfd00) Importer(2089858483,b0f066a214c2f5e87bad3c948f4d605d)
Start importing Assets/3.UI/kenney_board-game-icons/PNG/Double (128px)/d8.png using Guid(02a8d1e743f89e2418099fab608dfd00) Importer(2089858483,b0f066a214c2f5e87bad3c948f4d605d) (ScriptedImporter) -> (artifact id: '4f00f757068f26b8a2a00cb4650d33ee') in 0.0211714 seconds
Number of updated asset objects reloaded before import = 0Number of asset objects unloaded after import = 1

========================================================================
Received Import Request.
  Time since last request: 0.000019 seconds.
  path: Assets/3.UI/kenney_desert-shooter-pack_1.0/PNG/Interface/Tiles/tile_0113.png
  artifactKey: Guid(3cbaf815a6806394c80959f43936efc4) Importer(2089858483,b0f066a214c2f5e87bad3c948f4d605d)
Start importing Assets/3.UI/kenney_desert-shooter-pack_1.0/PNG/Interface/Tiles/tile_0113.png using Guid(3cbaf815a6806394c80959f43936efc4) Importer(2089858483,b0f066a214c2f5e87bad3c948f4d605d) (ScriptedImporter) -> (artifact id: '60b9815cd1a0a6638354fc7a8338e3ef') in 0.0268792 seconds
Number of updated asset objects reloaded before import = 0Number of asset objects unloaded after import = 1

========================================================================
Received Import Request.
  Time since last request: 0.000015 seconds.
  path: Assets/3.UI/kenney_desert-shooter-pack_1.0/PNG/Interface/Tiles/tile_0036.png
  artifactKey: Guid(1ebf37f6c95c26a4ca97b9ff96cf725d) Importer(2089858483,b0f066a214c2f5e87bad3c948f4d605d)
Start importing Assets/3.UI/kenney_desert-shooter-pack_1.0/PNG/Interface/Tiles/tile_0036.png using Guid(1ebf37f6c95c26a4ca97b9ff96cf725d) Importer(2089858483,b0f066a214c2f5e87bad3c948f4d605d) (ScriptedImporter) -> (artifact id: 'cbb0ff772d4821464231ead13ea13977') in 0.0254281 seconds
Number of updated asset objects reloaded before import = 0Number of asset objects unloaded after import = 1

========================================================================
Received Import Request.
  Time since last request: 0.000027 seconds.
  path: Assets/3.UI/kenney_desert-shooter-pack_1.0/PNG/Interface/Tiles/tile_0120.png
  artifactKey: Guid(1bf654c5089e65043a836bb7fab8549c) Importer(2089858483,b0f066a214c2f5e87bad3c948f4d605d)
Start importing Assets/3.UI/kenney_desert-shooter-pack_1.0/PNG/Interface/Tiles/tile_0120.png using Guid(1bf654c5089e65043a836bb7fab8549c) Importer(2089858483,b0f066a214c2f5e87bad3c948f4d605d) (ScriptedImporter) -> (artifact id: '140cc60b9d075201a64deb80efaec78c') in 0.0298637 seconds
Number of updated asset objects reloaded before import = 0Number of asset objects unloaded after import = 1

========================================================================
Received Import Request.
  Time since last request: 0.000029 seconds.
  path: Assets/3.UI/kenney_board-game-icons/PNG/Default (64px)/tag_shield_8.png
  artifactKey: Guid(4ca857b0d00d34948ad7560fd9fe064a) Importer(2089858483,b0f066a214c2f5e87bad3c948f4d605d)
Start importing Assets/3.UI/kenney_board-game-icons/PNG/Default (64px)/tag_shield_8.png using Guid(4ca857b0d00d34948ad7560fd9fe064a) Importer(2089858483,b0f066a214c2f5e87bad3c948f4d605d) (ScriptedImporter) -> (artifact id: '5877f00d0799786cc4a3f6f8c48ee71e') in 0.0272049 seconds
Number of updated asset objects reloaded before import = 0Number of asset objects unloaded after import = 1

========================================================================
Received Import Request.
  Time since last request: 0.000020 seconds.
  path: Assets/3.UI/kenney_board-game-icons/Vector/Icons/structure_church.svg
  artifactKey: Guid(5c7b5ad2366608746bed9f8f1d62791c) Importer(2089858483,b0f066a214c2f5e87bad3c948f4d605d)
Start importing Assets/3.UI/kenney_board-game-icons/Vector/Icons/structure_church.svg using Guid(5c7b5ad2366608746bed9f8f1d62791c) Importer(2089858483,b0f066a214c2f5e87bad3c948f4d605d) (ScriptedImporter) -> (artifact id: '0fe94121b5e7c1c263659afad5bcb4cc') in 0.0236977 seconds
Number of updated asset objects reloaded before import = 0Number of asset objects unloaded after import = 1

========================================================================
Received Import Request.
  Time since last request: 0.000056 seconds.
  path: Assets/3.UI/kenney_cursor-pixel-pack/Tiles/tile_0091.png
  artifactKey: Guid(281b4ba78ef7e8247a2ae1ba5757342c) Importer(2089858483,b0f066a214c2f5e87bad3c948f4d605d)
Start importing Assets/3.UI/kenney_cursor-pixel-pack/Tiles/tile_0091.png using Guid(281b4ba78ef7e8247a2ae1ba5757342c) Importer(2089858483,b0f066a214c2f5e87bad3c948f4d605d) (ScriptedImporter) -> (artifact id: 'f7adf01a1323719cac225dfeace99ba0') in 0.0196156 seconds
Number of updated asset objects reloaded before import = 0Number of asset objects unloaded after import = 1

========================================================================
Received Import Request.
  Time since last request: 0.000022 seconds.
  path: Assets/3.UI/kenney_board-game-icons/PNG/Default (64px)/flask_half.png
  artifactKey: Guid(7b39213e97315bc4191d6654ebd21877) Importer(2089858483,b0f066a214c2f5e87bad3c948f4d605d)
Start importing Assets/3.UI/kenney_board-game-icons/PNG/Default (64px)/flask_half.png using Guid(7b39213e97315bc4191d6654ebd21877) Importer(2089858483,b0f066a214c2f5e87bad3c948f4d605d) (ScriptedImporter) -> (artifact id: '717dd75d7ce961f96afce5e8df58839b') in 0.0216985 seconds
Number of updated asset objects reloaded before import = 0Number of asset objects unloaded after import = 1

========================================================================
Received Import Request.
  Time since last request: 0.000194 seconds.
  path: Assets/3.UI/kenney_board-game-icons/PNG/Double (128px)/flask_full.png
  artifactKey: Guid(3c2bcf6f0ba953949bb9ef04afcd78af) Importer(2089858483,b0f066a214c2f5e87bad3c948f4d605d)
Start importing Assets/3.UI/kenney_board-game-icons/PNG/Double (128px)/flask_full.png using Guid(3c2bcf6f0ba953949bb9ef04afcd78af) Importer(2089858483,b0f066a214c2f5e87bad3c948f4d605d) (ScriptedImporter) -> (artifact id: 'cc350e8716fe840da195e0eb104b672f') in 0.0259158 seconds
Number of updated asset objects reloaded before import = 0Number of asset objects unloaded after import = 1

========================================================================
Received Import Request.
  Time since last request: 0.000017 seconds.
  path: Assets/3.UI/kenney_desert-shooter-pack_1.0/PNG/Tiles/Tiles/tile_0214.png
  artifactKey: Guid(fb79b3a6f80460a40b9ef1caaad1e746) Importer(2089858483,b0f066a214c2f5e87bad3c948f4d605d)
Start importing Assets/3.UI/kenney_desert-shooter-pack_1.0/PNG/Tiles/Tiles/tile_0214.png using Guid(fb79b3a6f80460a40b9ef1caaad1e746) Importer(2089858483,b0f066a214c2f5e87bad3c948f4d605d) (ScriptedImporter) -> (artifact id: '6b76f5ec6457f7f7efa2a3ca8f0f5b0b') in 0.026675 seconds
Number of updated asset objects reloaded before import = 0Number of asset objects unloaded after import = 1

========================================================================
Received Import Request.
  Time since last request: 0.000019 seconds.
  path: Assets/3.UI/kenney_board-game-icons/PNG/Default (64px)/tag_8.png
  artifactKey: Guid(d63fee2048ff72d4aad2558f9a5baa31) Importer(2089858483,b0f066a214c2f5e87bad3c948f4d605d)
Start importing Assets/3.UI/kenney_board-game-icons/PNG/Default (64px)/tag_8.png using Guid(d63fee2048ff72d4aad2558f9a5baa31) Importer(2089858483,b0f066a214c2f5e87bad3c948f4d605d) (ScriptedImporter) -> (artifact id: '6723b7107be4a06f64fe636e6d0a7b9a') in 0.0301781 seconds
Number of updated asset objects reloaded before import = 0Number of asset objects unloaded after import = 1

========================================================================
Received Import Request.
  Time since last request: 0.000023 seconds.
  path: Assets/3.UI/kenney_board-game-icons/PNG/Double (128px)/arrow_diagonal.png
  artifactKey: Guid(b47d4387312f6c245b068b210abf5da2) Importer(2089858483,b0f066a214c2f5e87bad3c948f4d605d)
Start importing Assets/3.UI/kenney_board-game-icons/PNG/Double (128px)/arrow_diagonal.png using Guid(b47d4387312f6c245b068b210abf5da2) Importer(2089858483,b0f066a214c2f5e87bad3c948f4d605d) (ScriptedImporter) -> (artifact id: '69d947e55a1aaae9e87c025579045909') in 0.0304188 seconds
Number of updated asset objects reloaded before import = 0Number of asset objects unloaded after import = 1

========================================================================
Received Import Request.
  Time since last request: 0.000031 seconds.
  path: Assets/3.UI/kenney_board-game-icons/PNG/Double (128px)/tag_3.png
  artifactKey: Guid(39a9b7fb811c3e846afd88e99a983fe8) Importer(2089858483,b0f066a214c2f5e87bad3c948f4d605d)
Start importing Assets/3.UI/kenney_board-game-icons/PNG/Double (128px)/tag_3.png using Guid(39a9b7fb811c3e846afd88e99a983fe8) Importer(2089858483,b0f066a214c2f5e87bad3c948f4d605d) (ScriptedImporter) -> (artifact id: 'da4349dccef2f15e1c08e6eda11dca46') in 0.0262984 seconds
Number of updated asset objects reloaded before import = 0Number of asset objects unloaded after import = 1

========================================================================
Received Import Request.
  Time since last request: 0.000017 seconds.
  path: Assets/3.UI/kenney_board-game-icons/Vector/Icons/resource_apple.svg
  artifactKey: Guid(4bcf1a951f0bd624b89fc2e8b3b50113) Importer(2089858483,b0f066a214c2f5e87bad3c948f4d605d)
Start importing Assets/3.UI/kenney_board-game-icons/Vector/Icons/resource_apple.svg using Guid(4bcf1a951f0bd624b89fc2e8b3b50113) Importer(2089858483,b0f066a214c2f5e87bad3c948f4d605d) (ScriptedImporter) -> (artifact id: '3a2124c9a80b46de89577dca82d026a5') in 0.0188467 seconds
Number of updated asset objects reloaded before import = 0Number of asset objects unloaded after import = 1

========================================================================
Received Import Request.
  Time since last request: 0.000025 seconds.
  path: Assets/3.UI/kenney_board-game-icons/PNG/Double (128px)/dice_sword.png
  artifactKey: Guid(0b688b13534284c4b8e3f7769d6dc604) Importer(2089858483,b0f066a214c2f5e87bad3c948f4d605d)
Start importing Assets/3.UI/kenney_board-game-icons/PNG/Double (128px)/dice_sword.png using Guid(0b688b13534284c4b8e3f7769d6dc604) Importer(2089858483,b0f066a214c2f5e87bad3c948f4d605d) (ScriptedImporter) -> (artifact id: '4a349615b97abcfa7004a63f6fbbba52') in 0.0271445 seconds
Number of updated asset objects reloaded before import = 0Number of asset objects unloaded after import = 1

========================================================================
Received Import Request.
  Time since last request: 0.000025 seconds.
  path: Assets/3.UI/kenney_desert-shooter-pack_1.0/PNG/Weapons/Tiles/tile_0003.png
  artifactKey: Guid(b7423bf1009381c418ca6956ed7bee3b) Importer(2089858483,b0f066a214c2f5e87bad3c948f4d605d)
Start importing Assets/3.UI/kenney_desert-shooter-pack_1.0/PNG/Weapons/Tiles/tile_0003.png using Guid(b7423bf1009381c418ca6956ed7bee3b) Importer(2089858483,b0f066a214c2f5e87bad3c948f4d605d) (ScriptedImporter) -> (artifact id: '53e9ce3206ab2b43cff9d306108147c3') in 0.0258951 seconds
Number of updated asset objects reloaded before import = 0Number of asset objects unloaded after import = 1

========================================================================
Received Import Request.
  Time since last request: 0.000030 seconds.
  path: Assets/3.UI/kenney_board-game-icons/PNG/Default (64px)/card_down.png
  artifactKey: Guid(56b7c336660529545a5d2584fcd1e032) Importer(2089858483,b0f066a214c2f5e87bad3c948f4d605d)
Start importing Assets/3.UI/kenney_board-game-icons/PNG/Default (64px)/card_down.png using Guid(56b7c336660529545a5d2584fcd1e032) Importer(2089858483,b0f066a214c2f5e87bad3c948f4d605d) (ScriptedImporter) -> (artifact id: 'af49f4d52e678fa5085fdfdcccf394bd') in 0.0200667 seconds
Number of updated asset objects reloaded before import = 0Number of asset objects unloaded after import = 1

========================================================================
Received Import Request.
  Time since last request: 0.000022 seconds.
  path: Assets/3.UI/kenney_desert-shooter-pack_1.0/PNG/Weapons/Tiles/tile_0030.png
  artifactKey: Guid(b5d2ab30febad874fa6fdf4b903f9804) Importer(2089858483,b0f066a214c2f5e87bad3c948f4d605d)
Start importing Assets/3.UI/kenney_desert-shooter-pack_1.0/PNG/Weapons/Tiles/tile_0030.png using Guid(b5d2ab30febad874fa6fdf4b903f9804) Importer(2089858483,b0f066a214c2f5e87bad3c948f4d605d) (ScriptedImporter) -> (artifact id: '8a0d51d338ba273ce70ce37ac983a114') in 0.0278262 seconds
Number of updated asset objects reloaded before import = 0Number of asset objects unloaded after import = 1

========================================================================
Received Import Request.
  Time since last request: 0.000038 seconds.
  path: Assets/3.UI/kenney_board-game-icons/Vector/Icons/dice_sword.svg
  artifactKey: Guid(074ea45cca092a34ba2d712dfd087b80) Importer(2089858483,b0f066a214c2f5e87bad3c948f4d605d)
Start importing Assets/3.UI/kenney_board-game-icons/Vector/Icons/dice_sword.svg using Guid(074ea45cca092a34ba2d712dfd087b80) Importer(2089858483,b0f066a214c2f5e87bad3c948f4d605d) (ScriptedImporter) -> (artifact id: 'ef0ca6fd61d41b29ce1b52fe6970ad4a') in 0.0245312 seconds
Number of updated asset objects reloaded before import = 0Number of asset objects unloaded after import = 1

========================================================================
Received Import Request.
  Time since last request: 0.000025 seconds.
  path: Assets/3.UI/kenney_board-game-icons/PNG/Default (64px)/structure_watchtower.png
  artifactKey: Guid(cd4d44b3adee42b459b5e3e1d61abc13) Importer(2089858483,b0f066a214c2f5e87bad3c948f4d605d)
Start importing Assets/3.UI/kenney_board-game-icons/PNG/Default (64px)/structure_watchtower.png using Guid(cd4d44b3adee42b459b5e3e1d61abc13) Importer(2089858483,b0f066a214c2f5e87bad3c948f4d605d) (ScriptedImporter) -> (artifact id: 'd309ebcca9068c57515283374e5b2b4c') in 0.0167903 seconds
Number of updated asset objects reloaded before import = 0Number of asset objects unloaded after import = 1

========================================================================
Received Import Request.
  Time since last request: 0.000050 seconds.
  path: Assets/3.UI/kenney_desert-shooter-pack_1.0/PNG/Interface/Tiles/tile_0101.png
  artifactKey: Guid(79bd9ccb212a6ba42836c823d96c8e08) Importer(2089858483,b0f066a214c2f5e87bad3c948f4d605d)
Start importing Assets/3.UI/kenney_desert-shooter-pack_1.0/PNG/Interface/Tiles/tile_0101.png using Guid(79bd9ccb212a6ba42836c823d96c8e08) Importer(2089858483,b0f066a214c2f5e87bad3c948f4d605d) (ScriptedImporter) -> (artifact id: '2a54a543877bc551d61571e06b08746a') in 0.0162663 seconds
Number of updated asset objects reloaded before import = 0Number of asset objects unloaded after import = 1

========================================================================
Received Import Request.
  Time since last request: 0.000017 seconds.
  path: Assets/3.UI/kenney_cursor-pixel-pack/Tiles/tile_0165.png
  artifactKey: Guid(6ad471ee1d81581469c00edb831a5891) Importer(2089858483,b0f066a214c2f5e87bad3c948f4d605d)
Start importing Assets/3.UI/kenney_cursor-pixel-pack/Tiles/tile_0165.png using Guid(6ad471ee1d81581469c00edb831a5891) Importer(2089858483,b0f066a214c2f5e87bad3c948f4d605d) (ScriptedImporter) -> (artifact id: 'c56a57c6cba46c0b5b14fb04e517c8ab') in 0.0160371 seconds
Number of updated asset objects reloaded before import = 0Number of asset objects unloaded after import = 1

========================================================================
Received Import Request.
  Time since last request: 0.000045 seconds.
  path: Assets/3.UI/kenney_cursor-pixel-pack/Tiles/tile_0120.png
  artifactKey: Guid(9b23f56ea68b8654897cf91f228d4f25) Importer(2089858483,b0f066a214c2f5e87bad3c948f4d605d)
Start importing Assets/3.UI/kenney_cursor-pixel-pack/Tiles/tile_0120.png using Guid(9b23f56ea68b8654897cf91f228d4f25) Importer(2089858483,b0f066a214c2f5e87bad3c948f4d605d) (ScriptedImporter) -> (artifact id: 'ab855ffe5971d3943cbb1c31dfce6eeb') in 0.0175813 seconds
Number of updated asset objects reloaded before import = 0Number of asset objects unloaded after import = 1

========================================================================
Received Import Request.
  Time since last request: 0.000016 seconds.
  path: Assets/3.UI/kenney_cursor-pixel-pack/Tiles/tile_0216.png
  artifactKey: Guid(e45c95f162238ee49b6ab3ddd8460a5c) Importer(2089858483,b0f066a214c2f5e87bad3c948f4d605d)
Start importing Assets/3.UI/kenney_cursor-pixel-pack/Tiles/tile_0216.png using Guid(e45c95f162238ee49b6ab3ddd8460a5c) Importer(2089858483,b0f066a214c2f5e87bad3c948f4d605d) (ScriptedImporter) -> (artifact id: '3f48abc370a54adfeda90fa87bb6e4ac') in 0.0178233 seconds
Number of updated asset objects reloaded before import = 0Number of asset objects unloaded after import = 1

========================================================================
Received Import Request.
  Time since last request: 0.000025 seconds.
  path: Assets/3.UI/kenney_desert-shooter-pack_1.0/PNG/Interface/Tiles/tile_0102.png
  artifactKey: Guid(bffd77f44e7ed894798bc4b23f0be873) Importer(2089858483,b0f066a214c2f5e87bad3c948f4d605d)
Start importing Assets/3.UI/kenney_desert-shooter-pack_1.0/PNG/Interface/Tiles/tile_0102.png using Guid(bffd77f44e7ed894798bc4b23f0be873) Importer(2089858483,b0f066a214c2f5e87bad3c948f4d605d) (ScriptedImporter) -> (artifact id: '347198ac083314df181c0c989bac1c6f') in 0.0197698 seconds
Number of updated asset objects reloaded before import = 0Number of asset objects unloaded after import = 1

========================================================================
Received Import Request.
  Time since last request: 0.000135 seconds.
  path: Assets/3.UI/kenney_desert-shooter-pack_1.0/PNG/Weapons/Tiles/tile_0034.png
  artifactKey: Guid(854962085d7bc0d4fb2394f3c37ace4e) Importer(2089858483,b0f066a214c2f5e87bad3c948f4d605d)
Start importing Assets/3.UI/kenney_desert-shooter-pack_1.0/PNG/Weapons/Tiles/tile_0034.png using Guid(854962085d7bc0d4fb2394f3c37ace4e) Importer(2089858483,b0f066a214c2f5e87bad3c948f4d605d) (ScriptedImporter) -> (artifact id: '0da8bebc238daccb2b10fb25282a3747') in 0.019614 seconds
Number of updated asset objects reloaded before import = 0Number of asset objects unloaded after import = 1

========================================================================
Received Import Request.
  Time since last request: 0.000016 seconds.
  path: Assets/3.UI/kenney_desert-shooter-pack_1.0/PNG/Tiles/Tiles/tile_0229.png
  artifactKey: Guid(8689552775b93ea4c9a4ad5486a3f572) Importer(2089858483,b0f066a214c2f5e87bad3c948f4d605d)
Start importing Assets/3.UI/kenney_desert-shooter-pack_1.0/PNG/Tiles/Tiles/tile_0229.png using Guid(8689552775b93ea4c9a4ad5486a3f572) Importer(2089858483,b0f066a214c2f5e87bad3c948f4d605d) (ScriptedImporter) -> (artifact id: '91e1cce367cce891646e86582db7b17f') in 0.0188768 seconds
Number of updated asset objects reloaded before import = 0Number of asset objects unloaded after import = 1

========================================================================
Received Import Request.
  Time since last request: 0.000019 seconds.
  path: Assets/3.UI/kenney_desert-shooter-pack_1.0/PNG/Tiles/Tiles/tile_0078.png
  artifactKey: Guid(6c67d8d899010804dbb33f17dac1fa4f) Importer(2089858483,b0f066a214c2f5e87bad3c948f4d605d)
Start importing Assets/3.UI/kenney_desert-shooter-pack_1.0/PNG/Tiles/Tiles/tile_0078.png using Guid(6c67d8d899010804dbb33f17dac1fa4f) Importer(2089858483,b0f066a214c2f5e87bad3c948f4d605d) (ScriptedImporter) -> (artifact id: '6f23ad5416ec33b22a307cbc000e9980') in 0.0168822 seconds
Number of updated asset objects reloaded before import = 0Number of asset objects unloaded after import = 1

========================================================================
Received Import Request.
  Time since last request: 0.000024 seconds.
  path: Assets/3.UI/kenney_desert-shooter-pack_1.0/PNG/Tiles/Tiles/tile_0001.png
  artifactKey: Guid(e16f377d350f2d742a355b5a0ca62143) Importer(2089858483,b0f066a214c2f5e87bad3c948f4d605d)
Start importing Assets/3.UI/kenney_desert-shooter-pack_1.0/PNG/Tiles/Tiles/tile_0001.png using Guid(e16f377d350f2d742a355b5a0ca62143) Importer(2089858483,b0f066a214c2f5e87bad3c948f4d605d) (ScriptedImporter) -> (artifact id: '6e931b717f1bd5a687d577ef358f9f87') in 0.0197736 seconds
Number of updated asset objects reloaded before import = 0Number of asset objects unloaded after import = 1

========================================================================
Received Import Request.
  Time since last request: 0.000205 seconds.
  path: Assets/3.UI/kenney_board-game-icons/PNG/Double (128px)/pawn_down.png
  artifactKey: Guid(a3c3e3bacaf8a3a408dec127d1d9513d) Importer(2089858483,b0f066a214c2f5e87bad3c948f4d605d)
Start importing Assets/3.UI/kenney_board-game-icons/PNG/Double (128px)/pawn_down.png using Guid(a3c3e3bacaf8a3a408dec127d1d9513d) Importer(2089858483,b0f066a214c2f5e87bad3c948f4d605d) (ScriptedImporter) -> (artifact id: 'cf0039964560f33330e61a567b3cb13b') in 0.0203053 seconds
Number of updated asset objects reloaded before import = 0Number of asset objects unloaded after import = 1

========================================================================
Received Import Request.
  Time since last request: 0.000097 seconds.
  path: Assets/3.UI/kenney_board-game-icons/PNG/Double (128px)/hexagon_out.png
  artifactKey: Guid(ae978e5f837ecf74eb85fdd6af4a7843) Importer(2089858483,b0f066a214c2f5e87bad3c948f4d605d)
Start importing Assets/3.UI/kenney_board-game-icons/PNG/Double (128px)/hexagon_out.png using Guid(ae978e5f837ecf74eb85fdd6af4a7843) Importer(2089858483,b0f066a214c2f5e87bad3c948f4d605d) (ScriptedImporter) -> (artifact id: 'f8295e55dbb420decf73ab743106e83f') in 0.0192228 seconds
Number of updated asset objects reloaded before import = 0Number of asset objects unloaded after import = 1

========================================================================
Received Import Request.
  Time since last request: 0.000045 seconds.
  path: Assets/3.UI/kenney_desert-shooter-pack_1.0/PNG/Tiles/Tiles/tile_0035.png
  artifactKey: Guid(42da06c21a0efca498c82da1be168751) Importer(2089858483,b0f066a214c2f5e87bad3c948f4d605d)
Start importing Assets/3.UI/kenney_desert-shooter-pack_1.0/PNG/Tiles/Tiles/tile_0035.png using Guid(42da06c21a0efca498c82da1be168751) Importer(2089858483,b0f066a214c2f5e87bad3c948f4d605d) (ScriptedImporter) -> (artifact id: 'fb204f1c2615f407a6607554de9dbbf7') in 0.01739 seconds
Number of updated asset objects reloaded before import = 0Number of asset objects unloaded after import = 1

========================================================================
Received Import Request.
  Time since last request: 0.000019 seconds.
  path: Assets/3.UI/kenney_board-game-icons/Vector/Icons/dollar.svg
  artifactKey: Guid(70e975b277d4848488f5452e310db38f) Importer(2089858483,b0f066a214c2f5e87bad3c948f4d605d)
Start importing Assets/3.UI/kenney_board-game-icons/Vector/Icons/dollar.svg using Guid(70e975b277d4848488f5452e310db38f) Importer(2089858483,b0f066a214c2f5e87bad3c948f4d605d) (ScriptedImporter) -> (artifact id: '095d8b41d9801ac15071cfe196e73496') in 0.0155302 seconds
Number of updated asset objects reloaded before import = 0Number of asset objects unloaded after import = 1

========================================================================
Received Import Request.
  Time since last request: 0.000084 seconds.
  path: Assets/3.UI/kenney_board-game-icons/PNG/Default (64px)/cards_seek_top.png
  artifactKey: Guid(4fb398e48122e66439ea6f67e0958a0b) Importer(2089858483,b0f066a214c2f5e87bad3c948f4d605d)
Start importing Assets/3.UI/kenney_board-game-icons/PNG/Default (64px)/cards_seek_top.png using Guid(4fb398e48122e66439ea6f67e0958a0b) Importer(2089858483,b0f066a214c2f5e87bad3c948f4d605d) (ScriptedImporter) -> (artifact id: 'ab49d20c74760d228359dabdc131bb86') in 0.0192134 seconds
Number of updated asset objects reloaded before import = 0Number of asset objects unloaded after import = 1

========================================================================
Received Import Request.
  Time since last request: 0.000066 seconds.
  path: Assets/3.UI/kenney_board-game-icons/Vector/Icons/card_outline_place.svg
  artifactKey: Guid(dbefe4346aeb9984d8aef25e73dd4bc6) Importer(2089858483,b0f066a214c2f5e87bad3c948f4d605d)
Start importing Assets/3.UI/kenney_board-game-icons/Vector/Icons/card_outline_place.svg using Guid(dbefe4346aeb9984d8aef25e73dd4bc6) Importer(2089858483,b0f066a214c2f5e87bad3c948f4d605d) (ScriptedImporter) -> (artifact id: '77d5fddc5bd88fb7d73fe24fb36e102b') in 0.0180129 seconds
Number of updated asset objects reloaded before import = 0Number of asset objects unloaded after import = 1

========================================================================
Received Import Request.
  Time since last request: 0.000170 seconds.
  path: Assets/3.UI/kenney_board-game-icons/Vector/Icons/dice_empty.svg
  artifactKey: Guid(7246bfbcb7bf7fd4a91cf17a5c900767) Importer(2089858483,b0f066a214c2f5e87bad3c948f4d605d)
Start importing Assets/3.UI/kenney_board-game-icons/Vector/Icons/dice_empty.svg using Guid(7246bfbcb7bf7fd4a91cf17a5c900767) Importer(2089858483,b0f066a214c2f5e87bad3c948f4d605d) (ScriptedImporter) -> (artifact id: 'dfc58d43b6ff36c2187521a669b7b506') in 0.0141409 seconds
Number of updated asset objects reloaded before import = 0Number of asset objects unloaded after import = 1

========================================================================
Received Import Request.
  Time since last request: 0.000019 seconds.
  path: Assets/3.UI/kenney_desert-shooter-pack_1.0/PNG/Enemies/Tiles/tile_0008.png
  artifactKey: Guid(adfb02946e9ef6040ae3e47410f9b40f) Importer(2089858483,b0f066a214c2f5e87bad3c948f4d605d)
Start importing Assets/3.UI/kenney_desert-shooter-pack_1.0/PNG/Enemies/Tiles/tile_0008.png using Guid(adfb02946e9ef6040ae3e47410f9b40f) Importer(2089858483,b0f066a214c2f5e87bad3c948f4d605d) (ScriptedImporter) -> (artifact id: '88ada11656c9cbfb4434b7c25b3d89db') in 0.0260737 seconds
Number of updated asset objects reloaded before import = 0Number of asset objects unloaded after import = 1

========================================================================
Received Import Request.
  Time since last request: 0.000027 seconds.
  path: Assets/3.UI/kenney_board-game-icons/PNG/Double (128px)/d12.png
  artifactKey: Guid(ab065cb4777ff694a9f5aa6ce2ac3c82) Importer(2089858483,b0f066a214c2f5e87bad3c948f4d605d)
Start importing Assets/3.UI/kenney_board-game-icons/PNG/Double (128px)/d12.png using Guid(ab065cb4777ff694a9f5aa6ce2ac3c82) Importer(2089858483,b0f066a214c2f5e87bad3c948f4d605d) (ScriptedImporter) -> (artifact id: 'ce7fa7846898792034f580e21509d20b') in 0.0230118 seconds
Number of updated asset objects reloaded before import = 0Number of asset objects unloaded after import = 1

========================================================================
Received Import Request.
  Time since last request: 0.000017 seconds.
  path: Assets/3.UI/kenney_desert-shooter-pack_1.0/PNG/Interface/Tiles/tile_0194.png
  artifactKey: Guid(160162744276a0943a28dcb438fbd1a9) Importer(2089858483,b0f066a214c2f5e87bad3c948f4d605d)
Start importing Assets/3.UI/kenney_desert-shooter-pack_1.0/PNG/Interface/Tiles/tile_0194.png using Guid(160162744276a0943a28dcb438fbd1a9) Importer(2089858483,b0f066a214c2f5e87bad3c948f4d605d) (ScriptedImporter) -> (artifact id: 'a70b286cf889bdacf7c1cb34d4d5643e') in 0.024758 seconds
Number of updated asset objects reloaded before import = 0Number of asset objects unloaded after import = 1

========================================================================
Received Import Request.
  Time since last request: 0.000024 seconds.
  path: Assets/3.UI/kenney_board-game-icons/Vector/Icons/arrow_diagonal_cross.svg
  artifactKey: Guid(72869315fa171894d998f391156b32db) Importer(2089858483,b0f066a214c2f5e87bad3c948f4d605d)
Start importing Assets/3.UI/kenney_board-game-icons/Vector/Icons/arrow_diagonal_cross.svg using Guid(72869315fa171894d998f391156b32db) Importer(2089858483,b0f066a214c2f5e87bad3c948f4d605d) (ScriptedImporter) -> (artifact id: '784802a3cc074deff582fd37090991ae') in 0.021635 seconds
Number of updated asset objects reloaded before import = 0Number of asset objects unloaded after import = 1

========================================================================
Received Import Request.
  Time since last request: 0.000021 seconds.
  path: Assets/3.UI/kenney_board-game-icons/Vector/Icons/card_tap_outline.svg
  artifactKey: Guid(25124ab57c807d44b8fa691744cc782a) Importer(2089858483,b0f066a214c2f5e87bad3c948f4d605d)
Start importing Assets/3.UI/kenney_board-game-icons/Vector/Icons/card_tap_outline.svg using Guid(25124ab57c807d44b8fa691744cc782a) Importer(2089858483,b0f066a214c2f5e87bad3c948f4d605d) (ScriptedImporter) -> (artifact id: 'fc706fcf41d8cca512adbfdaa871a76a') in 0.0198944 seconds
Number of updated asset objects reloaded before import = 0Number of asset objects unloaded after import = 1

========================================================================
Received Import Request.
  Time since last request: 0.000031 seconds.
  path: Assets/3.UI/kenney_board-game-icons/Vector/Icons/tag_3.svg
  artifactKey: Guid(5a78626985d814945bd65d35933b11a7) Importer(2089858483,b0f066a214c2f5e87bad3c948f4d605d)
Start importing Assets/3.UI/kenney_board-game-icons/Vector/Icons/tag_3.svg using Guid(5a78626985d814945bd65d35933b11a7) Importer(2089858483,b0f066a214c2f5e87bad3c948f4d605d) (ScriptedImporter) -> (artifact id: '0a689dde39e5d529a89f22516100b517') in 0.021695 seconds
Number of updated asset objects reloaded before import = 0Number of asset objects unloaded after import = 1

========================================================================
Received Import Request.
  Time since last request: 0.000015 seconds.
  path: Assets/3.UI/kenney_board-game-icons/PNG/Default (64px)/d4_number.png
  artifactKey: Guid(34cf081a04974ca48a317a3714f3631c) Importer(2089858483,b0f066a214c2f5e87bad3c948f4d605d)
Start importing Assets/3.UI/kenney_board-game-icons/PNG/Default (64px)/d4_number.png using Guid(34cf081a04974ca48a317a3714f3631c) Importer(2089858483,b0f066a214c2f5e87bad3c948f4d605d) (ScriptedImporter) -> (artifact id: '9866ff406606d16f8b3ad2e5d5734278') in 0.0256719 seconds
Number of updated asset objects reloaded before import = 0Number of asset objects unloaded after import = 1

========================================================================
Received Import Request.
  Time since last request: 0.000016 seconds.
  path: Assets/3.UI/kenney_board-game-icons/PNG/Default (64px)/card_outline.png
  artifactKey: Guid(b1991ec0415f2e840910f31d0a2eb575) Importer(2089858483,b0f066a214c2f5e87bad3c948f4d605d)
Start importing Assets/3.UI/kenney_board-game-icons/PNG/Default (64px)/card_outline.png using Guid(b1991ec0415f2e840910f31d0a2eb575) Importer(2089858483,b0f066a214c2f5e87bad3c948f4d605d) (ScriptedImporter) -> (artifact id: '451b70f97e3323f2ddb69ec0dd0bdb07') in 0.0279196 seconds
Number of updated asset objects reloaded before import = 0Number of asset objects unloaded after import = 1

========================================================================
Received Import Request.
  Time since last request: 0.000023 seconds.
  path: Assets/3.UI/kenney_board-game-icons/Vector/Icons/flip_tails.svg
  artifactKey: Guid(b499e8a1ad96a3a47a0a9e9f52181000) Importer(2089858483,b0f066a214c2f5e87bad3c948f4d605d)
Start importing Assets/3.UI/kenney_board-game-icons/Vector/Icons/flip_tails.svg using Guid(b499e8a1ad96a3a47a0a9e9f52181000) Importer(2089858483,b0f066a214c2f5e87bad3c948f4d605d) (ScriptedImporter) -> (artifact id: '48dbe914ba0fd5ed26d20f1c77a360d6') in 0.0205309 seconds
Number of updated asset objects reloaded before import = 0Number of asset objects unloaded after import = 1

========================================================================
Received Import Request.
  Time since last request: 0.000046 seconds.
  path: Assets/3.UI/kenney_desert-shooter-pack_1.0/PNG/Enemies/Tiles/tile_0002.png
  artifactKey: Guid(f87151f82fdb1254ca33ac81c257e675) Importer(2089858483,b0f066a214c2f5e87bad3c948f4d605d)
Start importing Assets/3.UI/kenney_desert-shooter-pack_1.0/PNG/Enemies/Tiles/tile_0002.png using Guid(f87151f82fdb1254ca33ac81c257e675) Importer(2089858483,b0f066a214c2f5e87bad3c948f4d605d) (ScriptedImporter) -> (artifact id: '962f2e1fa7b417df73dbc9932225bf55') in 0.0212154 seconds
Number of updated asset objects reloaded before import = 0Number of asset objects unloaded after import = 1

========================================================================
Received Import Request.
  Time since last request: 0.000022 seconds.
  path: Assets/3.UI/kenney_desert-shooter-pack_1.0/Sounds/shoot-g.ogg
  artifactKey: Guid(48bfc900d4282f542ad706257844d760) Importer(2089858483,b0f066a214c2f5e87bad3c948f4d605d)
Start importing Assets/3.UI/kenney_desert-shooter-pack_1.0/Sounds/shoot-g.ogg using Guid(48bfc900d4282f542ad706257844d760) Importer(2089858483,b0f066a214c2f5e87bad3c948f4d605d) (ScriptedImporter) -> (artifact id: 'b3c09d0054850222a4fc18879fde0db4') in 0.0372207 seconds
Number of updated asset objects reloaded before import = 0Number of asset objects unloaded after import = 1

========================================================================
Received Import Request.
  Time since last request: 0.000028 seconds.
  path: Assets/3.UI/kenney_board-game-icons/Vector/Icons/d6_outline.svg
  artifactKey: Guid(ef6613bf32ec2794ba303bf8908b8399) Importer(2089858483,b0f066a214c2f5e87bad3c948f4d605d)
Start importing Assets/3.UI/kenney_board-game-icons/Vector/Icons/d6_outline.svg using Guid(ef6613bf32ec2794ba303bf8908b8399) Importer(2089858483,b0f066a214c2f5e87bad3c948f4d605d) (ScriptedImporter) -> (artifact id: '32e5c68ee46a6cf37ba2dcc9f6e60ada') in 0.0229955 seconds
Number of updated asset objects reloaded before import = 0Number of asset objects unloaded after import = 1

========================================================================
Received Import Request.
  Time since last request: 0.000034 seconds.
  path: Assets/3.UI/kenney_board-game-icons/PNG/Default (64px)/timer_CW_50.png
  artifactKey: Guid(5e587020f43340a4580a423e39a88a2e) Importer(2089858483,b0f066a214c2f5e87bad3c948f4d605d)
Start importing Assets/3.UI/kenney_board-game-icons/PNG/Default (64px)/timer_CW_50.png using Guid(5e587020f43340a4580a423e39a88a2e) Importer(2089858483,b0f066a214c2f5e87bad3c948f4d605d) (ScriptedImporter) -> (artifact id: 'd5ed7a08753bfb303e385a18e914a777') in 0.0221224 seconds
Number of updated asset objects reloaded before import = 0Number of asset objects unloaded after import = 1

========================================================================
Received Import Request.
  Time since last request: 0.000045 seconds.
  path: Assets/3.UI/kenney_desert-shooter-pack_1.0/PNG/Tiles/Tiles/tile_0182.png
  artifactKey: Guid(c293f4481fb0e39459e5d2c8e3114c3d) Importer(2089858483,b0f066a214c2f5e87bad3c948f4d605d)
Start importing Assets/3.UI/kenney_desert-shooter-pack_1.0/PNG/Tiles/Tiles/tile_0182.png using Guid(c293f4481fb0e39459e5d2c8e3114c3d) Importer(2089858483,b0f066a214c2f5e87bad3c948f4d605d) (ScriptedImporter) -> (artifact id: '3ba1eaa0c805db24a1cd543579ec0f56') in 0.025244 seconds
Number of updated asset objects reloaded before import = 0Number of asset objects unloaded after import = 1

========================================================================
Received Import Request.
  Time since last request: 0.000017 seconds.
  path: Assets/3.UI/kenney_cursor-pixel-pack/Tiles/tile_0192.png
  artifactKey: Guid(965b9e1ddaba51840a4305d62eeb681f) Importer(2089858483,b0f066a214c2f5e87bad3c948f4d605d)
Start importing Assets/3.UI/kenney_cursor-pixel-pack/Tiles/tile_0192.png using Guid(965b9e1ddaba51840a4305d62eeb681f) Importer(2089858483,b0f066a214c2f5e87bad3c948f4d605d) (ScriptedImporter) -> (artifact id: 'ffbbe3b772ada97ee0b68e5dd9eb0c4d') in 0.0239699 seconds
Number of updated asset objects reloaded before import = 0Number of asset objects unloaded after import = 1

========================================================================
Received Import Request.
  Time since last request: 0.000028 seconds.
  path: Assets/3.UI/kenney_desert-shooter-pack_1.0/PNG/Tiles/Tiles/tile_0017.png
  artifactKey: Guid(c00532b29a410ab4b9865eace996c319) Importer(2089858483,b0f066a214c2f5e87bad3c948f4d605d)
Start importing Assets/3.UI/kenney_desert-shooter-pack_1.0/PNG/Tiles/Tiles/tile_0017.png using Guid(c00532b29a410ab4b9865eace996c319) Importer(2089858483,b0f066a214c2f5e87bad3c948f4d605d) (ScriptedImporter) -> (artifact id: '97bce0c41b5875e2f053fe5eb47f4aab') in 0.0225326 seconds
Number of updated asset objects reloaded before import = 0Number of asset objects unloaded after import = 1

========================================================================
Received Import Request.
  Time since last request: 0.000021 seconds.
  path: Assets/3.UI/kenney_desert-shooter-pack_1.0/PNG/Tiles/Tiles/tile_0027.png
  artifactKey: Guid(9712624931a37b14d942be5436ad373f) Importer(2089858483,b0f066a214c2f5e87bad3c948f4d605d)
Start importing Assets/3.UI/kenney_desert-shooter-pack_1.0/PNG/Tiles/Tiles/tile_0027.png using Guid(9712624931a37b14d942be5436ad373f) Importer(2089858483,b0f066a214c2f5e87bad3c948f4d605d) (ScriptedImporter) -> (artifact id: '70a693f5de3f868cede642f65c751e1f') in 0.0236086 seconds
Number of updated asset objects reloaded before import = 0Number of asset objects unloaded after import = 1

========================================================================
Received Import Request.
  Time since last request: 0.000028 seconds.
  path: Assets/3.UI/kenney_board-game-icons/PNG/Default (64px)/dice_detailed.png
  artifactKey: Guid(129a3c8bcee53ef43b21a2dc8cc19fb3) Importer(2089858483,b0f066a214c2f5e87bad3c948f4d605d)
Start importing Assets/3.UI/kenney_board-game-icons/PNG/Default (64px)/dice_detailed.png using Guid(129a3c8bcee53ef43b21a2dc8cc19fb3) Importer(2089858483,b0f066a214c2f5e87bad3c948f4d605d) (ScriptedImporter) -> (artifact id: '44f3d92c5d1e014b08da70e18e25d553') in 0.0270719 seconds
Number of updated asset objects reloaded before import = 0Number of asset objects unloaded after import = 1

========================================================================
Received Import Request.
  Time since last request: 0.000020 seconds.
  path: Assets/3.UI/kenney_desert-shooter-pack_1.0/PNG/Tiles/Tiles/tile_0224.png
  artifactKey: Guid(fc72b56532dd0184fae5f988d78ff83c) Importer(2089858483,b0f066a214c2f5e87bad3c948f4d605d)
Start importing Assets/3.UI/kenney_desert-shooter-pack_1.0/PNG/Tiles/Tiles/tile_0224.png using Guid(fc72b56532dd0184fae5f988d78ff83c) Importer(2089858483,b0f066a214c2f5e87bad3c948f4d605d) (ScriptedImporter) -> (artifact id: '03c5227d5767aa9fc1b98b82c736ad29') in 0.0228849 seconds
Number of updated asset objects reloaded before import = 0Number of asset objects unloaded after import = 1

========================================================================
Received Import Request.
  Time since last request: 0.000078 seconds.
  path: Assets/3.UI/kenney_board-game-icons/Vector/Icons/hand_hexagon.svg
  artifactKey: Guid(bc9388f28bcc3ed46901419ae0a97fc2) Importer(2089858483,b0f066a214c2f5e87bad3c948f4d605d)
Start importing Assets/3.UI/kenney_board-game-icons/Vector/Icons/hand_hexagon.svg using Guid(bc9388f28bcc3ed46901419ae0a97fc2) Importer(2089858483,b0f066a214c2f5e87bad3c948f4d605d) (ScriptedImporter) -> (artifact id: 'ed460a9bf3f53709daae1d4f50a8ff2a') in 0.0175201 seconds
Number of updated asset objects reloaded before import = 0Number of asset objects unloaded after import = 1

========================================================================
Received Import Request.
  Time since last request: 0.000021 seconds.
  path: Assets/3.UI/kenney_desert-shooter-pack_1.0/PNG/Tiles/Tiles/tile_0028.png
  artifactKey: Guid(fb9ee85d2f7a70446ba0c0ca98c6d106) Importer(2089858483,b0f066a214c2f5e87bad3c948f4d605d)
Start importing Assets/3.UI/kenney_desert-shooter-pack_1.0/PNG/Tiles/Tiles/tile_0028.png using Guid(fb9ee85d2f7a70446ba0c0ca98c6d106) Importer(2089858483,b0f066a214c2f5e87bad3c948f4d605d) (ScriptedImporter) -> (artifact id: 'd7b76e3502542eafef2857b8981d2370') in 0.0168741 seconds
Number of updated asset objects reloaded before import = 0Number of asset objects unloaded after import = 1

========================================================================
Received Import Request.
  Time since last request: 0.000029 seconds.
  path: Assets/3.UI/kenney_desert-shooter-pack_1.0/PNG/Tiles/Tiles/tile_0048.png
  artifactKey: Guid(a5678c981a9831c4bbb2f0a5b5cc9e10) Importer(2089858483,b0f066a214c2f5e87bad3c948f4d605d)
Start importing Assets/3.UI/kenney_desert-shooter-pack_1.0/PNG/Tiles/Tiles/tile_0048.png using Guid(a5678c981a9831c4bbb2f0a5b5cc9e10) Importer(2089858483,b0f066a214c2f5e87bad3c948f4d605d) (ScriptedImporter) -> (artifact id: '94f7ed52e099179eb527ff4752274ee7') in 0.0210862 seconds
Number of updated asset objects reloaded before import = 0Number of asset objects unloaded after import = 1

========================================================================
Received Import Request.
  Time since last request: 0.000058 seconds.
  path: Assets/3.UI/kenney_desert-shooter-pack_1.0/PNG/Interface/Tiles/tile_0190.png
  artifactKey: Guid(5e71e93f7a262594e9e3f87725912f25) Importer(2089858483,b0f066a214c2f5e87bad3c948f4d605d)
Start importing Assets/3.UI/kenney_desert-shooter-pack_1.0/PNG/Interface/Tiles/tile_0190.png using Guid(5e71e93f7a262594e9e3f87725912f25) Importer(2089858483,b0f066a214c2f5e87bad3c948f4d605d) (ScriptedImporter) -> (artifact id: '25be822b83c98f6206f1c10a9f5ad4cd') in 0.0168182 seconds
Number of updated asset objects reloaded before import = 0Number of asset objects unloaded after import = 1

========================================================================
Received Import Request.
  Time since last request: 0.000030 seconds.
  path: Assets/3.UI/kenney_board-game-icons/PNG/Double (128px)/hand_hexagon.png
  artifactKey: Guid(9f8c2c143dbecbf468de179b161715b4) Importer(2089858483,b0f066a214c2f5e87bad3c948f4d605d)
Start importing Assets/3.UI/kenney_board-game-icons/PNG/Double (128px)/hand_hexagon.png using Guid(9f8c2c143dbecbf468de179b161715b4) Importer(2089858483,b0f066a214c2f5e87bad3c948f4d605d) (ScriptedImporter) -> (artifact id: '4ce87440b2faa3404236944d54c93455') in 0.0208621 seconds
Number of updated asset objects reloaded before import = 0Number of asset objects unloaded after import = 1

========================================================================
Received Import Request.
  Time since last request: 0.000025 seconds.
  path: Assets/3.UI/kenney_board-game-icons/PNG/Double (128px)/pentagon_outline.png
  artifactKey: Guid(95f6595d867aa24438bb1bb50b40e62f) Importer(2089858483,b0f066a214c2f5e87bad3c948f4d605d)
Start importing Assets/3.UI/kenney_board-game-icons/PNG/Double (128px)/pentagon_outline.png using Guid(95f6595d867aa24438bb1bb50b40e62f) Importer(2089858483,b0f066a214c2f5e87bad3c948f4d605d) (ScriptedImporter) -> (artifact id: '121aeb46a0444fcc50dd205d5942d0a2') in 0.0189302 seconds
Number of updated asset objects reloaded before import = 0Number of asset objects unloaded after import = 1

========================================================================
Received Import Request.
  Time since last request: 0.000027 seconds.
  path: Assets/3.UI/kenney_board-game-icons/PNG/Default (64px)/arrow_diagonal.png
  artifactKey: Guid(3917fd59134e3914db90c585114eb721) Importer(2089858483,b0f066a214c2f5e87bad3c948f4d605d)
Start importing Assets/3.UI/kenney_board-game-icons/PNG/Default (64px)/arrow_diagonal.png using Guid(3917fd59134e3914db90c585114eb721) Importer(2089858483,b0f066a214c2f5e87bad3c948f4d605d) (ScriptedImporter) -> (artifact id: '10633b752e84cfe7d21644862b115b28') in 0.0212836 seconds
Number of updated asset objects reloaded before import = 0Number of asset objects unloaded after import = 1

========================================================================
Received Import Request.
  Time since last request: 0.000015 seconds.
  path: Assets/3.UI/kenney_board-game-icons/PNG/Double (128px)/chess_queen.png
  artifactKey: Guid(81e0e65ad67c8f04082c94c4fec5aabf) Importer(2089858483,b0f066a214c2f5e87bad3c948f4d605d)
Start importing Assets/3.UI/kenney_board-game-icons/PNG/Double (128px)/chess_queen.png using Guid(81e0e65ad67c8f04082c94c4fec5aabf) Importer(2089858483,b0f066a214c2f5e87bad3c948f4d605d) (ScriptedImporter) -> (artifact id: '1816b3ac351b791a12a8ce988f927e28') in 0.0250668 seconds
Number of updated asset objects reloaded before import = 0Number of asset objects unloaded after import = 1

========================================================================
Received Import Request.
  Time since last request: 0.000017 seconds.
  path: Assets/3.UI/kenney_board-game-icons/PNG/Double (128px)/tag_infinite.png
  artifactKey: Guid(17e566974a847804999d5688886741d9) Importer(2089858483,b0f066a214c2f5e87bad3c948f4d605d)
Start importing Assets/3.UI/kenney_board-game-icons/PNG/Double (128px)/tag_infinite.png using Guid(17e566974a847804999d5688886741d9) Importer(2089858483,b0f066a214c2f5e87bad3c948f4d605d) (ScriptedImporter) -> (artifact id: 'a1f024bad8187b7e7679b0ee3d224597') in 0.0274391 seconds
Number of updated asset objects reloaded before import = 0Number of asset objects unloaded after import = 1

========================================================================
Received Import Request.
  Time since last request: 0.000021 seconds.
  path: Assets/3.UI/kenney_desert-shooter-pack_1.0/PNG/Weapons/Tiles/tile_0039.png
  artifactKey: Guid(3c0633328075cd34f84be323775b275e) Importer(2089858483,b0f066a214c2f5e87bad3c948f4d605d)
Start importing Assets/3.UI/kenney_desert-shooter-pack_1.0/PNG/Weapons/Tiles/tile_0039.png using Guid(3c0633328075cd34f84be323775b275e) Importer(2089858483,b0f066a214c2f5e87bad3c948f4d605d) (ScriptedImporter) -> (artifact id: '45df53901e41eed7ad50e15e8d02ab3b') in 0.0248124 seconds
Number of updated asset objects reloaded before import = 0Number of asset objects unloaded after import = 1

========================================================================
Received Import Request.
  Time since last request: 0.000034 seconds.
  path: Assets/3.UI/kenney_desert-shooter-pack_1.0/PNG/Players/Tilemap
  artifactKey: Guid(d4cf9ea92cb477841b6fde6278486431) Importer(2089858483,b0f066a214c2f5e87bad3c948f4d605d)
Start importing Assets/3.UI/kenney_desert-shooter-pack_1.0/PNG/Players/Tilemap using Guid(d4cf9ea92cb477841b6fde6278486431) Importer(2089858483,b0f066a214c2f5e87bad3c948f4d605d) (ScriptedImporter) -> (artifact id: '4e221221c21c27f5ae0fc5f96a1ec9d4') in 0.0146239 seconds
Number of updated asset objects reloaded before import = 0Number of asset objects unloaded after import = 1

========================================================================
Received Import Request.
  Time since last request: 0.000016 seconds.
  path: Assets/3.UI/kenney_board-game-icons/Vector/Icons/tag_shield.svg
  artifactKey: Guid(87b9955af13050343bcb8cd5d9938296) Importer(2089858483,b0f066a214c2f5e87bad3c948f4d605d)
Start importing Assets/3.UI/kenney_board-game-icons/Vector/Icons/tag_shield.svg using Guid(87b9955af13050343bcb8cd5d9938296) Importer(2089858483,b0f066a214c2f5e87bad3c948f4d605d) (ScriptedImporter) -> (artifact id: '1be5adec63e3daa0e3efd64bb9d2b061') in 0.0165998 seconds
Number of updated asset objects reloaded before import = 0Number of asset objects unloaded after import = 1

========================================================================
Received Import Request.
  Time since last request: 0.000045 seconds.
  path: Assets/3.UI/kenney_board-game-icons/Vector/Icons/dice_detailed.svg
  artifactKey: Guid(b864b616f9d61974ea1d19677e6cab53) Importer(2089858483,b0f066a214c2f5e87bad3c948f4d605d)
Start importing Assets/3.UI/kenney_board-game-icons/Vector/Icons/dice_detailed.svg using Guid(b864b616f9d61974ea1d19677e6cab53) Importer(2089858483,b0f066a214c2f5e87bad3c948f4d605d) (ScriptedImporter) -> (artifact id: '02627ad40f5b316adcd305ad01df55df') in 0.0161363 seconds
Number of updated asset objects reloaded before import = 0Number of asset objects unloaded after import = 1

========================================================================
Received Import Request.
  Time since last request: 0.000022 seconds.
  path: Assets/3.UI/kenney_board-game-icons/PNG/Double (128px)/structure_house.png
  artifactKey: Guid(bafe33b0c1f67e34396262c82f7e402f) Importer(2089858483,b0f066a214c2f5e87bad3c948f4d605d)
Start importing Assets/3.UI/kenney_board-game-icons/PNG/Double (128px)/structure_house.png using Guid(bafe33b0c1f67e34396262c82f7e402f) Importer(2089858483,b0f066a214c2f5e87bad3c948f4d605d) (ScriptedImporter) -> (artifact id: '961faf6a35d35f89f6d47cd1a4017fdf') in 0.0200764 seconds
Number of updated asset objects reloaded before import = 0Number of asset objects unloaded after import = 1

========================================================================
Received Import Request.
  Time since last request: 0.000025 seconds.
  path: Assets/3.UI/kenney_desert-shooter-pack_1.0/PNG/Interface/Tiles/tile_0181.png
  artifactKey: Guid(98cd15b2174d95045b9c16456adb4741) Importer(2089858483,b0f066a214c2f5e87bad3c948f4d605d)
Start importing Assets/3.UI/kenney_desert-shooter-pack_1.0/PNG/Interface/Tiles/tile_0181.png using Guid(98cd15b2174d95045b9c16456adb4741) Importer(2089858483,b0f066a214c2f5e87bad3c948f4d605d) (ScriptedImporter) -> (artifact id: 'c0744cb9d336fc5f22336d3c714fa2fc') in 0.0222848 seconds
Number of updated asset objects reloaded before import = 0Number of asset objects unloaded after import = 1

========================================================================
Received Import Request.
  Time since last request: 0.000029 seconds.
  path: Assets/3.UI/kenney_board-game-icons/Vector/Icons/tag_shield_7.svg
  artifactKey: Guid(e72c165f4158e42488ffbe265e0d5d50) Importer(2089858483,b0f066a214c2f5e87bad3c948f4d605d)
Start importing Assets/3.UI/kenney_board-game-icons/Vector/Icons/tag_shield_7.svg using Guid(e72c165f4158e42488ffbe265e0d5d50) Importer(2089858483,b0f066a214c2f5e87bad3c948f4d605d) (ScriptedImporter) -> (artifact id: 'aa0df5956df687267e8839cf6550b092') in 0.0152799 seconds
Number of updated asset objects reloaded before import = 0Number of asset objects unloaded after import = 1

========================================================================
Received Import Request.
  Time since last request: 0.000018 seconds.
  path: Assets/3.UI/kenney_desert-shooter-pack_1.0/PNG/Interface/Tiles/tile_0028.png
  artifactKey: Guid(44151acfe87f327459936f916ea22b08) Importer(2089858483,b0f066a214c2f5e87bad3c948f4d605d)
Start importing Assets/3.UI/kenney_desert-shooter-pack_1.0/PNG/Interface/Tiles/tile_0028.png using Guid(44151acfe87f327459936f916ea22b08) Importer(2089858483,b0f066a214c2f5e87bad3c948f4d605d) (ScriptedImporter) -> (artifact id: 'f81ff210126465629107d18b11ed1b6a') in 0.0198938 seconds
Number of updated asset objects reloaded before import = 0Number of asset objects unloaded after import = 1

========================================================================
Received Import Request.
  Time since last request: 0.000028 seconds.
  path: Assets/3.UI/kenney_desert-shooter-pack_1.0/PNG/Weapons/Tiles/tile_0012.png
  artifactKey: Guid(03bdbefc87fa8b54490f07a1231d0b9c) Importer(2089858483,b0f066a214c2f5e87bad3c948f4d605d)
Start importing Assets/3.UI/kenney_desert-shooter-pack_1.0/PNG/Weapons/Tiles/tile_0012.png using Guid(03bdbefc87fa8b54490f07a1231d0b9c) Importer(2089858483,b0f066a214c2f5e87bad3c948f4d605d) (ScriptedImporter) -> (artifact id: '8a716a36102cbea36c0d898d979477df') in 0.0280269 seconds
Number of updated asset objects reloaded before import = 0Number of asset objects unloaded after import = 1

========================================================================
Received Import Request.
  Time since last request: 0.000018 seconds.
  path: Assets/3.UI/kenney_desert-shooter-pack_1.0/PNG/Interface/Tiles/tile_0193.png
  artifactKey: Guid(957c5e0ae47a25d46a61da67b1e7d695) Importer(2089858483,b0f066a214c2f5e87bad3c948f4d605d)
Start importing Assets/3.UI/kenney_desert-shooter-pack_1.0/PNG/Interface/Tiles/tile_0193.png using Guid(957c5e0ae47a25d46a61da67b1e7d695) Importer(2089858483,b0f066a214c2f5e87bad3c948f4d605d) (ScriptedImporter) -> (artifact id: 'aed7a05e78138a51db4a1b6c4689f627') in 0.0237114 seconds
Number of updated asset objects reloaded before import = 0Number of asset objects unloaded after import = 1

========================================================================
Received Import Request.
  Time since last request: 0.000036 seconds.
  path: Assets/3.UI/kenney_cursor-pixel-pack/Tiles/tile_0190.png
  artifactKey: Guid(4e1fc9bd8e8ece74cbde9933f53be94a) Importer(2089858483,b0f066a214c2f5e87bad3c948f4d605d)
Start importing Assets/3.UI/kenney_cursor-pixel-pack/Tiles/tile_0190.png using Guid(4e1fc9bd8e8ece74cbde9933f53be94a) Importer(2089858483,b0f066a214c2f5e87bad3c948f4d605d) (ScriptedImporter) -> (artifact id: 'f5679b3efc7afbfb5a0fd6e893f2a03f') in 0.0274369 seconds
Number of updated asset objects reloaded before import = 0Number of asset objects unloaded after import = 1

========================================================================
Received Import Request.
  Time since last request: 0.000038 seconds.
  path: Assets/3.UI/kenney_desert-shooter-pack_1.0/PNG/Tiles/Tiles/tile_0004.png
  artifactKey: Guid(84588d623d6e30a4597aec7ecb0c11cb) Importer(2089858483,b0f066a214c2f5e87bad3c948f4d605d)
Start importing Assets/3.UI/kenney_desert-shooter-pack_1.0/PNG/Tiles/Tiles/tile_0004.png using Guid(84588d623d6e30a4597aec7ecb0c11cb) Importer(2089858483,b0f066a214c2f5e87bad3c948f4d605d) (ScriptedImporter) -> (artifact id: '57c2764f77c05f8572d2274971325a5a') in 0.0214201 seconds
Number of updated asset objects reloaded before import = 0Number of asset objects unloaded after import = 1

========================================================================
Received Import Request.
  Time since last request: 0.000025 seconds.
  path: Assets/3.UI/kenney_board-game-icons/Vector/Icons/flask_empty.svg
  artifactKey: Guid(62247f838401094479b7cf393eb6e727) Importer(2089858483,b0f066a214c2f5e87bad3c948f4d605d)
Start importing Assets/3.UI/kenney_board-game-icons/Vector/Icons/flask_empty.svg using Guid(62247f838401094479b7cf393eb6e727) Importer(2089858483,b0f066a214c2f5e87bad3c948f4d605d) (ScriptedImporter) -> (artifact id: '2b888aa6591d52332c28e521d7522150') in 0.0210466 seconds
Number of updated asset objects reloaded before import = 0Number of asset objects unloaded after import = 1

========================================================================
Received Import Request.
  Time since last request: 0.000020 seconds.
  path: Assets/3.UI/kenney_board-game-icons/Vector/Icons/pawn_right.svg
  artifactKey: Guid(b0414818c29c3cb47b300157b9201a82) Importer(2089858483,b0f066a214c2f5e87bad3c948f4d605d)
Start importing Assets/3.UI/kenney_board-game-icons/Vector/Icons/pawn_right.svg using Guid(b0414818c29c3cb47b300157b9201a82) Importer(2089858483,b0f066a214c2f5e87bad3c948f4d605d) (ScriptedImporter) -> (artifact id: '08c2990c105f880c09aba9012660db33') in 0.0190455 seconds
Number of updated asset objects reloaded before import = 0Number of asset objects unloaded after import = 1

========================================================================
Received Import Request.
  Time since last request: 0.000045 seconds.
  path: Assets/3.UI/kenney_board-game-icons/PNG/Default (64px)/card_tap.png
  artifactKey: Guid(00fbe2ac425e38d47a0e6cc53d131b76) Importer(2089858483,b0f066a214c2f5e87bad3c948f4d605d)
Start importing Assets/3.UI/kenney_board-game-icons/PNG/Default (64px)/card_tap.png using Guid(00fbe2ac425e38d47a0e6cc53d131b76) Importer(2089858483,b0f066a214c2f5e87bad3c948f4d605d) (ScriptedImporter) -> (artifact id: '47ec68f53561d430840c0591b3242ab7') in 0.02499 seconds
Number of updated asset objects reloaded before import = 0Number of asset objects unloaded after import = 1

========================================================================
Received Import Request.
  Time since last request: 0.000016 seconds.
  path: Assets/3.UI/kenney_cursor-pixel-pack/Tiles/tile_0046.png
  artifactKey: Guid(119b407b77c3bfc4683d234204d22d4f) Importer(2089858483,b0f066a214c2f5e87bad3c948f4d605d)
Start importing Assets/3.UI/kenney_cursor-pixel-pack/Tiles/tile_0046.png using Guid(119b407b77c3bfc4683d234204d22d4f) Importer(2089858483,b0f066a214c2f5e87bad3c948f4d605d) (ScriptedImporter) -> (artifact id: '416d6656a16478e9d919a8eea5ecfcf4') in 0.0193431 seconds
Number of updated asset objects reloaded before import = 0Number of asset objects unloaded after import = 1

========================================================================
Received Import Request.
  Time since last request: 0.000020 seconds.
  path: Assets/3.UI/kenney_cursor-pixel-pack/Tiles/tile_0208.png
  artifactKey: Guid(bfc3f9dff0e125c499989ebf1e3ce31e) Importer(2089858483,b0f066a214c2f5e87bad3c948f4d605d)
Start importing Assets/3.UI/kenney_cursor-pixel-pack/Tiles/tile_0208.png using Guid(bfc3f9dff0e125c499989ebf1e3ce31e) Importer(2089858483,b0f066a214c2f5e87bad3c948f4d605d) (ScriptedImporter) -> (artifact id: 'a7d10496e6d5af87ce2e99eac943d5cf') in 0.0192214 seconds
Number of updated asset objects reloaded before import = 0Number of asset objects unloaded after import = 1

========================================================================
Received Import Request.
  Time since last request: 0.000019 seconds.
  path: Assets/3.UI/kenney_desert-shooter-pack_1.0/PNG/Players/Tiles
  artifactKey: Guid(24f5535ae5498964daff6bbc69b7b2da) Importer(2089858483,b0f066a214c2f5e87bad3c948f4d605d)
Start importing Assets/3.UI/kenney_desert-shooter-pack_1.0/PNG/Players/Tiles using Guid(24f5535ae5498964daff6bbc69b7b2da) Importer(2089858483,b0f066a214c2f5e87bad3c948f4d605d) (ScriptedImporter) -> (artifact id: '5569c66a9003777b6760e96f81325e32') in 0.0115803 seconds
Number of updated asset objects reloaded before import = 0Number of asset objects unloaded after import = 1

========================================================================
Received Import Request.
  Time since last request: 0.000035 seconds.
  path: Assets/3.UI/kenney_board-game-icons/PNG/Default (64px)/resource_wood.png
  artifactKey: Guid(cd1232a16d3632940a56d0d7285142cd) Importer(2089858483,b0f066a214c2f5e87bad3c948f4d605d)
Start importing Assets/3.UI/kenney_board-game-icons/PNG/Default (64px)/resource_wood.png using Guid(cd1232a16d3632940a56d0d7285142cd) Importer(2089858483,b0f066a214c2f5e87bad3c948f4d605d) (ScriptedImporter) -> (artifact id: '2504c2f050822ead362da4c0e6551cd3') in 0.0191387 seconds
Number of updated asset objects reloaded before import = 0Number of asset objects unloaded after import = 1

========================================================================
Received Import Request.
  Time since last request: 0.000019 seconds.
  path: Assets/3.UI/kenney_cursor-pixel-pack/Tiles/tile_0033.png
  artifactKey: Guid(f916ffac44eebbb4e80e95577580b332) Importer(2089858483,b0f066a214c2f5e87bad3c948f4d605d)
Start importing Assets/3.UI/kenney_cursor-pixel-pack/Tiles/tile_0033.png using Guid(f916ffac44eebbb4e80e95577580b332) Importer(2089858483,b0f066a214c2f5e87bad3c948f4d605d) (ScriptedImporter) -> (artifact id: '4d14f4b916ea29e43f13fa8a2a57c463') in 0.0185668 seconds
Number of updated asset objects reloaded before import = 0Number of asset objects unloaded after import = 1

========================================================================
Received Import Request.
  Time since last request: 0.000020 seconds.
  path: Assets/3.UI/kenney_desert-shooter-pack_1.0/PNG/Enemies/Tilesheet.txt
  artifactKey: Guid(317e88dc6b43155489826cabf002c0cf) Importer(2089858483,b0f066a214c2f5e87bad3c948f4d605d)
Start importing Assets/3.UI/kenney_desert-shooter-pack_1.0/PNG/Enemies/Tilesheet.txt using Guid(317e88dc6b43155489826cabf002c0cf) Importer(2089858483,b0f066a214c2f5e87bad3c948f4d605d) (ScriptedImporter) -> (artifact id: '82b248db32332fe66d7c990976bd9e7b') in 0.0129052 seconds
Number of updated asset objects reloaded before import = 0Number of asset objects unloaded after import = 1

========================================================================
Received Import Request.
  Time since last request: 0.000023 seconds.
  path: Assets/3.UI/kenney_desert-shooter-pack_1.0/PNG/Interface/Tiles/tile_0081.png
  artifactKey: Guid(a15c6d523ca42164494fef1e8779946e) Importer(2089858483,b0f066a214c2f5e87bad3c948f4d605d)
Start importing Assets/3.UI/kenney_desert-shooter-pack_1.0/PNG/Interface/Tiles/tile_0081.png using Guid(a15c6d523ca42164494fef1e8779946e) Importer(2089858483,b0f066a214c2f5e87bad3c948f4d605d) (ScriptedImporter) -> (artifact id: '85602afc43314b57854841a2226fc0da') in 0.0191247 seconds
Number of updated asset objects reloaded before import = 0Number of asset objects unloaded after import = 1

========================================================================
Received Import Request.
  Time since last request: 0.000044 seconds.
  path: Assets/3.UI/kenney_board-game-icons/PNG/Default (64px)/cards_collection.png
  artifactKey: Guid(f389bf0d9f49dba4ebec57cef9f624bd) Importer(2089858483,b0f066a214c2f5e87bad3c948f4d605d)
Start importing Assets/3.UI/kenney_board-game-icons/PNG/Default (64px)/cards_collection.png using Guid(f389bf0d9f49dba4ebec57cef9f624bd) Importer(2089858483,b0f066a214c2f5e87bad3c948f4d605d) (ScriptedImporter) -> (artifact id: '1c15a1ff07bf7116fd9f9ee09a3827b2') in 0.0239413 seconds
Number of updated asset objects reloaded before import = 0Number of asset objects unloaded after import = 1

========================================================================
Received Import Request.
  Time since last request: 0.000066 seconds.
  path: Assets/3.UI/kenney_board-game-icons/PNG/Default (64px)/d2_number.png
  artifactKey: Guid(5a867dbe5d69703428dc2e852257d1ee) Importer(2089858483,b0f066a214c2f5e87bad3c948f4d605d)
Start importing Assets/3.UI/kenney_board-game-icons/PNG/Default (64px)/d2_number.png using Guid(5a867dbe5d69703428dc2e852257d1ee) Importer(2089858483,b0f066a214c2f5e87bad3c948f4d605d) (ScriptedImporter) -> (artifact id: '839a2859ee7bdc0f9a5bc78210800d1e') in 0.022407 seconds
Number of updated asset objects reloaded before import = 0Number of asset objects unloaded after import = 1

========================================================================
Received Import Request.
  Time since last request: 0.000034 seconds.
  path: Assets/3.UI/kenney_desert-shooter-pack_1.0/PNG/Enemies/Tiles/tile_0000.png
  artifactKey: Guid(035bdc83a6af2114fbf50bbcb2f31fee) Importer(2089858483,b0f066a214c2f5e87bad3c948f4d605d)
Start importing Assets/3.UI/kenney_desert-shooter-pack_1.0/PNG/Enemies/Tiles/tile_0000.png using Guid(035bdc83a6af2114fbf50bbcb2f31fee) Importer(2089858483,b0f066a214c2f5e87bad3c948f4d605d) (ScriptedImporter) -> (artifact id: '6e9f1b4eb86642a35bbd6a1d811d824b') in 0.0211433 seconds
Number of updated asset objects reloaded before import = 0Number of asset objects unloaded after import = 1

========================================================================
Received Import Request.
  Time since last request: 0.000071 seconds.
  path: Assets/3.UI/kenney_board-game-icons/Vector/Icons/notepad_write.svg
  artifactKey: Guid(2cf2d64ef8f46b0459c2dfc5f26446ab) Importer(2089858483,b0f066a214c2f5e87bad3c948f4d605d)
Start importing Assets/3.UI/kenney_board-game-icons/Vector/Icons/notepad_write.svg using Guid(2cf2d64ef8f46b0459c2dfc5f26446ab) Importer(2089858483,b0f066a214c2f5e87bad3c948f4d605d) (ScriptedImporter) -> (artifact id: '960f35b0a7f898c27fb4e823416132fb') in 0.0186869 seconds
Number of updated asset objects reloaded before import = 0Number of asset objects unloaded after import = 1

========================================================================
Received Import Request.
  Time since last request: 0.000023 seconds.
  path: Assets/3.UI/kenney_desert-shooter-pack_1.0/PNG/Interface/Tiles/tile_0083.png
  artifactKey: Guid(101f385acbb89f94f8d5653e6ef32f73) Importer(2089858483,b0f066a214c2f5e87bad3c948f4d605d)
Start importing Assets/3.UI/kenney_desert-shooter-pack_1.0/PNG/Interface/Tiles/tile_0083.png using Guid(101f385acbb89f94f8d5653e6ef32f73) Importer(2089858483,b0f066a214c2f5e87bad3c948f4d605d) (ScriptedImporter) -> (artifact id: '21fea6483bfb85e4a1af31f45224c044') in 0.0241403 seconds
Number of updated asset objects reloaded before import = 0Number of asset objects unloaded after import = 1

========================================================================
Received Import Request.
  Time since last request: 0.000030 seconds.
  path: Assets/3.UI/kenney_board-game-icons/PNG/Default (64px)/spinner.png
  artifactKey: Guid(2910f6d64b38b7f4fb797a30498285b4) Importer(2089858483,b0f066a214c2f5e87bad3c948f4d605d)
Start importing Assets/3.UI/kenney_board-game-icons/PNG/Default (64px)/spinner.png using Guid(2910f6d64b38b7f4fb797a30498285b4) Importer(2089858483,b0f066a214c2f5e87bad3c948f4d605d) (ScriptedImporter) -> (artifact id: 'd1e653051ebc93f5e9db3d7afeb542ec') in 0.0215697 seconds
Number of updated asset objects reloaded before import = 0Number of asset objects unloaded after import = 1

========================================================================
Received Import Request.
  Time since last request: 0.000020 seconds.
  path: Assets/3.UI/kenney_desert-shooter-pack_1.0/PNG/Interface/Tiles/tile_0023.png
  artifactKey: Guid(c8d494a13dc62154f9c8a8055e892a99) Importer(2089858483,b0f066a214c2f5e87bad3c948f4d605d)
Start importing Assets/3.UI/kenney_desert-shooter-pack_1.0/PNG/Interface/Tiles/tile_0023.png using Guid(c8d494a13dc62154f9c8a8055e892a99) Importer(2089858483,b0f066a214c2f5e87bad3c948f4d605d) (ScriptedImporter) -> (artifact id: '00c4c6263cc4944f5523b1fa87754e84') in 0.0201541 seconds
Number of updated asset objects reloaded before import = 0Number of asset objects unloaded after import = 1

========================================================================
Received Import Request.
  Time since last request: 0.000015 seconds.
  path: Assets/3.UI/kenney_cursor-pixel-pack/Tiles/tile_0017.png
  artifactKey: Guid(f32f558252e60654b987e8199db18015) Importer(2089858483,b0f066a214c2f5e87bad3c948f4d605d)
Start importing Assets/3.UI/kenney_cursor-pixel-pack/Tiles/tile_0017.png using Guid(f32f558252e60654b987e8199db18015) Importer(2089858483,b0f066a214c2f5e87bad3c948f4d605d) (ScriptedImporter) -> (artifact id: 'c22900df80128ed95103f73b24472867') in 0.0205402 seconds
Number of updated asset objects reloaded before import = 0Number of asset objects unloaded after import = 1

========================================================================
Received Import Request.
  Time since last request: 0.000020 seconds.
  path: Assets/3.UI/kenney_board-game-icons/Vector/Icons/bow.svg
  artifactKey: Guid(abbb7d3bcaab2c344be89ae1d8881ac7) Importer(2089858483,b0f066a214c2f5e87bad3c948f4d605d)
Start importing Assets/3.UI/kenney_board-game-icons/Vector/Icons/bow.svg using Guid(abbb7d3bcaab2c344be89ae1d8881ac7) Importer(2089858483,b0f066a214c2f5e87bad3c948f4d605d) (ScriptedImporter) -> (artifact id: '9d1180fa55deabb82b6f0ba1d5c5fc12') in 0.0243694 seconds
Number of updated asset objects reloaded before import = 0Number of asset objects unloaded after import = 1

========================================================================
Received Import Request.
  Time since last request: 0.000041 seconds.
  path: Assets/3.UI/kenney_board-game-icons/PNG/Default (64px)/cards_skull.png
  artifactKey: Guid(d147e2f37b6b38b4cbe61ac0f075a331) Importer(2089858483,b0f066a214c2f5e87bad3c948f4d605d)
Start importing Assets/3.UI/kenney_board-game-icons/PNG/Default (64px)/cards_skull.png using Guid(d147e2f37b6b38b4cbe61ac0f075a331) Importer(2089858483,b0f066a214c2f5e87bad3c948f4d605d) (ScriptedImporter) -> (artifact id: '12358d5cc7032878b7840ef85326d6d8') in 0.0238717 seconds
Number of updated asset objects reloaded before import = 0Number of asset objects unloaded after import = 1

========================================================================
Received Import Request.
  Time since last request: 0.000070 seconds.
  path: Assets/3.UI/kenney_cursor-pixel-pack/Tiles/tile_0045.png
  artifactKey: Guid(27ad6aa88d9f8f74481706d5d9db6cf5) Importer(2089858483,b0f066a214c2f5e87bad3c948f4d605d)
Start importing Assets/3.UI/kenney_cursor-pixel-pack/Tiles/tile_0045.png using Guid(27ad6aa88d9f8f74481706d5d9db6cf5) Importer(2089858483,b0f066a214c2f5e87bad3c948f4d605d) (ScriptedImporter) -> (artifact id: '60c211496247ef04f2c2fd6cd6170289') in 0.0215625 seconds
Number of updated asset objects reloaded before import = 0Number of asset objects unloaded after import = 1

========================================================================
Received Import Request.
  Time since last request: 0.000033 seconds.
  path: Assets/3.UI/kenney_board-game-icons/Vector/Icons/cards_fan.svg
  artifactKey: Guid(37b67a87ae0e16f4e86fabffbcdebcbb) Importer(2089858483,b0f066a214c2f5e87bad3c948f4d605d)
Start importing Assets/3.UI/kenney_board-game-icons/Vector/Icons/cards_fan.svg using Guid(37b67a87ae0e16f4e86fabffbcdebcbb) Importer(2089858483,b0f066a214c2f5e87bad3c948f4d605d) (ScriptedImporter) -> (artifact id: 'd6bba33257405d3b9901f1ffa25d44e4') in 0.0186939 seconds
Number of updated asset objects reloaded before import = 0Number of asset objects unloaded after import = 1

========================================================================
Received Import Request.
  Time since last request: 0.000033 seconds.
  path: Assets/3.UI/kenney_desert-shooter-pack_1.0/PNG/Interface/Tiles/tile_0137.png
  artifactKey: Guid(ab7933b3efa985a42b3894ab87ef7c14) Importer(2089858483,b0f066a214c2f5e87bad3c948f4d605d)
Start importing Assets/3.UI/kenney_desert-shooter-pack_1.0/PNG/Interface/Tiles/tile_0137.png using Guid(ab7933b3efa985a42b3894ab87ef7c14) Importer(2089858483,b0f066a214c2f5e87bad3c948f4d605d) (ScriptedImporter) -> (artifact id: '74f05ec742d3ba1458d9925aaa6efd93') in 0.0211839 seconds
Number of updated asset objects reloaded before import = 0Number of asset objects unloaded after import = 1

========================================================================
Received Import Request.
  Time since last request: 0.000043 seconds.
  path: Assets/3.UI/kenney_desert-shooter-pack_1.0/PNG/Interface/Tiles/tile_0044.png
  artifactKey: Guid(45f426008203eea41a8223274ba20515) Importer(2089858483,b0f066a214c2f5e87bad3c948f4d605d)
Start importing Assets/3.UI/kenney_desert-shooter-pack_1.0/PNG/Interface/Tiles/tile_0044.png using Guid(45f426008203eea41a8223274ba20515) Importer(2089858483,b0f066a214c2f5e87bad3c948f4d605d) (ScriptedImporter) -> (artifact id: 'f6d69e0cf84b64c7077511e691f6b027') in 0.0223287 seconds
Number of updated asset objects reloaded before import = 0Number of asset objects unloaded after import = 1

========================================================================
Received Import Request.
  Time since last request: 0.000028 seconds.
  path: Assets/3.UI/kenney_board-game-icons/Vector/Icons/tokens_stack.svg
  artifactKey: Guid(24c8dde0d62036e4b8c231cd30f7f0b9) Importer(2089858483,b0f066a214c2f5e87bad3c948f4d605d)
Start importing Assets/3.UI/kenney_board-game-icons/Vector/Icons/tokens_stack.svg using Guid(24c8dde0d62036e4b8c231cd30f7f0b9) Importer(2089858483,b0f066a214c2f5e87bad3c948f4d605d) (ScriptedImporter) -> (artifact id: '25054f2ac6d17846ecb2a6f811c8761f') in 0.0142418 seconds
Number of updated asset objects reloaded before import = 0Number of asset objects unloaded after import = 1

========================================================================
Received Import Request.
  Time since last request: 0.000019 seconds.
  path: Assets/3.UI/kenney_desert-shooter-pack_1.0/PNG/Tiles/Tiles/tile_0102.png
  artifactKey: Guid(033f49ed045c4054f97e028a4b008934) Importer(2089858483,b0f066a214c2f5e87bad3c948f4d605d)
Start importing Assets/3.UI/kenney_desert-shooter-pack_1.0/PNG/Tiles/Tiles/tile_0102.png using Guid(033f49ed045c4054f97e028a4b008934) Importer(2089858483,b0f066a214c2f5e87bad3c948f4d605d) (ScriptedImporter) -> (artifact id: 'ada244189ef7de95a512586ba0579cc3') in 0.0173344 seconds
Number of updated asset objects reloaded before import = 0Number of asset objects unloaded after import = 1

========================================================================
Received Import Request.
  Time since last request: 0.000099 seconds.
  path: Assets/3.UI/kenney_desert-shooter-pack_1.0/PNG/Interface/Tiles/tile_0094.png
  artifactKey: Guid(13ea709caa6047f43b2190d4e4dfe388) Importer(2089858483,b0f066a214c2f5e87bad3c948f4d605d)
Start importing Assets/3.UI/kenney_desert-shooter-pack_1.0/PNG/Interface/Tiles/tile_0094.png using Guid(13ea709caa6047f43b2190d4e4dfe388) Importer(2089858483,b0f066a214c2f5e87bad3c948f4d605d) (ScriptedImporter) -> (artifact id: '7f9d82020d67deca7b30b580d0d24727') in 0.0178674 seconds
Number of updated asset objects reloaded before import = 0Number of asset objects unloaded after import = 1

========================================================================
Received Import Request.
  Time since last request: 0.000039 seconds.
  path: Assets/3.UI/kenney_board-game-icons/PNG/Default (64px)/flag_square.png
  artifactKey: Guid(fee0db7f78609294a98e33da2339e5b4) Importer(2089858483,b0f066a214c2f5e87bad3c948f4d605d)
Start importing Assets/3.UI/kenney_board-game-icons/PNG/Default (64px)/flag_square.png using Guid(fee0db7f78609294a98e33da2339e5b4) Importer(2089858483,b0f066a214c2f5e87bad3c948f4d605d) (ScriptedImporter) -> (artifact id: 'd12718bc3a584986838d69a3de80b53d') in 0.0162356 seconds
Number of updated asset objects reloaded before import = 0Number of asset objects unloaded after import = 1

========================================================================
Received Import Request.
  Time since last request: 0.000021 seconds.
  path: Assets/3.UI/kenney_board-game-icons/Vector/Icons/hourglass.svg
  artifactKey: Guid(85e553d7ef4030c4a8bd13e984651839) Importer(2089858483,b0f066a214c2f5e87bad3c948f4d605d)
Start importing Assets/3.UI/kenney_board-game-icons/Vector/Icons/hourglass.svg using Guid(85e553d7ef4030c4a8bd13e984651839) Importer(2089858483,b0f066a214c2f5e87bad3c948f4d605d) (ScriptedImporter) -> (artifact id: 'ecff34a9cfd2b8101874a0a9448061e7') in 0.0247802 seconds
Number of updated asset objects reloaded before import = 0Number of asset objects unloaded after import = 1

========================================================================
Received Import Request.
  Time since last request: 0.000036 seconds.
  path: Assets/3.UI/kenney_board-game-icons/PNG/Double (128px)/tag_1.png
  artifactKey: Guid(d3a4a3486db5e274997f353c83ee8085) Importer(2089858483,b0f066a214c2f5e87bad3c948f4d605d)
Start importing Assets/3.UI/kenney_board-game-icons/PNG/Double (128px)/tag_1.png using Guid(d3a4a3486db5e274997f353c83ee8085) Importer(2089858483,b0f066a214c2f5e87bad3c948f4d605d) (ScriptedImporter) -> (artifact id: 'b3b614106bed77b49284bbcd11847c33') in 0.0189707 seconds
Number of updated asset objects reloaded before import = 0Number of asset objects unloaded after import = 1

========================================================================
Received Import Request.
  Time since last request: 0.000033 seconds.
  path: Assets/3.UI/kenney_board-game-icons/PNG/Double (128px)/hand.png
  artifactKey: Guid(5da983b28239cf847967a703833c96a8) Importer(2089858483,b0f066a214c2f5e87bad3c948f4d605d)
Start importing Assets/3.UI/kenney_board-game-icons/PNG/Double (128px)/hand.png using Guid(5da983b28239cf847967a703833c96a8) Importer(2089858483,b0f066a214c2f5e87bad3c948f4d605d) (ScriptedImporter) -> (artifact id: 'd8052399f1a2bbe3d69596dca66c929e') in 0.0229031 seconds
Number of updated asset objects reloaded before import = 0Number of asset objects unloaded after import = 1

========================================================================
Received Import Request.
  Time since last request: 0.000028 seconds.
  path: Assets/3.UI/kenney_cursor-pixel-pack/Tiles/tile_0136.png
  artifactKey: Guid(9ac5d92bc3c38e64884faa5685fe7884) Importer(2089858483,b0f066a214c2f5e87bad3c948f4d605d)
Start importing Assets/3.UI/kenney_cursor-pixel-pack/Tiles/tile_0136.png using Guid(9ac5d92bc3c38e64884faa5685fe7884) Importer(2089858483,b0f066a214c2f5e87bad3c948f4d605d) (ScriptedImporter) -> (artifact id: 'fd2996e1f7cf580ddfa42c7b6b3ce19b') in 0.0165832 seconds
Number of updated asset objects reloaded before import = 0Number of asset objects unloaded after import = 1

========================================================================
Received Import Request.
  Time since last request: 0.000024 seconds.
  path: Assets/3.UI/kenney_cursor-pixel-pack/Tiles/tile_0201.png
  artifactKey: Guid(95cf31dd876d98c4ea723b4e13015723) Importer(2089858483,b0f066a214c2f5e87bad3c948f4d605d)
Start importing Assets/3.UI/kenney_cursor-pixel-pack/Tiles/tile_0201.png using Guid(95cf31dd876d98c4ea723b4e13015723) Importer(2089858483,b0f066a214c2f5e87bad3c948f4d605d) (ScriptedImporter) -> (artifact id: 'eaef184e46162abbaa405b318927b35f') in 0.0173702 seconds
Number of updated asset objects reloaded before import = 0Number of asset objects unloaded after import = 1

========================================================================
Received Import Request.
  Time since last request: 0.000015 seconds.
  path: Assets/3.UI/kenney_desert-shooter-pack_1.0/PNG/Players/Tiles/tile_0003.png
  artifactKey: Guid(7a3ea74738f1a154ba48cb7e4364987d) Importer(2089858483,b0f066a214c2f5e87bad3c948f4d605d)
Start importing Assets/3.UI/kenney_desert-shooter-pack_1.0/PNG/Players/Tiles/tile_0003.png using Guid(7a3ea74738f1a154ba48cb7e4364987d) Importer(2089858483,b0f066a214c2f5e87bad3c948f4d605d) (ScriptedImporter) -> (artifact id: '3af047a18070ba1ace32537461d8e211') in 0.0173081 seconds
Number of updated asset objects reloaded before import = 0Number of asset objects unloaded after import = 1

========================================================================
Received Import Request.
  Time since last request: 0.000022 seconds.
  path: Assets/3.UI/kenney_cursor-pixel-pack/Tiles/tile_0028.png
  artifactKey: Guid(4acdff58858739e45abc46d7b0a975ea) Importer(2089858483,b0f066a214c2f5e87bad3c948f4d605d)
Start importing Assets/3.UI/kenney_cursor-pixel-pack/Tiles/tile_0028.png using Guid(4acdff58858739e45abc46d7b0a975ea) Importer(2089858483,b0f066a214c2f5e87bad3c948f4d605d) (ScriptedImporter) -> (artifact id: 'ec4354456358e87f2301495dab362650') in 0.0177137 seconds
Number of updated asset objects reloaded before import = 0Number of asset objects unloaded after import = 1

========================================================================
Received Import Request.
  Time since last request: 0.000023 seconds.
  path: Assets/3.UI/kenney_desert-shooter-pack_1.0/PNG/Tiles/Tiles/tile_0134.png
  artifactKey: Guid(de3c60253915ac84290a9edc52d8221d) Importer(2089858483,b0f066a214c2f5e87bad3c948f4d605d)
Start importing Assets/3.UI/kenney_desert-shooter-pack_1.0/PNG/Tiles/Tiles/tile_0134.png using Guid(de3c60253915ac84290a9edc52d8221d) Importer(2089858483,b0f066a214c2f5e87bad3c948f4d605d) (ScriptedImporter) -> (artifact id: '46c0ce0b7d66ee9f70966e4478d9ff4f') in 0.0162168 seconds
Number of updated asset objects reloaded before import = 0Number of asset objects unloaded after import = 1

========================================================================
Received Import Request.
  Time since last request: 0.000029 seconds.
  path: Assets/3.UI/kenney_board-game-icons/Vector/Icons/d3.svg
  artifactKey: Guid(515112720cd54f54ab7464ba1d8c1479) Importer(2089858483,b0f066a214c2f5e87bad3c948f4d605d)
Start importing Assets/3.UI/kenney_board-game-icons/Vector/Icons/d3.svg using Guid(515112720cd54f54ab7464ba1d8c1479) Importer(2089858483,b0f066a214c2f5e87bad3c948f4d605d) (ScriptedImporter) -> (artifact id: '06d11a063507d5f20d0363b9f19aa896') in 0.0190534 seconds
Number of updated asset objects reloaded before import = 0Number of asset objects unloaded after import = 1

========================================================================
Received Import Request.
  Time since last request: 0.000018 seconds.
  path: Assets/3.UI/kenney_desert-shooter-pack_1.0/PNG/Interface/Tiles/tile_0105.png
  artifactKey: Guid(41a95e768dcce134b928ac3bc5edca80) Importer(2089858483,b0f066a214c2f5e87bad3c948f4d605d)
Start importing Assets/3.UI/kenney_desert-shooter-pack_1.0/PNG/Interface/Tiles/tile_0105.png using Guid(41a95e768dcce134b928ac3bc5edca80) Importer(2089858483,b0f066a214c2f5e87bad3c948f4d605d) (ScriptedImporter) -> (artifact id: 'a2e2070ceb485fc946701cb5e63ca2d4') in 0.0192026 seconds
Number of updated asset objects reloaded before import = 0Number of asset objects unloaded after import = 1

========================================================================
Received Import Request.
  Time since last request: 0.000016 seconds.
  path: Assets/3.UI/kenney_desert-shooter-pack_1.0/PNG/Interface/Tiles/tile_0041.png
  artifactKey: Guid(f1f3511af5103dd45813515efb290042) Importer(2089858483,b0f066a214c2f5e87bad3c948f4d605d)
Start importing Assets/3.UI/kenney_desert-shooter-pack_1.0/PNG/Interface/Tiles/tile_0041.png using Guid(f1f3511af5103dd45813515efb290042) Importer(2089858483,b0f066a214c2f5e87bad3c948f4d605d) (ScriptedImporter) -> (artifact id: '1e748aab938edb1ba9f4d6e66d77d3b1') in 0.0171003 seconds
Number of updated asset objects reloaded before import = 0Number of asset objects unloaded after import = 1

========================================================================
Received Import Request.
  Time since last request: 0.000044 seconds.
  path: Assets/3.UI/kenney_board-game-icons/PNG/Default (64px)/dice_shield.png
  artifactKey: Guid(4df08a9fc0546724ba2baf8b0712ad13) Importer(2089858483,b0f066a214c2f5e87bad3c948f4d605d)
Start importing Assets/3.UI/kenney_board-game-icons/PNG/Default (64px)/dice_shield.png using Guid(4df08a9fc0546724ba2baf8b0712ad13) Importer(2089858483,b0f066a214c2f5e87bad3c948f4d605d) (ScriptedImporter) -> (artifact id: '803013fe05036c5cab728773a4cfbe67') in 0.022938 seconds
Number of updated asset objects reloaded before import = 0Number of asset objects unloaded after import = 1

========================================================================
Received Import Request.
  Time since last request: 0.000039 seconds.
  path: Assets/3.UI/kenney_board-game-icons/PNG/Double (128px)/hexagon_question.png
  artifactKey: Guid(4d75a6297a0d44d449a7d9cad09ec516) Importer(2089858483,b0f066a214c2f5e87bad3c948f4d605d)
Start importing Assets/3.UI/kenney_board-game-icons/PNG/Double (128px)/hexagon_question.png using Guid(4d75a6297a0d44d449a7d9cad09ec516) Importer(2089858483,b0f066a214c2f5e87bad3c948f4d605d) (ScriptedImporter) -> (artifact id: '65f762b9623be1dc86d17194ef31e880') in 0.0185972 seconds
Number of updated asset objects reloaded before import = 0Number of asset objects unloaded after import = 1

========================================================================
Received Import Request.
  Time since last request: 0.000028 seconds.
  path: Assets/3.UI/kenney_board-game-icons/PNG/Double (128px)/tag_5.png
  artifactKey: Guid(f758ee39b1c3595429329f5b30320e3f) Importer(2089858483,b0f066a214c2f5e87bad3c948f4d605d)
Start importing Assets/3.UI/kenney_board-game-icons/PNG/Double (128px)/tag_5.png using Guid(f758ee39b1c3595429329f5b30320e3f) Importer(2089858483,b0f066a214c2f5e87bad3c948f4d605d) (ScriptedImporter) -> (artifact id: '25fdeabe3055d3ec3a9014c3665bac59') in 0.0203244 seconds
Number of updated asset objects reloaded before import = 0Number of asset objects unloaded after import = 1

========================================================================
Received Import Request.
  Time since last request: 0.000021 seconds.
  path: Assets/3.UI/kenney_board-game-icons/PNG/Double (128px)/tokens.png
  artifactKey: Guid(c381faf6ee88f0345972c391de60e6f9) Importer(2089858483,b0f066a214c2f5e87bad3c948f4d605d)
Start importing Assets/3.UI/kenney_board-game-icons/PNG/Double (128px)/tokens.png using Guid(c381faf6ee88f0345972c391de60e6f9) Importer(2089858483,b0f066a214c2f5e87bad3c948f4d605d) (ScriptedImporter) -> (artifact id: '751e4f57b4ab86d382e5d07cc1b1dec7') in 0.0238302 seconds
Number of updated asset objects reloaded before import = 0Number of asset objects unloaded after import = 1

========================================================================
Received Import Request.
  Time since last request: 0.000023 seconds.
  path: Assets/3.UI/kenney_board-game-icons/PNG/Double (128px)/cards_shuffle.png
  artifactKey: Guid(aa4ac61967641ef4eacb0a0d74a25c12) Importer(2089858483,b0f066a214c2f5e87bad3c948f4d605d)
Start importing Assets/3.UI/kenney_board-game-icons/PNG/Double (128px)/cards_shuffle.png using Guid(aa4ac61967641ef4eacb0a0d74a25c12) Importer(2089858483,b0f066a214c2f5e87bad3c948f4d605d) (ScriptedImporter) -> (artifact id: '7b52cffebfacb7ff2e4831f9373ed0e6') in 0.0190544 seconds
Number of updated asset objects reloaded before import = 0Number of asset objects unloaded after import = 1

========================================================================
Received Import Request.
  Time since last request: 0.000034 seconds.
  path: Assets/3.UI/kenney_board-game-icons/PNG/Double (128px)/tag_shield_4.png
  artifactKey: Guid(4bc856f13fd4d4e468d7ca811bc6dd30) Importer(2089858483,b0f066a214c2f5e87bad3c948f4d605d)
Start importing Assets/3.UI/kenney_board-game-icons/PNG/Double (128px)/tag_shield_4.png using Guid(4bc856f13fd4d4e468d7ca811bc6dd30) Importer(2089858483,b0f066a214c2f5e87bad3c948f4d605d) (ScriptedImporter) -> (artifact id: '45c92b6913679c6ddbf99956313c4320') in 0.0188395 seconds
Number of updated asset objects reloaded before import = 0Number of asset objects unloaded after import = 1

========================================================================
Received Import Request.
  Time since last request: 0.000021 seconds.
  path: Assets/3.UI/kenney_board-game-icons/PNG/Double (128px)/tag_d6_3.png
  artifactKey: Guid(5679b4c331b11434c8c00f0f91852fd3) Importer(2089858483,b0f066a214c2f5e87bad3c948f4d605d)
Start importing Assets/3.UI/kenney_board-game-icons/PNG/Double (128px)/tag_d6_3.png using Guid(5679b4c331b11434c8c00f0f91852fd3) Importer(2089858483,b0f066a214c2f5e87bad3c948f4d605d) (ScriptedImporter) -> (artifact id: 'f38b6d10aa414f22a9deaf2c098f7219') in 0.0167085 seconds
Number of updated asset objects reloaded before import = 0Number of asset objects unloaded after import = 1

========================================================================
Received Import Request.
  Time since last request: 0.000026 seconds.
  path: Assets/3.UI/kenney_board-game-icons/PNG/Double (128px)/crown_b.png
  artifactKey: Guid(b6e70c05750af2046ab57ecb638ab37e) Importer(2089858483,b0f066a214c2f5e87bad3c948f4d605d)
Start importing Assets/3.UI/kenney_board-game-icons/PNG/Double (128px)/crown_b.png using Guid(b6e70c05750af2046ab57ecb638ab37e) Importer(2089858483,b0f066a214c2f5e87bad3c948f4d605d) (ScriptedImporter) -> (artifact id: '071b3c2a1c8d50f55ea45c2a3c0266c8') in 0.0194208 seconds
Number of updated asset objects reloaded before import = 0Number of asset objects unloaded after import = 1

========================================================================
Received Import Request.
  Time since last request: 0.000029 seconds.
  path: Assets/3.UI/kenney_board-game-icons/PNG/Default (64px)/tokens_stack.png
  artifactKey: Guid(e3e3da86422157d49a077e52e1ccdab4) Importer(2089858483,b0f066a214c2f5e87bad3c948f4d605d)
Start importing Assets/3.UI/kenney_board-game-icons/PNG/Default (64px)/tokens_stack.png using Guid(e3e3da86422157d49a077e52e1ccdab4) Importer(2089858483,b0f066a214c2f5e87bad3c948f4d605d) (ScriptedImporter) -> (artifact id: 'd90924a1714928941d960aa130a85a1b') in 0.0634359 seconds
Number of updated asset objects reloaded before import = 0Number of asset objects unloaded after import = 1

========================================================================
Received Import Request.
  Time since last request: 0.000028 seconds.
  path: Assets/3.UI/kenney_desert-shooter-pack_1.0/Sounds/shoot-e.ogg
  artifactKey: Guid(f96cb6b0724093c47b7ee4f186d8de01) Importer(2089858483,b0f066a214c2f5e87bad3c948f4d605d)
Start importing Assets/3.UI/kenney_desert-shooter-pack_1.0/Sounds/shoot-e.ogg using Guid(f96cb6b0724093c47b7ee4f186d8de01) Importer(2089858483,b0f066a214c2f5e87bad3c948f4d605d) (ScriptedImporter) -> (artifact id: '53161e97427c1f1d15d2428b0ac0bb1c') in 0.0365899 seconds
Number of updated asset objects reloaded before import = 0Number of asset objects unloaded after import = 1

========================================================================
Received Import Request.
  Time since last request: 0.000016 seconds.
  path: Assets/3.UI/kenney_board-game-icons/PNG/Double (128px)/tag_empty.png
  artifactKey: Guid(de1f1e2d1aedf974fa9d0a1a21cae1ce) Importer(2089858483,b0f066a214c2f5e87bad3c948f4d605d)
Start importing Assets/3.UI/kenney_board-game-icons/PNG/Double (128px)/tag_empty.png using Guid(de1f1e2d1aedf974fa9d0a1a21cae1ce) Importer(2089858483,b0f066a214c2f5e87bad3c948f4d605d) (ScriptedImporter) -> (artifact id: '34f4f42e55205e449f61f31cce65ccb7') in 0.0225105 seconds
Number of updated asset objects reloaded before import = 0Number of asset objects unloaded after import = 1

========================================================================
Received Import Request.
  Time since last request: 0.000472 seconds.
  path: Assets/3.UI/kenney_desert-shooter-pack_1.0/PNG
  artifactKey: Guid(653b80e44647f7c4ab0394da1a61823b) Importer(2089858483,b0f066a214c2f5e87bad3c948f4d605d)
Start importing Assets/3.UI/kenney_desert-shooter-pack_1.0/PNG using Guid(653b80e44647f7c4ab0394da1a61823b) Importer(2089858483,b0f066a214c2f5e87bad3c948f4d605d) (ScriptedImporter) -> (artifact id: 'ff65ad97611d03843fea38d9ffd07d12') in 0.0118348 seconds
Number of updated asset objects reloaded before import = 0Number of asset objects unloaded after import = 1

========================================================================
Received Import Request.
  Time since last request: 0.000018 seconds.
  path: Assets/3.UI/kenney_desert-shooter-pack_1.0/PNG/Interface/Tiles/tile_0014.png
  artifactKey: Guid(7466fe903552b6b4781fff0134d5c79f) Importer(2089858483,b0f066a214c2f5e87bad3c948f4d605d)
Start importing Assets/3.UI/kenney_desert-shooter-pack_1.0/PNG/Interface/Tiles/tile_0014.png using Guid(7466fe903552b6b4781fff0134d5c79f) Importer(2089858483,b0f066a214c2f5e87bad3c948f4d605d) (ScriptedImporter) -> (artifact id: '54caf8acf27e20b8faf200247b1c8016') in 0.0159252 seconds
Number of updated asset objects reloaded before import = 0Number of asset objects unloaded after import = 1

========================================================================
Received Import Request.
  Time since last request: 0.000033 seconds.
  path: Assets/3.UI/kenney_board-game-icons/PNG/Default (64px)/dice_skull.png
  artifactKey: Guid(1d7ebfce567d33d448947e28e84bf8b2) Importer(2089858483,b0f066a214c2f5e87bad3c948f4d605d)
Start importing Assets/3.UI/kenney_board-game-icons/PNG/Default (64px)/dice_skull.png using Guid(1d7ebfce567d33d448947e28e84bf8b2) Importer(2089858483,b0f066a214c2f5e87bad3c948f4d605d) (ScriptedImporter) -> (artifact id: '425ee4f7e1a3e2012b315039fc19a955') in 0.0186136 seconds
Number of updated asset objects reloaded before import = 0Number of asset objects unloaded after import = 1

========================================================================
Received Import Request.
  Time since last request: 0.000036 seconds.
  path: Assets/3.UI/kenney_board-game-icons/PNG/Default (64px)/d4_outline.png
  artifactKey: Guid(992936f2753be9842b785176fea1cd24) Importer(2089858483,b0f066a214c2f5e87bad3c948f4d605d)
Start importing Assets/3.UI/kenney_board-game-icons/PNG/Default (64px)/d4_outline.png using Guid(992936f2753be9842b785176fea1cd24) Importer(2089858483,b0f066a214c2f5e87bad3c948f4d605d) (ScriptedImporter) -> (artifact id: '54c53e22516d78f332c52cf3406cee06') in 0.0196121 seconds
Number of updated asset objects reloaded before import = 0Number of asset objects unloaded after import = 1

========================================================================
Received Import Request.
  Time since last request: 0.000034 seconds.
  path: Assets/3.UI/kenney_desert-shooter-pack_1.0/PNG/Interface/Tiles/tile_0095.png
  artifactKey: Guid(7198e44d6bf37c24db64fa6ad5ebcfb3) Importer(2089858483,b0f066a214c2f5e87bad3c948f4d605d)
Start importing Assets/3.UI/kenney_desert-shooter-pack_1.0/PNG/Interface/Tiles/tile_0095.png using Guid(7198e44d6bf37c24db64fa6ad5ebcfb3) Importer(2089858483,b0f066a214c2f5e87bad3c948f4d605d) (ScriptedImporter) -> (artifact id: 'c126651a688d7bec8461791e49481486') in 0.0198451 seconds
Number of updated asset objects reloaded before import = 0Number of asset objects unloaded after import = 1

========================================================================
Received Import Request.
  Time since last request: 0.000024 seconds.
  path: Assets/3.UI/kenney_board-game-icons/Vector/Icons/cards_collection.svg
  artifactKey: Guid(6d67b10e4d57931448d930ea10792db8) Importer(2089858483,b0f066a214c2f5e87bad3c948f4d605d)
Start importing Assets/3.UI/kenney_board-game-icons/Vector/Icons/cards_collection.svg using Guid(6d67b10e4d57931448d930ea10792db8) Importer(2089858483,b0f066a214c2f5e87bad3c948f4d605d) (ScriptedImporter) -> (artifact id: 'e14552a3386ba96b7085abb20c323c49') in 0.0189156 seconds
Number of updated asset objects reloaded before import = 0Number of asset objects unloaded after import = 1

========================================================================
Received Import Request.
  Time since last request: 0.000054 seconds.
  path: Assets/3.UI/kenney_desert-shooter-pack_1.0/PNG/Tiles/Tiles/tile_0124.png
  artifactKey: Guid(b6e76acff31fa0a449d8930c903be30d) Importer(2089858483,b0f066a214c2f5e87bad3c948f4d605d)
Start importing Assets/3.UI/kenney_desert-shooter-pack_1.0/PNG/Tiles/Tiles/tile_0124.png using Guid(b6e76acff31fa0a449d8930c903be30d) Importer(2089858483,b0f066a214c2f5e87bad3c948f4d605d) (ScriptedImporter) -> (artifact id: '38708fcc43702732286e51ef134c55ce') in 0.0164281 seconds
Number of updated asset objects reloaded before import = 0Number of asset objects unloaded after import = 1

========================================================================
Received Import Request.
  Time since last request: 0.000038 seconds.
  path: Assets/3.UI/kenney_board-game-icons/PNG/Default (64px)/flip_tails.png
  artifactKey: Guid(c67b62c83c37c06479e37d6cb960c470) Importer(2089858483,b0f066a214c2f5e87bad3c948f4d605d)
Start importing Assets/3.UI/kenney_board-game-icons/PNG/Default (64px)/flip_tails.png using Guid(c67b62c83c37c06479e37d6cb960c470) Importer(2089858483,b0f066a214c2f5e87bad3c948f4d605d) (ScriptedImporter) -> (artifact id: '5ebeb69fb2ae70bfd6835fe34d98de8d') in 0.0205507 seconds
Number of updated asset objects reloaded before import = 0Number of asset objects unloaded after import = 1

========================================================================
Received Import Request.
  Time since last request: 0.000031 seconds.
  path: Assets/3.UI/kenney_desert-shooter-pack_1.0/PNG/Enemies/Tiles/tile_0012.png
  artifactKey: Guid(57dde89ca06d354479bd704758d1efe8) Importer(2089858483,b0f066a214c2f5e87bad3c948f4d605d)
Start importing Assets/3.UI/kenney_desert-shooter-pack_1.0/PNG/Enemies/Tiles/tile_0012.png using Guid(57dde89ca06d354479bd704758d1efe8) Importer(2089858483,b0f066a214c2f5e87bad3c948f4d605d) (ScriptedImporter) -> (artifact id: 'e5f93aae2280637fbb021d04107b487e') in 0.0186203 seconds
Number of updated asset objects reloaded before import = 0Number of asset objects unloaded after import = 1

========================================================================
Received Import Request.
  Time since last request: 0.000020 seconds.
  path: Assets/3.UI/kenney_cursor-pixel-pack/Tiles
  artifactKey: Guid(c967cfdaa0faa534899870675e6e9851) Importer(2089858483,b0f066a214c2f5e87bad3c948f4d605d)
Start importing Assets/3.UI/kenney_cursor-pixel-pack/Tiles using Guid(c967cfdaa0faa534899870675e6e9851) Importer(2089858483,b0f066a214c2f5e87bad3c948f4d605d) (ScriptedImporter) -> (artifact id: 'b472830f879a2b77e875afc4bd023275') in 0.0146341 seconds
Number of updated asset objects reloaded before import = 0Number of asset objects unloaded after import = 1

========================================================================
Received Import Request.
  Time since last request: 0.000033 seconds.
  path: Assets/3.UI/kenney_board-game-icons/PNG/Double (128px)/d2_outline_number.png
  artifactKey: Guid(6f96ef3f55d1d594a99b26d5142fb7a7) Importer(2089858483,b0f066a214c2f5e87bad3c948f4d605d)
Start importing Assets/3.UI/kenney_board-game-icons/PNG/Double (128px)/d2_outline_number.png using Guid(6f96ef3f55d1d594a99b26d5142fb7a7) Importer(2089858483,b0f066a214c2f5e87bad3c948f4d605d) (ScriptedImporter) -> (artifact id: '8e178f40e2f4a5e07aa0490d907e956b') in 0.0231049 seconds
Number of updated asset objects reloaded before import = 0Number of asset objects unloaded after import = 1

========================================================================
Received Import Request.
  Time since last request: 0.000047 seconds.
  path: Assets/3.UI/kenney_desert-shooter-pack_1.0/PNG/Weapons/Tiles/tile_0025.png
  artifactKey: Guid(b95c99cb47025b14c99b662c8ccc0467) Importer(2089858483,b0f066a214c2f5e87bad3c948f4d605d)
Start importing Assets/3.UI/kenney_desert-shooter-pack_1.0/PNG/Weapons/Tiles/tile_0025.png using Guid(b95c99cb47025b14c99b662c8ccc0467) Importer(2089858483,b0f066a214c2f5e87bad3c948f4d605d) (ScriptedImporter) -> (artifact id: '2789339c212a8775af2dc798b289f07d') in 0.020328 seconds
Number of updated asset objects reloaded before import = 0Number of asset objects unloaded after import = 1

========================================================================
Received Import Request.
  Time since last request: 0.000048 seconds.
  path: Assets/3.UI/kenney_desert-shooter-pack_1.0/PNG/Tiles/Tiles/tile_0187.png
  artifactKey: Guid(b5731bf22ae1924409be547926745797) Importer(2089858483,b0f066a214c2f5e87bad3c948f4d605d)
Start importing Assets/3.UI/kenney_desert-shooter-pack_1.0/PNG/Tiles/Tiles/tile_0187.png using Guid(b5731bf22ae1924409be547926745797) Importer(2089858483,b0f066a214c2f5e87bad3c948f4d605d) (ScriptedImporter) -> (artifact id: 'a9ba15cb8a1eef70d625e5465f4cba5d') in 0.020992 seconds
Number of updated asset objects reloaded before import = 0Number of asset objects unloaded after import = 1

========================================================================
Received Import Request.
  Time since last request: 0.000022 seconds.
  path: Assets/3.UI/kenney_board-game-icons/PNG/Double (128px)/flip_empty.png
  artifactKey: Guid(4e06faee07e134a49aaca9d1bf8d1376) Importer(2089858483,b0f066a214c2f5e87bad3c948f4d605d)
Start importing Assets/3.UI/kenney_board-game-icons/PNG/Double (128px)/flip_empty.png using Guid(4e06faee07e134a49aaca9d1bf8d1376) Importer(2089858483,b0f066a214c2f5e87bad3c948f4d605d) (ScriptedImporter) -> (artifact id: '7e40366795f1a904193702d4231186ed') in 0.02238 seconds
Number of updated asset objects reloaded before import = 0Number of asset objects unloaded after import = 1

========================================================================
Received Import Request.
  Time since last request: 0.000040 seconds.
  path: Assets/3.UI/kenney_cursor-pixel-pack/Tiles/tile_0217.png
  artifactKey: Guid(21260301e515ee4448abd40d5fb15339) Importer(2089858483,b0f066a214c2f5e87bad3c948f4d605d)
Start importing Assets/3.UI/kenney_cursor-pixel-pack/Tiles/tile_0217.png using Guid(21260301e515ee4448abd40d5fb15339) Importer(2089858483,b0f066a214c2f5e87bad3c948f4d605d) (ScriptedImporter) -> (artifact id: '1a10cc83ca89ca7b1826d4d7365b985e') in 0.0214344 seconds
Number of updated asset objects reloaded before import = 0Number of asset objects unloaded after import = 1

========================================================================
Received Import Request.
  Time since last request: 0.000042 seconds.
  path: Assets/3.UI/kenney_board-game-icons/PNG/Default (64px)/pentagon.png
  artifactKey: Guid(6a67e4c32cf45a941a06824a0312d5b8) Importer(2089858483,b0f066a214c2f5e87bad3c948f4d605d)
Start importing Assets/3.UI/kenney_board-game-icons/PNG/Default (64px)/pentagon.png using Guid(6a67e4c32cf45a941a06824a0312d5b8) Importer(2089858483,b0f066a214c2f5e87bad3c948f4d605d) (ScriptedImporter) -> (artifact id: '8bc4c7663b611194a8694b91dd05af55') in 0.0213878 seconds
Number of updated asset objects reloaded before import = 0Number of asset objects unloaded after import = 1

========================================================================
Received Import Request.
  Time since last request: 0.000035 seconds.
  path: Assets/3.UI/kenney_board-game-icons/PNG/Default (64px)/card_tap_down.png
  artifactKey: Guid(30595b84d56381e4cb8439ea283d11f9) Importer(2089858483,b0f066a214c2f5e87bad3c948f4d605d)
Start importing Assets/3.UI/kenney_board-game-icons/PNG/Default (64px)/card_tap_down.png using Guid(30595b84d56381e4cb8439ea283d11f9) Importer(2089858483,b0f066a214c2f5e87bad3c948f4d605d) (ScriptedImporter) -> (artifact id: '68faf9dad7367e4d99c6fd482ce0fefc') in 0.0199202 seconds
Number of updated asset objects reloaded before import = 0Number of asset objects unloaded after import = 1

========================================================================
Received Import Request.
  Time since last request: 0.000025 seconds.
  path: Assets/3.UI/kenney_board-game-icons/Vector/Icons/exploding.svg
  artifactKey: Guid(c7e4f8d87860bb3419412a46a62f2cf8) Importer(2089858483,b0f066a214c2f5e87bad3c948f4d605d)
Start importing Assets/3.UI/kenney_board-game-icons/Vector/Icons/exploding.svg using Guid(c7e4f8d87860bb3419412a46a62f2cf8) Importer(2089858483,b0f066a214c2f5e87bad3c948f4d605d) (ScriptedImporter) -> (artifact id: '32b7818cd209e9f3185a7e84ad7281b5') in 0.0204725 seconds
Number of updated asset objects reloaded before import = 0Number of asset objects unloaded after import = 1

========================================================================
Received Import Request.
  Time since last request: 0.000039 seconds.
  path: Assets/3.UI/kenney_desert-shooter-pack_1.0/PNG/Interface/Tiles/tile_0134.png
  artifactKey: Guid(5e712afddafb90e4c82eb5c22e62cff4) Importer(2089858483,b0f066a214c2f5e87bad3c948f4d605d)
Start importing Assets/3.UI/kenney_desert-shooter-pack_1.0/PNG/Interface/Tiles/tile_0134.png using Guid(5e712afddafb90e4c82eb5c22e62cff4) Importer(2089858483,b0f066a214c2f5e87bad3c948f4d605d) (ScriptedImporter) -> (artifact id: '4539b4f84a0c1a03ad1f33d116069565') in 0.0282289 seconds
Number of updated asset objects reloaded before import = 0Number of asset objects unloaded after import = 1

========================================================================
Received Import Request.
  Time since last request: 0.000039 seconds.
  path: Assets/3.UI/kenney_desert-shooter-pack_1.0/PNG/Tiles/Tiles/tile_0066.png
  artifactKey: Guid(a1ebdb466def2e04bbcee0f234d870e4) Importer(2089858483,b0f066a214c2f5e87bad3c948f4d605d)
Start importing Assets/3.UI/kenney_desert-shooter-pack_1.0/PNG/Tiles/Tiles/tile_0066.png using Guid(a1ebdb466def2e04bbcee0f234d870e4) Importer(2089858483,b0f066a214c2f5e87bad3c948f4d605d) (ScriptedImporter) -> (artifact id: '32b09752ca9ed7894e61cfca005e0e21') in 0.0194485 seconds
Number of updated asset objects reloaded before import = 0Number of asset objects unloaded after import = 1

========================================================================
Received Import Request.
  Time since last request: 0.000022 seconds.
  path: Assets/3.UI/kenney_board-game-icons/Vector/Icons/d20_outline.svg
  artifactKey: Guid(cda060e69f0d022428a6ce1095ffa553) Importer(2089858483,b0f066a214c2f5e87bad3c948f4d605d)
Start importing Assets/3.UI/kenney_board-game-icons/Vector/Icons/d20_outline.svg using Guid(cda060e69f0d022428a6ce1095ffa553) Importer(2089858483,b0f066a214c2f5e87bad3c948f4d605d) (ScriptedImporter) -> (artifact id: '724dc6aec85a86614776654ea81cb4d3') in 0.0185968 seconds
Number of updated asset objects reloaded before import = 0Number of asset objects unloaded after import = 1

========================================================================
Received Import Request.
  Time since last request: 0.000018 seconds.
  path: Assets/3.UI/kenney_desert-shooter-pack_1.0/Sounds/lose-b.ogg
  artifactKey: Guid(b96dad31cc4eeb9458b9a75420e2afbd) Importer(2089858483,b0f066a214c2f5e87bad3c948f4d605d)
Start importing Assets/3.UI/kenney_desert-shooter-pack_1.0/Sounds/lose-b.ogg using Guid(b96dad31cc4eeb9458b9a75420e2afbd) Importer(2089858483,b0f066a214c2f5e87bad3c948f4d605d) (ScriptedImporter) -> (artifact id: 'ef1e634ae3a72ede3a156d041f9e1360') in 0.041452 seconds
Number of updated asset objects reloaded before import = 0Number of asset objects unloaded after import = 1

========================================================================
Received Import Request.
  Time since last request: 0.000066 seconds.
  path: Assets/3.UI/kenney_board-game-icons/Vector/Icons/character_remove.svg
  artifactKey: Guid(e2de0865286100040adc0f6b0c91f6d9) Importer(2089858483,b0f066a214c2f5e87bad3c948f4d605d)
Start importing Assets/3.UI/kenney_board-game-icons/Vector/Icons/character_remove.svg using Guid(e2de0865286100040adc0f6b0c91f6d9) Importer(2089858483,b0f066a214c2f5e87bad3c948f4d605d) (ScriptedImporter) -> (artifact id: '33818bfdd7cba574f0c4e70cb93398dd') in 0.0187179 seconds
Number of updated asset objects reloaded before import = 0Number of asset objects unloaded after import = 1

========================================================================
Received Import Request.
  Time since last request: 0.000073 seconds.
  path: Assets/3.UI/kenney_desert-shooter-pack_1.0/PNG/Interface/Tiles/tile_0015.png
  artifactKey: Guid(0567748861fe9ea43888943d3e16290f) Importer(2089858483,b0f066a214c2f5e87bad3c948f4d605d)
Start importing Assets/3.UI/kenney_desert-shooter-pack_1.0/PNG/Interface/Tiles/tile_0015.png using Guid(0567748861fe9ea43888943d3e16290f) Importer(2089858483,b0f066a214c2f5e87bad3c948f4d605d) (ScriptedImporter) -> (artifact id: 'c9c9039c318841d231f23d68296de28b') in 0.0237882 seconds
Number of updated asset objects reloaded before import = 0Number of asset objects unloaded after import = 1

========================================================================
Received Import Request.
  Time since last request: 0.000020 seconds.
  path: Assets/3.UI/kenney_cursor-pixel-pack/Tiles/tile_0059.png
  artifactKey: Guid(742b95b83d0427f4c8f55e92fd428d49) Importer(2089858483,b0f066a214c2f5e87bad3c948f4d605d)
Start importing Assets/3.UI/kenney_cursor-pixel-pack/Tiles/tile_0059.png using Guid(742b95b83d0427f4c8f55e92fd428d49) Importer(2089858483,b0f066a214c2f5e87bad3c948f4d605d) (ScriptedImporter) -> (artifact id: '09a83fef0d451b29599cca2fc11483fb') in 0.0283356 seconds
Number of updated asset objects reloaded before import = 0Number of asset objects unloaded after import = 1

========================================================================
Received Import Request.
  Time since last request: 0.000018 seconds.
  path: Assets/3.UI/kenney_board-game-icons/Vector/Icons/exploding_6.svg
  artifactKey: Guid(dc204e52525674242bf34f1d21f81cb9) Importer(2089858483,b0f066a214c2f5e87bad3c948f4d605d)
Start importing Assets/3.UI/kenney_board-game-icons/Vector/Icons/exploding_6.svg using Guid(dc204e52525674242bf34f1d21f81cb9) Importer(2089858483,b0f066a214c2f5e87bad3c948f4d605d) (ScriptedImporter) -> (artifact id: '049ce1c70ebce856faabb52f64781c76') in 0.0194491 seconds
Number of updated asset objects reloaded before import = 0Number of asset objects unloaded after import = 1

========================================================================
Received Import Request.
  Time since last request: 0.000022 seconds.
  path: Assets/3.UI/kenney_cursor-pixel-pack/Tiles/tile_0183.png
  artifactKey: Guid(34de8bd44a84171488918c99f146a038) Importer(2089858483,b0f066a214c2f5e87bad3c948f4d605d)
Start importing Assets/3.UI/kenney_cursor-pixel-pack/Tiles/tile_0183.png using Guid(34de8bd44a84171488918c99f146a038) Importer(2089858483,b0f066a214c2f5e87bad3c948f4d605d) (ScriptedImporter) -> (artifact id: '6ac17c5ab147555988293529263cea0a') in 0.0401174 seconds
Number of updated asset objects reloaded before import = 0Number of asset objects unloaded after import = 1

========================================================================
Received Import Request.
  Time since last request: 0.000027 seconds.
  path: Assets/3.UI/kenney_desert-shooter-pack_1.0/PNG/Tiles/Tilemap/tilemap.png
  artifactKey: Guid(72571f06d2ce563458dca45cba35e1e4) Importer(2089858483,b0f066a214c2f5e87bad3c948f4d605d)
Start importing Assets/3.UI/kenney_desert-shooter-pack_1.0/PNG/Tiles/Tilemap/tilemap.png using Guid(72571f06d2ce563458dca45cba35e1e4) Importer(2089858483,b0f066a214c2f5e87bad3c948f4d605d) (ScriptedImporter) -> (artifact id: '867ea4513d1fbc65c22274fc57dffe0f') in 0.0270827 seconds
Number of updated asset objects reloaded before import = 0Number of asset objects unloaded after import = 1

========================================================================
Received Import Request.
  Time since last request: 0.000024 seconds.
  path: Assets/3.UI/kenney_board-game-icons/Vector/Icons/pawn_counterclockwise.svg
  artifactKey: Guid(8d83aa733e6d68942ae548f9f795c64a) Importer(2089858483,b0f066a214c2f5e87bad3c948f4d605d)
Start importing Assets/3.UI/kenney_board-game-icons/Vector/Icons/pawn_counterclockwise.svg using Guid(8d83aa733e6d68942ae548f9f795c64a) Importer(2089858483,b0f066a214c2f5e87bad3c948f4d605d) (ScriptedImporter) -> (artifact id: '1e47a5d0d4263d81043253c655d8401a') in 0.0290404 seconds
Number of updated asset objects reloaded before import = 0Number of asset objects unloaded after import = 1

========================================================================
Received Import Request.
  Time since last request: 0.000022 seconds.
  path: Assets/3.UI/kenney_desert-shooter-pack_1.0/PNG/Weapons/Tilesheet.txt
  artifactKey: Guid(939fd9cc48f65fb46ad06e04a86c95b1) Importer(2089858483,b0f066a214c2f5e87bad3c948f4d605d)
Start importing Assets/3.UI/kenney_desert-shooter-pack_1.0/PNG/Weapons/Tilesheet.txt using Guid(939fd9cc48f65fb46ad06e04a86c95b1) Importer(2089858483,b0f066a214c2f5e87bad3c948f4d605d) (ScriptedImporter) -> (artifact id: '03dddf90ce1993a4fa9e437c6f0eb5a7') in 0.0179688 seconds
Number of updated asset objects reloaded before import = 0Number of asset objects unloaded after import = 1

========================================================================
Received Import Request.
  Time since last request: 0.000026 seconds.
  path: Assets/3.UI/kenney_desert-shooter-pack_1.0/PNG/Players/Tiles/tile_0009.png
  artifactKey: Guid(b10836ea61581274fbcb4a0500fb98f2) Importer(2089858483,b0f066a214c2f5e87bad3c948f4d605d)
Start importing Assets/3.UI/kenney_desert-shooter-pack_1.0/PNG/Players/Tiles/tile_0009.png using Guid(b10836ea61581274fbcb4a0500fb98f2) Importer(2089858483,b0f066a214c2f5e87bad3c948f4d605d) (ScriptedImporter) -> (artifact id: 'b49f9805d4efe4294fce27d3b617a106') in 0.0232579 seconds
Number of updated asset objects reloaded before import = 0Number of asset objects unloaded after import = 1

========================================================================
Received Import Request.
  Time since last request: 0.000034 seconds.
  path: Assets/3.UI/kenney_desert-shooter-pack_1.0/PNG/Interface/Tiles/tile_0165.png
  artifactKey: Guid(8dabd261a58f07d4184dc67929c589d8) Importer(2089858483,b0f066a214c2f5e87bad3c948f4d605d)
Start importing Assets/3.UI/kenney_desert-shooter-pack_1.0/PNG/Interface/Tiles/tile_0165.png using Guid(8dabd261a58f07d4184dc67929c589d8) Importer(2089858483,b0f066a214c2f5e87bad3c948f4d605d) (ScriptedImporter) -> (artifact id: '3e114e5dbb805639927d4c95b9579c16') in 0.0210485 seconds
Number of updated asset objects reloaded before import = 0Number of asset objects unloaded after import = 1

========================================================================
Received Import Request.
  Time since last request: 0.000023 seconds.
  path: Assets/3.UI/kenney_board-game-icons/PNG/Double (128px)/pawn_flip.png
  artifactKey: Guid(325a4104cd82a674b8f1f0e3ffb0dff5) Importer(2089858483,b0f066a214c2f5e87bad3c948f4d605d)
Start importing Assets/3.UI/kenney_board-game-icons/PNG/Double (128px)/pawn_flip.png using Guid(325a4104cd82a674b8f1f0e3ffb0dff5) Importer(2089858483,b0f066a214c2f5e87bad3c948f4d605d) (ScriptedImporter) -> (artifact id: 'e2476b79d9ebe7ce393da434166ed8c7') in 0.0218031 seconds
Number of updated asset objects reloaded before import = 0Number of asset objects unloaded after import = 1

========================================================================
Received Import Request.
  Time since last request: 0.000017 seconds.
  path: Assets/3.UI/kenney_desert-shooter-pack_1.0/PNG/Enemies/Tiles/tile_0010.png
  artifactKey: Guid(16b990cd129764342886fd85b05f3dec) Importer(2089858483,b0f066a214c2f5e87bad3c948f4d605d)
Start importing Assets/3.UI/kenney_desert-shooter-pack_1.0/PNG/Enemies/Tiles/tile_0010.png using Guid(16b990cd129764342886fd85b05f3dec) Importer(2089858483,b0f066a214c2f5e87bad3c948f4d605d) (ScriptedImporter) -> (artifact id: '3c7250362841e4e24ae40de8562f10dd') in 0.0194517 seconds
Number of updated asset objects reloaded before import = 0Number of asset objects unloaded after import = 1

========================================================================
Received Import Request.
  Time since last request: 0.000020 seconds.
  path: Assets/3.UI/kenney_cursor-pixel-pack/Tiles/tile_0161.png
  artifactKey: Guid(aeaa724043fee834bbee61178e3230a0) Importer(2089858483,b0f066a214c2f5e87bad3c948f4d605d)
Start importing Assets/3.UI/kenney_cursor-pixel-pack/Tiles/tile_0161.png using Guid(aeaa724043fee834bbee61178e3230a0) Importer(2089858483,b0f066a214c2f5e87bad3c948f4d605d) (ScriptedImporter) -> (artifact id: '22470fb9e51bfce61a1cbcab90367259') in 0.0260575 seconds
Number of updated asset objects reloaded before import = 0Number of asset objects unloaded after import = 1

========================================================================
Received Import Request.
  Time since last request: 0.000030 seconds.
  path: Assets/3.UI/kenney_board-game-icons/PNG/Double (128px)/cards_collection.png
  artifactKey: Guid(70be9b9ef56194c419917dc6316242df) Importer(2089858483,b0f066a214c2f5e87bad3c948f4d605d)
Start importing Assets/3.UI/kenney_board-game-icons/PNG/Double (128px)/cards_collection.png using Guid(70be9b9ef56194c419917dc6316242df) Importer(2089858483,b0f066a214c2f5e87bad3c948f4d605d) (ScriptedImporter) -> (artifact id: '0173ba596e3ebc36b6e85e0f3395a8af') in 0.0236811 seconds
Number of updated asset objects reloaded before import = 0Number of asset objects unloaded after import = 1

========================================================================
Received Import Request.
  Time since last request: 0.000017 seconds.
  path: Assets/3.UI/kenney_desert-shooter-pack_1.0/PNG/Tiles/Tiles/tile_0133.png
  artifactKey: Guid(c10dfdf3464b90f4db9a54f95b0ce38a) Importer(2089858483,b0f066a214c2f5e87bad3c948f4d605d)
Start importing Assets/3.UI/kenney_desert-shooter-pack_1.0/PNG/Tiles/Tiles/tile_0133.png using Guid(c10dfdf3464b90f4db9a54f95b0ce38a) Importer(2089858483,b0f066a214c2f5e87bad3c948f4d605d) (ScriptedImporter) -> (artifact id: '24c3f396512fae3d67c45911088b730a') in 0.0196392 seconds
Number of updated asset objects reloaded before import = 0Number of asset objects unloaded after import = 1

========================================================================
Received Import Request.
  Time since last request: 0.000018 seconds.
  path: Assets/3.UI/kenney_board-game-icons/PNG/Double (128px)/arrow_diagonal_cross.png
  artifactKey: Guid(819ba493dc2b65c4cb2b7952aa39943c) Importer(2089858483,b0f066a214c2f5e87bad3c948f4d605d)
Start importing Assets/3.UI/kenney_board-game-icons/PNG/Double (128px)/arrow_diagonal_cross.png using Guid(819ba493dc2b65c4cb2b7952aa39943c) Importer(2089858483,b0f066a214c2f5e87bad3c948f4d605d) (ScriptedImporter) -> (artifact id: 'c9136d2e04b2263621b6ab0cc7644589') in 0.0237623 seconds
Number of updated asset objects reloaded before import = 0Number of asset objects unloaded after import = 1

========================================================================
Received Import Request.
  Time since last request: 0.000018 seconds.
  path: Assets/3.UI/kenney_board-game-icons/PNG/Default (64px)/timer_CCW_50.png
  artifactKey: Guid(01ef2648b4bb669469249b4c1beb4a6c) Importer(2089858483,b0f066a214c2f5e87bad3c948f4d605d)
Start importing Assets/3.UI/kenney_board-game-icons/PNG/Default (64px)/timer_CCW_50.png using Guid(01ef2648b4bb669469249b4c1beb4a6c) Importer(2089858483,b0f066a214c2f5e87bad3c948f4d605d) (ScriptedImporter) -> (artifact id: '48e86994f9de7b6d02772144e30c27dd') in 0.0235691 seconds
Number of updated asset objects reloaded before import = 0Number of asset objects unloaded after import = 1

========================================================================
Received Import Request.
  Time since last request: 0.000030 seconds.
  path: Assets/3.UI/kenney_desert-shooter-pack_1.0/PNG/Interface/Tiles/tile_0149.png
  artifactKey: Guid(0bde0d5dbf4678c4992c797a78727787) Importer(2089858483,b0f066a214c2f5e87bad3c948f4d605d)
Start importing Assets/3.UI/kenney_desert-shooter-pack_1.0/PNG/Interface/Tiles/tile_0149.png using Guid(0bde0d5dbf4678c4992c797a78727787) Importer(2089858483,b0f066a214c2f5e87bad3c948f4d605d) (ScriptedImporter) -> (artifact id: 'd917241c84b7ef2bb7a00e637e84d87c') in 0.0217049 seconds
Number of updated asset objects reloaded before import = 0Number of asset objects unloaded after import = 1

========================================================================
Received Import Request.
  Time since last request: 0.000019 seconds.
  path: Assets/3.UI/kenney_board-game-icons/Vector/Icons/tokens_shadow.svg
  artifactKey: Guid(f82a2e6be0db1074daf705ae26e83854) Importer(2089858483,b0f066a214c2f5e87bad3c948f4d605d)
Start importing Assets/3.UI/kenney_board-game-icons/Vector/Icons/tokens_shadow.svg using Guid(f82a2e6be0db1074daf705ae26e83854) Importer(2089858483,b0f066a214c2f5e87bad3c948f4d605d) (ScriptedImporter) -> (artifact id: 'f9d257fa422ca091039a93dd3701ad90') in 0.0163825 seconds
Number of updated asset objects reloaded before import = 0Number of asset objects unloaded after import = 1

========================================================================
Received Import Request.
  Time since last request: 0.000024 seconds.
  path: Assets/3.UI/kenney_desert-shooter-pack_1.0/PNG/Interface/Tiles/tile_0003.png
  artifactKey: Guid(304c4ea949a160d409a7232148716a3d) Importer(2089858483,b0f066a214c2f5e87bad3c948f4d605d)
Start importing Assets/3.UI/kenney_desert-shooter-pack_1.0/PNG/Interface/Tiles/tile_0003.png using Guid(304c4ea949a160d409a7232148716a3d) Importer(2089858483,b0f066a214c2f5e87bad3c948f4d605d) (ScriptedImporter) -> (artifact id: '5d738ae53149e66ab35f0c52e3a8876f') in 0.0187098 seconds
Number of updated asset objects reloaded before import = 0Number of asset objects unloaded after import = 1

========================================================================
Received Import Request.
  Time since last request: 0.000022 seconds.
  path: Assets/3.UI/kenney_board-game-icons/PNG/Double (128px)/tag_d6.png
  artifactKey: Guid(05dd3fc01c5b4654a94f0b9d8e07e3af) Importer(2089858483,b0f066a214c2f5e87bad3c948f4d605d)
Start importing Assets/3.UI/kenney_board-game-icons/PNG/Double (128px)/tag_d6.png using Guid(05dd3fc01c5b4654a94f0b9d8e07e3af) Importer(2089858483,b0f066a214c2f5e87bad3c948f4d605d) (ScriptedImporter) -> (artifact id: '70fc1d9d650205fec38a565418640f4c') in 0.0180782 seconds
Number of updated asset objects reloaded before import = 0Number of asset objects unloaded after import = 1

========================================================================
Received Import Request.
  Time since last request: 0.000025 seconds.
  path: Assets/3.UI/kenney_board-game-icons/PNG/Double (128px)/crown_a.png
  artifactKey: Guid(14f892b1ea68aa440989b8027b94440c) Importer(2089858483,b0f066a214c2f5e87bad3c948f4d605d)
Start importing Assets/3.UI/kenney_board-game-icons/PNG/Double (128px)/crown_a.png using Guid(14f892b1ea68aa440989b8027b94440c) Importer(2089858483,b0f066a214c2f5e87bad3c948f4d605d) (ScriptedImporter) -> (artifact id: 'e02861bce38adc8ebe9caaca5a4ca2db') in 0.020642 seconds
Number of updated asset objects reloaded before import = 0Number of asset objects unloaded after import = 1

========================================================================
Received Import Request.
  Time since last request: 0.000040 seconds.
  path: Assets/3.UI/kenney_cursor-pixel-pack/Tiles/tile_0197.png
  artifactKey: Guid(ebe083db89dafbf4fb2710330af8b536) Importer(2089858483,b0f066a214c2f5e87bad3c948f4d605d)
Start importing Assets/3.UI/kenney_cursor-pixel-pack/Tiles/tile_0197.png using Guid(ebe083db89dafbf4fb2710330af8b536) Importer(2089858483,b0f066a214c2f5e87bad3c948f4d605d) (ScriptedImporter) -> (artifact id: 'b4c69b37a560a3abe5354a33c692f36b') in 0.0213183 seconds
Number of updated asset objects reloaded before import = 0Number of asset objects unloaded after import = 1

========================================================================
Received Import Request.
  Time since last request: 0.000021 seconds.
  path: Assets/3.UI/kenney_cursor-pixel-pack/Tiles/tile_0043.png
  artifactKey: Guid(9ba052cbcc842844c80e9c24fc474b05) Importer(2089858483,b0f066a214c2f5e87bad3c948f4d605d)
Start importing Assets/3.UI/kenney_cursor-pixel-pack/Tiles/tile_0043.png using Guid(9ba052cbcc842844c80e9c24fc474b05) Importer(2089858483,b0f066a214c2f5e87bad3c948f4d605d) (ScriptedImporter) -> (artifact id: '15b71cd413774e865f8f3ead45347927') in 0.0250633 seconds
Number of updated asset objects reloaded before import = 0Number of asset objects unloaded after import = 1

========================================================================
Received Import Request.
  Time since last request: 0.000026 seconds.
  path: Assets/3.UI/kenney_board-game-icons/PNG/Double (128px)/resource_apple.png
  artifactKey: Guid(d10fbe9d9406ea9449dd8193d2adcd03) Importer(2089858483,b0f066a214c2f5e87bad3c948f4d605d)
Start importing Assets/3.UI/kenney_board-game-icons/PNG/Double (128px)/resource_apple.png using Guid(d10fbe9d9406ea9449dd8193d2adcd03) Importer(2089858483,b0f066a214c2f5e87bad3c948f4d605d) (ScriptedImporter) -> (artifact id: 'd4d957ec8bf8f04eda8f5eceabc90324') in 0.0283504 seconds
Number of updated asset objects reloaded before import = 0Number of asset objects unloaded after import = 1

========================================================================
Received Import Request.
  Time since last request: 0.000029 seconds.
  path: Assets/3.UI/kenney_board-game-icons/PNG/Default (64px)/d2_outline_number.png
  artifactKey: Guid(cbdb7b3fc91d31f4ebe84a67f54c931e) Importer(2089858483,b0f066a214c2f5e87bad3c948f4d605d)
Start importing Assets/3.UI/kenney_board-game-icons/PNG/Default (64px)/d2_outline_number.png using Guid(cbdb7b3fc91d31f4ebe84a67f54c931e) Importer(2089858483,b0f066a214c2f5e87bad3c948f4d605d) (ScriptedImporter) -> (artifact id: '8d4c09936c78c00ea0e328a5ae54a246') in 0.0237864 seconds
Number of updated asset objects reloaded before import = 0Number of asset objects unloaded after import = 1

========================================================================
Received Import Request.
  Time since last request: 0.000032 seconds.
  path: Assets/3.UI/kenney_board-game-icons/PNG/Double (128px)/d2_outline.png
  artifactKey: Guid(5726cb18723f6de4fb698e9f65ffd15c) Importer(2089858483,b0f066a214c2f5e87bad3c948f4d605d)
Start importing Assets/3.UI/kenney_board-game-icons/PNG/Double (128px)/d2_outline.png using Guid(5726cb18723f6de4fb698e9f65ffd15c) Importer(2089858483,b0f066a214c2f5e87bad3c948f4d605d) (ScriptedImporter) -> (artifact id: '3d68939d2b151b55ea60e4a4f8e4c229') in 0.0303895 seconds
Number of updated asset objects reloaded before import = 0Number of asset objects unloaded after import = 1

========================================================================
Received Import Request.
  Time since last request: 0.000022 seconds.
  path: Assets/3.UI/kenney_cursor-pixel-pack/Tiles/tile_0186.png
  artifactKey: Guid(f2a8fa1cc711e824cb03e10b0a6d7387) Importer(2089858483,b0f066a214c2f5e87bad3c948f4d605d)
Start importing Assets/3.UI/kenney_cursor-pixel-pack/Tiles/tile_0186.png using Guid(f2a8fa1cc711e824cb03e10b0a6d7387) Importer(2089858483,b0f066a214c2f5e87bad3c948f4d605d) (ScriptedImporter) -> (artifact id: '65393117a0209ab4e4aea245fefb8963') in 0.0247552 seconds
Number of updated asset objects reloaded before import = 0Number of asset objects unloaded after import = 1

========================================================================
Received Import Request.
  Time since last request: 0.000025 seconds.
  path: Assets/3.UI/kenney_board-game-icons/PNG/Default (64px)/hand_cube.png
  artifactKey: Guid(1de4977f2e0f3924289bb1501a231d8e) Importer(2089858483,b0f066a214c2f5e87bad3c948f4d605d)
Start importing Assets/3.UI/kenney_board-game-icons/PNG/Default (64px)/hand_cube.png using Guid(1de4977f2e0f3924289bb1501a231d8e) Importer(2089858483,b0f066a214c2f5e87bad3c948f4d605d) (ScriptedImporter) -> (artifact id: '177382b30fdfc0ff04a851805036f07c') in 0.018853 seconds
Number of updated asset objects reloaded before import = 0Number of asset objects unloaded after import = 1

========================================================================
Received Import Request.
  Time since last request: 0.000023 seconds.
  path: Assets/3.UI/kenney_cursor-pixel-pack/Tiles/tile_0158.png
  artifactKey: Guid(53b978820d7912c4fa95cac867f0083f) Importer(2089858483,b0f066a214c2f5e87bad3c948f4d605d)
Start importing Assets/3.UI/kenney_cursor-pixel-pack/Tiles/tile_0158.png using Guid(53b978820d7912c4fa95cac867f0083f) Importer(2089858483,b0f066a214c2f5e87bad3c948f4d605d) (ScriptedImporter) -> (artifact id: '098023f6c1a4d8dd2600adfb26fdab6b') in 0.019774 seconds
Number of updated asset objects reloaded before import = 0Number of asset objects unloaded after import = 1

========================================================================
Received Import Request.
  Time since last request: 0.000026 seconds.
  path: Assets/3.UI/kenney_board-game-icons/PNG/Double (128px)/d4.png
  artifactKey: Guid(dcfe2bc9f9f1bd84384c71ecaa835bf3) Importer(2089858483,b0f066a214c2f5e87bad3c948f4d605d)
Start importing Assets/3.UI/kenney_board-game-icons/PNG/Double (128px)/d4.png using Guid(dcfe2bc9f9f1bd84384c71ecaa835bf3) Importer(2089858483,b0f066a214c2f5e87bad3c948f4d605d) (ScriptedImporter) -> (artifact id: 'ca5b710aec56dfc2329f46e761794923') in 0.0302222 seconds
Number of updated asset objects reloaded before import = 0Number of asset objects unloaded after import = 1

========================================================================
Received Import Request.
  Time since last request: 0.000019 seconds.
  path: Assets/3.UI/kenney_board-game-icons/PNG/Double (128px)/flask_empty.png
  artifactKey: Guid(5d460a215c7dd8248b365a10910c4efd) Importer(2089858483,b0f066a214c2f5e87bad3c948f4d605d)
Start importing Assets/3.UI/kenney_board-game-icons/PNG/Double (128px)/flask_empty.png using Guid(5d460a215c7dd8248b365a10910c4efd) Importer(2089858483,b0f066a214c2f5e87bad3c948f4d605d) (ScriptedImporter) -> (artifact id: '671b7c784385b395fdf5ce4562d4ac89') in 0.0199064 seconds
Number of updated asset objects reloaded before import = 0Number of asset objects unloaded after import = 1

========================================================================
Received Import Request.
  Time since last request: 0.000016 seconds.
  path: Assets/3.UI/kenney_board-game-icons/Vector/Icons/pawn_reverse.svg
  artifactKey: Guid(1b123022a9cd10443ace08af5bbb1b8a) Importer(2089858483,b0f066a214c2f5e87bad3c948f4d605d)
Start importing Assets/3.UI/kenney_board-game-icons/Vector/Icons/pawn_reverse.svg using Guid(1b123022a9cd10443ace08af5bbb1b8a) Importer(2089858483,b0f066a214c2f5e87bad3c948f4d605d) (ScriptedImporter) -> (artifact id: 'e4e71f36778da2b6a6e3da55c5afc746') in 0.0147856 seconds
Number of updated asset objects reloaded before import = 0Number of asset objects unloaded after import = 1

========================================================================
Received Import Request.
  Time since last request: 0.000033 seconds.
  path: Assets/3.UI/kenney_board-game-icons/Vector/Icons/cards_diagonal.svg
  artifactKey: Guid(c6f3f47e821096d44acae8cb6c87e653) Importer(2089858483,b0f066a214c2f5e87bad3c948f4d605d)
Start importing Assets/3.UI/kenney_board-game-icons/Vector/Icons/cards_diagonal.svg using Guid(c6f3f47e821096d44acae8cb6c87e653) Importer(2089858483,b0f066a214c2f5e87bad3c948f4d605d) (ScriptedImporter) -> (artifact id: '005ca3e45912ed3aa17f5900d724731f') in 0.0153854 seconds
Number of updated asset objects reloaded before import = 0Number of asset objects unloaded after import = 1

========================================================================
Received Import Request.
  Time since last request: 0.000018 seconds.
  path: Assets/3.UI/kenney_board-game-icons/PNG/Default (64px)/timer_CW_75.png
  artifactKey: Guid(80a5b34c797654744a11ad98f58071f1) Importer(2089858483,b0f066a214c2f5e87bad3c948f4d605d)
Start importing Assets/3.UI/kenney_board-game-icons/PNG/Default (64px)/timer_CW_75.png using Guid(80a5b34c797654744a11ad98f58071f1) Importer(2089858483,b0f066a214c2f5e87bad3c948f4d605d) (ScriptedImporter) -> (artifact id: 'b9bc67265fc8bd6c3a0c531d8abafb5c') in 0.020027 seconds
Number of updated asset objects reloaded before import = 0Number of asset objects unloaded after import = 1

========================================================================
Received Import Request.
  Time since last request: 0.000034 seconds.
  path: Assets/3.UI/kenney_board-game-icons/PNG/Double (128px)/rhombus_question.png
  artifactKey: Guid(4f0c2501a961c7f4e906c58e99c0dbcd) Importer(2089858483,b0f066a214c2f5e87bad3c948f4d605d)
Start importing Assets/3.UI/kenney_board-game-icons/PNG/Double (128px)/rhombus_question.png using Guid(4f0c2501a961c7f4e906c58e99c0dbcd) Importer(2089858483,b0f066a214c2f5e87bad3c948f4d605d) (ScriptedImporter) -> (artifact id: '2d7d113295d22e2928609f6c8b82b4d0') in 0.0193624 seconds
Number of updated asset objects reloaded before import = 0Number of asset objects unloaded after import = 1

========================================================================
Received Import Request.
  Time since last request: 0.000032 seconds.
  path: Assets/3.UI/kenney_cursor-pixel-pack/Tiles/tile_0084.png
  artifactKey: Guid(864cb6b4b154fe043b1fdeda5284b45d) Importer(2089858483,b0f066a214c2f5e87bad3c948f4d605d)
Start importing Assets/3.UI/kenney_cursor-pixel-pack/Tiles/tile_0084.png using Guid(864cb6b4b154fe043b1fdeda5284b45d) Importer(2089858483,b0f066a214c2f5e87bad3c948f4d605d) (ScriptedImporter) -> (artifact id: 'be89ac98bba4567a30a8c73fdb36ed54') in 0.0190423 seconds
Number of updated asset objects reloaded before import = 0Number of asset objects unloaded after import = 1

========================================================================
Received Import Request.
  Time since last request: 0.000031 seconds.
  path: Assets/3.UI/kenney_desert-shooter-pack_1.0/PNG/Enemies/Tiles/tile_0003.png
  artifactKey: Guid(cfa3faf647e9f834a9982344e6952671) Importer(2089858483,b0f066a214c2f5e87bad3c948f4d605d)
Start importing Assets/3.UI/kenney_desert-shooter-pack_1.0/PNG/Enemies/Tiles/tile_0003.png using Guid(cfa3faf647e9f834a9982344e6952671) Importer(2089858483,b0f066a214c2f5e87bad3c948f4d605d) (ScriptedImporter) -> (artifact id: '2d8216d12b53096b4d190c4794bcdd3f') in 0.0204785 seconds
Number of updated asset objects reloaded before import = 0Number of asset objects unloaded after import = 1

========================================================================
Received Import Request.
  Time since last request: 0.000023 seconds.
  path: Assets/3.UI/kenney_cursor-pixel-pack/Tiles/tile_0209.png
  artifactKey: Guid(5f7b38dcc530fb64c99bb0493f076eaf) Importer(2089858483,b0f066a214c2f5e87bad3c948f4d605d)
Start importing Assets/3.UI/kenney_cursor-pixel-pack/Tiles/tile_0209.png using Guid(5f7b38dcc530fb64c99bb0493f076eaf) Importer(2089858483,b0f066a214c2f5e87bad3c948f4d605d) (ScriptedImporter) -> (artifact id: '6966b3c0c12bb0e9517ce5f70ed6bd7d') in 0.0221979 seconds
Number of updated asset objects reloaded before import = 0Number of asset objects unloaded after import = 1

========================================================================
Received Import Request.
  Time since last request: 0.000027 seconds.
  path: Assets/3.UI/kenney_board-game-icons/Vector/Icons/d6.svg
  artifactKey: Guid(2f99dac9ce3b8b64bb4816fa8d51953c) Importer(2089858483,b0f066a214c2f5e87bad3c948f4d605d)
Start importing Assets/3.UI/kenney_board-game-icons/Vector/Icons/d6.svg using Guid(2f99dac9ce3b8b64bb4816fa8d51953c) Importer(2089858483,b0f066a214c2f5e87bad3c948f4d605d) (ScriptedImporter) -> (artifact id: '2e55baae4906c8972a58c8a9f2ce64d8') in 0.0167706 seconds
Number of updated asset objects reloaded before import = 0Number of asset objects unloaded after import = 1

========================================================================
Received Import Request.
  Time since last request: 0.000023 seconds.
  path: Assets/3.UI/kenney_board-game-icons/PNG/Double (128px)/card_subtract.png
  artifactKey: Guid(51723240c6889c84d8218405bafacaa0) Importer(2089858483,b0f066a214c2f5e87bad3c948f4d605d)
Start importing Assets/3.UI/kenney_board-game-icons/PNG/Double (128px)/card_subtract.png using Guid(51723240c6889c84d8218405bafacaa0) Importer(2089858483,b0f066a214c2f5e87bad3c948f4d605d) (ScriptedImporter) -> (artifact id: '600c038e54fd138142ee1e0181dcb97a') in 0.0170805 seconds
Number of updated asset objects reloaded before import = 0Number of asset objects unloaded after import = 1

========================================================================
Received Import Request.
  Time since last request: 0.000018 seconds.
  path: Assets/3.UI/kenney_board-game-icons/PNG/Default (64px)/d6.png
  artifactKey: Guid(a858e350ffeab284ca2c22ca4023aa3a) Importer(2089858483,b0f066a214c2f5e87bad3c948f4d605d)
Start importing Assets/3.UI/kenney_board-game-icons/PNG/Default (64px)/d6.png using Guid(a858e350ffeab284ca2c22ca4023aa3a) Importer(2089858483,b0f066a214c2f5e87bad3c948f4d605d) (ScriptedImporter) -> (artifact id: '3c950271ab0258cdd0fa30cbbb916e4d') in 0.017821 seconds
Number of updated asset objects reloaded before import = 0Number of asset objects unloaded after import = 1

========================================================================
Received Import Request.
  Time since last request: 0.000037 seconds.
  path: Assets/3.UI/kenney_desert-shooter-pack_1.0/PNG/Interface/Tiles/tile_0184.png
  artifactKey: Guid(a10892e586a661349bfacd9f7c7f6069) Importer(2089858483,b0f066a214c2f5e87bad3c948f4d605d)
Start importing Assets/3.UI/kenney_desert-shooter-pack_1.0/PNG/Interface/Tiles/tile_0184.png using Guid(a10892e586a661349bfacd9f7c7f6069) Importer(2089858483,b0f066a214c2f5e87bad3c948f4d605d) (ScriptedImporter) -> (artifact id: '5aabc09e16669e1863f25d4a4870309d') in 0.0251699 seconds
Number of updated asset objects reloaded before import = 0Number of asset objects unloaded after import = 1

========================================================================
Received Import Request.
  Time since last request: 0.000051 seconds.
  path: Assets/3.UI/kenney_board-game-icons/PNG/Double (128px)/tag_shield_8.png
  artifactKey: Guid(b8cbc541015a06b478f4deb415de1220) Importer(2089858483,b0f066a214c2f5e87bad3c948f4d605d)
Start importing Assets/3.UI/kenney_board-game-icons/PNG/Double (128px)/tag_shield_8.png using Guid(b8cbc541015a06b478f4deb415de1220) Importer(2089858483,b0f066a214c2f5e87bad3c948f4d605d) (ScriptedImporter) -> (artifact id: '06f6fe73e68b7bad7ab646ebdf3a8f31') in 0.0264113 seconds
Number of updated asset objects reloaded before import = 0Number of asset objects unloaded after import = 1

========================================================================
Received Import Request.
  Time since last request: 0.000015 seconds.
  path: Assets/3.UI/kenney_board-game-icons/PNG/Double (128px)/structure_wall.png
  artifactKey: Guid(2ce3dc088ba221a4ea5968261c40a1fb) Importer(2089858483,b0f066a214c2f5e87bad3c948f4d605d)
Start importing Assets/3.UI/kenney_board-game-icons/PNG/Double (128px)/structure_wall.png using Guid(2ce3dc088ba221a4ea5968261c40a1fb) Importer(2089858483,b0f066a214c2f5e87bad3c948f4d605d) (ScriptedImporter) -> (artifact id: '874a588595dea16bad9060f695df62fe') in 0.0214551 seconds
Number of updated asset objects reloaded before import = 0Number of asset objects unloaded after import = 1

========================================================================
Received Import Request.
  Time since last request: 0.000018 seconds.
  path: Assets/3.UI/kenney_board-game-icons/Vector/Icons/hexagon_question.svg
  artifactKey: Guid(16435164563fba445906d19b2df6d500) Importer(2089858483,b0f066a214c2f5e87bad3c948f4d605d)
Start importing Assets/3.UI/kenney_board-game-icons/Vector/Icons/hexagon_question.svg using Guid(16435164563fba445906d19b2df6d500) Importer(2089858483,b0f066a214c2f5e87bad3c948f4d605d) (ScriptedImporter) -> (artifact id: 'acd49783e5447eae75ca311b954f1f6b') in 0.0149984 seconds
Number of updated asset objects reloaded before import = 0Number of asset objects unloaded after import = 1

========================================================================
Received Import Request.
  Time since last request: 0.000019 seconds.
  path: Assets/3.UI/kenney_board-game-icons/Vector/Icons/fire.svg
  artifactKey: Guid(e26dee4d3aac7734dabae79d170c8cf2) Importer(2089858483,b0f066a214c2f5e87bad3c948f4d605d)
Start importing Assets/3.UI/kenney_board-game-icons/Vector/Icons/fire.svg using Guid(e26dee4d3aac7734dabae79d170c8cf2) Importer(2089858483,b0f066a214c2f5e87bad3c948f4d605d) (ScriptedImporter) -> (artifact id: '82d99a457c84420d0a76788b7903a63c') in 0.0161942 seconds
Number of updated asset objects reloaded before import = 0Number of asset objects unloaded after import = 1

========================================================================
Received Import Request.
  Time since last request: 0.000030 seconds.
  path: Assets/3.UI/kenney_cursor-pixel-pack/Tiles/tile_0026.png
  artifactKey: Guid(d3904845995adac43956aafa61e577e1) Importer(2089858483,b0f066a214c2f5e87bad3c948f4d605d)
Start importing Assets/3.UI/kenney_cursor-pixel-pack/Tiles/tile_0026.png using Guid(d3904845995adac43956aafa61e577e1) Importer(2089858483,b0f066a214c2f5e87bad3c948f4d605d) (ScriptedImporter) -> (artifact id: 'a59e1529bc813d8896d72991657db1bb') in 0.0185607 seconds
Number of updated asset objects reloaded before import = 0Number of asset objects unloaded after import = 1

========================================================================
Received Import Request.
  Time since last request: 0.000016 seconds.
  path: Assets/3.UI/kenney_board-game-icons/PNG/Double (128px)/spinner_segment.png
  artifactKey: Guid(8de51f109a1e03246b1033a07f026be3) Importer(2089858483,b0f066a214c2f5e87bad3c948f4d605d)
Start importing Assets/3.UI/kenney_board-game-icons/PNG/Double (128px)/spinner_segment.png using Guid(8de51f109a1e03246b1033a07f026be3) Importer(2089858483,b0f066a214c2f5e87bad3c948f4d605d) (ScriptedImporter) -> (artifact id: '6dfc6285be7567fcce7eae83cfb843fc') in 0.0161192 seconds
Number of updated asset objects reloaded before import = 0Number of asset objects unloaded after import = 1

========================================================================
Received Import Request.
  Time since last request: 0.000035 seconds.
  path: Assets/3.UI/kenney_board-game-icons/PNG/Default (64px)/tag_empty.png
  artifactKey: Guid(7306bdc0a9633b142972f0467e704428) Importer(2089858483,b0f066a214c2f5e87bad3c948f4d605d)
Start importing Assets/3.UI/kenney_board-game-icons/PNG/Default (64px)/tag_empty.png using Guid(7306bdc0a9633b142972f0467e704428) Importer(2089858483,b0f066a214c2f5e87bad3c948f4d605d) (ScriptedImporter) -> (artifact id: '6498fc87b561aa9be2bd0647de38fab2') in 0.02548 seconds
Number of updated asset objects reloaded before import = 0Number of asset objects unloaded after import = 1

========================================================================
Received Import Request.
  Time since last request: 0.000018 seconds.
  path: Assets/3.UI/kenney_board-game-icons/Vector/Icons/dice_6.svg
  artifactKey: Guid(b072d8919ea53d14a9f6ff874ff8bff2) Importer(2089858483,b0f066a214c2f5e87bad3c948f4d605d)
Start importing Assets/3.UI/kenney_board-game-icons/Vector/Icons/dice_6.svg using Guid(b072d8919ea53d14a9f6ff874ff8bff2) Importer(2089858483,b0f066a214c2f5e87bad3c948f4d605d) (ScriptedImporter) -> (artifact id: 'fdabe895e2d03610698172cf73db7fa6') in 0.0141893 seconds
Number of updated asset objects reloaded before import = 0Number of asset objects unloaded after import = 1

========================================================================
Received Import Request.
  Time since last request: 0.000055 seconds.
  path: Assets/3.UI/kenney_board-game-icons/Vector/Icons/d2_outline.svg
  artifactKey: Guid(6f51ecd63416497448b3a33557193e48) Importer(2089858483,b0f066a214c2f5e87bad3c948f4d605d)
Start importing Assets/3.UI/kenney_board-game-icons/Vector/Icons/d2_outline.svg using Guid(6f51ecd63416497448b3a33557193e48) Importer(2089858483,b0f066a214c2f5e87bad3c948f4d605d) (ScriptedImporter) -> (artifact id: '9c74ec253eee760264d8c570ddef9390') in 0.0153887 seconds
Number of updated asset objects reloaded before import = 0Number of asset objects unloaded after import = 1

========================================================================
Received Import Request.
  Time since last request: 0.000022 seconds.
  path: Assets/3.UI/kenney_cursor-pixel-pack/Tiles/tile_0113.png
  artifactKey: Guid(dc9b19cfb01b11e42a8cb95523eafc5f) Importer(2089858483,b0f066a214c2f5e87bad3c948f4d605d)
Start importing Assets/3.UI/kenney_cursor-pixel-pack/Tiles/tile_0113.png using Guid(dc9b19cfb01b11e42a8cb95523eafc5f) Importer(2089858483,b0f066a214c2f5e87bad3c948f4d605d) (ScriptedImporter) -> (artifact id: '726436a00c359a05559b86a90080e3e8') in 0.0164541 seconds
Number of updated asset objects reloaded before import = 0Number of asset objects unloaded after import = 1

========================================================================
Received Import Request.
  Time since last request: 0.000057 seconds.
  path: Assets/3.UI/kenney_board-game-icons/Vector/Icons/tag_2.svg
  artifactKey: Guid(eb3164210fa22654393b01db0b3efbf6) Importer(2089858483,b0f066a214c2f5e87bad3c948f4d605d)
Start importing Assets/3.UI/kenney_board-game-icons/Vector/Icons/tag_2.svg using Guid(eb3164210fa22654393b01db0b3efbf6) Importer(2089858483,b0f066a214c2f5e87bad3c948f4d605d) (ScriptedImporter) -> (artifact id: 'd5e81ed92794e728306b92bffa5f18d5') in 0.0149875 seconds
Number of updated asset objects reloaded before import = 0Number of asset objects unloaded after import = 1

========================================================================
Received Import Request.
  Time since last request: 0.000039 seconds.
  path: Assets/3.UI/kenney_board-game-icons/PNG/Double (128px)/token_in.png
  artifactKey: Guid(d97228a85a4003e469c1816b1884b920) Importer(2089858483,b0f066a214c2f5e87bad3c948f4d605d)
Start importing Assets/3.UI/kenney_board-game-icons/PNG/Double (128px)/token_in.png using Guid(d97228a85a4003e469c1816b1884b920) Importer(2089858483,b0f066a214c2f5e87bad3c948f4d605d) (ScriptedImporter) -> (artifact id: 'ebbedd8cc579338ea867a42491251d5a') in 0.01598 seconds
Number of updated asset objects reloaded before import = 0Number of asset objects unloaded after import = 1

========================================================================
Received Import Request.
  Time since last request: 0.000031 seconds.
  path: Assets/3.UI/kenney_board-game-icons/PNG/Default (64px)/dice_3.png
  artifactKey: Guid(6c046170f10372843b9c57bb66090358) Importer(2089858483,b0f066a214c2f5e87bad3c948f4d605d)
Start importing Assets/3.UI/kenney_board-game-icons/PNG/Default (64px)/dice_3.png using Guid(6c046170f10372843b9c57bb66090358) Importer(2089858483,b0f066a214c2f5e87bad3c948f4d605d) (ScriptedImporter) -> (artifact id: '58040fd3673391aff91fbc4c50e5b08b') in 0.0161149 seconds
Number of updated asset objects reloaded before import = 0Number of asset objects unloaded after import = 1

========================================================================
Received Import Request.
  Time since last request: 0.000037 seconds.
  path: Assets/3.UI/kenney_board-game-icons/Vector/Icons/d8.svg
  artifactKey: Guid(f086338428f6cc14393c6eb219833497) Importer(2089858483,b0f066a214c2f5e87bad3c948f4d605d)
Start importing Assets/3.UI/kenney_board-game-icons/Vector/Icons/d8.svg using Guid(f086338428f6cc14393c6eb219833497) Importer(2089858483,b0f066a214c2f5e87bad3c948f4d605d) (ScriptedImporter) -> (artifact id: 'e581e579d85a8da4341d372f1c38b28b') in 0.0204696 seconds
Number of updated asset objects reloaded before import = 0Number of asset objects unloaded after import = 1

========================================================================
Received Import Request.
  Time since last request: 0.000021 seconds.
  path: Assets/3.UI/kenney_board-game-icons/PNG/Default (64px)/hand_token.png
  artifactKey: Guid(27c49eac975d48a4199f13f3529bc849) Importer(2089858483,b0f066a214c2f5e87bad3c948f4d605d)
Start importing Assets/3.UI/kenney_board-game-icons/PNG/Default (64px)/hand_token.png using Guid(27c49eac975d48a4199f13f3529bc849) Importer(2089858483,b0f066a214c2f5e87bad3c948f4d605d) (ScriptedImporter) -> (artifact id: '04bc7e336c4a3c4a8ccbf585f9180479') in 0.0186167 seconds
Number of updated asset objects reloaded before import = 0Number of asset objects unloaded after import = 1

========================================================================
Received Import Request.
  Time since last request: 0.000023 seconds.
  path: Assets/3.UI/kenney_desert-shooter-pack_1.0/PNG/Interface/Tiles/tile_0117.png
  artifactKey: Guid(6d512993e795cfb43aeb0e7adcd672c9) Importer(2089858483,b0f066a214c2f5e87bad3c948f4d605d)
Start importing Assets/3.UI/kenney_desert-shooter-pack_1.0/PNG/Interface/Tiles/tile_0117.png using Guid(6d512993e795cfb43aeb0e7adcd672c9) Importer(2089858483,b0f066a214c2f5e87bad3c948f4d605d) (ScriptedImporter) -> (artifact id: 'abf1bca21944967b4872f9cc0b76179c') in 0.0228457 seconds
Number of updated asset objects reloaded before import = 0Number of asset objects unloaded after import = 1

========================================================================
Received Import Request.
  Time since last request: 0.000031 seconds.
  path: Assets/3.UI/kenney_cursor-pixel-pack/Tiles/tile_0174.png
  artifactKey: Guid(d9803f134ee728b4290c36d8b3601e89) Importer(2089858483,b0f066a214c2f5e87bad3c948f4d605d)
Start importing Assets/3.UI/kenney_cursor-pixel-pack/Tiles/tile_0174.png using Guid(d9803f134ee728b4290c36d8b3601e89) Importer(2089858483,b0f066a214c2f5e87bad3c948f4d605d) (ScriptedImporter) -> (artifact id: 'a2a504726d918770f04b2a29c2f0d51f') in 0.0227374 seconds
Number of updated asset objects reloaded before import = 0Number of asset objects unloaded after import = 1

========================================================================
Received Import Request.
  Time since last request: 0.000017 seconds.
  path: Assets/3.UI/kenney_desert-shooter-pack_1.0/PNG/Tiles/Tiles/tile_0107.png
  artifactKey: Guid(0e3e3e49109db734d98e97ffd54a8580) Importer(2089858483,b0f066a214c2f5e87bad3c948f4d605d)
Start importing Assets/3.UI/kenney_desert-shooter-pack_1.0/PNG/Tiles/Tiles/tile_0107.png using Guid(0e3e3e49109db734d98e97ffd54a8580) Importer(2089858483,b0f066a214c2f5e87bad3c948f4d605d) (ScriptedImporter) -> (artifact id: '3c11194c99466a9099e6b3615573ef12') in 0.0245145 seconds
Number of updated asset objects reloaded before import = 0Number of asset objects unloaded after import = 1

========================================================================
Received Import Request.
  Time since last request: 0.000017 seconds.
  path: Assets/3.UI/kenney_board-game-icons/Vector/Icons/cards_flip.svg
  artifactKey: Guid(41ba32cd6aa22c24eb80d0fabe18ed8d) Importer(2089858483,b0f066a214c2f5e87bad3c948f4d605d)
Start importing Assets/3.UI/kenney_board-game-icons/Vector/Icons/cards_flip.svg using Guid(41ba32cd6aa22c24eb80d0fabe18ed8d) Importer(2089858483,b0f066a214c2f5e87bad3c948f4d605d) (ScriptedImporter) -> (artifact id: 'd803de0b09f81d114102c6aec12604c1') in 0.0257166 seconds
Number of updated asset objects reloaded before import = 0Number of asset objects unloaded after import = 1

========================================================================
Received Import Request.
  Time since last request: 0.000018 seconds.
  path: Assets/3.UI/kenney_board-game-icons/Vector/Icons/pawn_flip.svg
  artifactKey: Guid(7c22461e988f2be4f9c46cf0c01bea5e) Importer(2089858483,b0f066a214c2f5e87bad3c948f4d605d)
Start importing Assets/3.UI/kenney_board-game-icons/Vector/Icons/pawn_flip.svg using Guid(7c22461e988f2be4f9c46cf0c01bea5e) Importer(2089858483,b0f066a214c2f5e87bad3c948f4d605d) (ScriptedImporter) -> (artifact id: 'b9798c6298f7e442337b5538e9d791de') in 0.0251255 seconds
Number of updated asset objects reloaded before import = 0Number of asset objects unloaded after import = 1

========================================================================
Received Import Request.
  Time since last request: 0.000040 seconds.
  path: Assets/3.UI/kenney_desert-shooter-pack_1.0/PNG/Tiles/Tiles/tile_0117.png
  artifactKey: Guid(f4bfd600f76fd434997973dd7ffca615) Importer(2089858483,b0f066a214c2f5e87bad3c948f4d605d)
Start importing Assets/3.UI/kenney_desert-shooter-pack_1.0/PNG/Tiles/Tiles/tile_0117.png using Guid(f4bfd600f76fd434997973dd7ffca615) Importer(2089858483,b0f066a214c2f5e87bad3c948f4d605d) (ScriptedImporter) -> (artifact id: 'c2f23a2cb8c032ea7db1563422151f6d') in 0.0195997 seconds
Number of updated asset objects reloaded before import = 0Number of asset objects unloaded after import = 1

========================================================================
Received Import Request.
  Time since last request: 0.000025 seconds.
  path: Assets/3.UI/kenney_board-game-icons/PNG/Double (128px)/chess_king.png
  artifactKey: Guid(49bf999d2f73820439ea9db2c9606605) Importer(2089858483,b0f066a214c2f5e87bad3c948f4d605d)
Start importing Assets/3.UI/kenney_board-game-icons/PNG/Double (128px)/chess_king.png using Guid(49bf999d2f73820439ea9db2c9606605) Importer(2089858483,b0f066a214c2f5e87bad3c948f4d605d) (ScriptedImporter) -> (artifact id: 'd481053a04301b899e5b604b89d53366') in 0.0277563 seconds
Number of updated asset objects reloaded before import = 0Number of asset objects unloaded after import = 1

========================================================================
Received Import Request.
  Time since last request: 0.000017 seconds.
  path: Assets/3.UI/kenney_desert-shooter-pack_1.0/PNG/Tiles/Tiles/tile_0201.png
  artifactKey: Guid(15afe5d58ecce9d4390e4d451588bdaf) Importer(2089858483,b0f066a214c2f5e87bad3c948f4d605d)
Start importing Assets/3.UI/kenney_desert-shooter-pack_1.0/PNG/Tiles/Tiles/tile_0201.png using Guid(15afe5d58ecce9d4390e4d451588bdaf) Importer(2089858483,b0f066a214c2f5e87bad3c948f4d605d) (ScriptedImporter) -> (artifact id: 'efda099719b59616c1fcb24f208acc93') in 0.0445085 seconds
Number of updated asset objects reloaded before import = 0Number of asset objects unloaded after import = 1

========================================================================
Received Import Request.
  Time since last request: 0.000080 seconds.
  path: Assets/3.UI/kenney_desert-shooter-pack_1.0/Sounds/error-c.ogg
  artifactKey: Guid(e45f698af80644a45aadf98bc0454576) Importer(2089858483,b0f066a214c2f5e87bad3c948f4d605d)
Start importing Assets/3.UI/kenney_desert-shooter-pack_1.0/Sounds/error-c.ogg using Guid(e45f698af80644a45aadf98bc0454576) Importer(2089858483,b0f066a214c2f5e87bad3c948f4d605d) (ScriptedImporter) -> (artifact id: '3679035006135f88b57a0af6f8a76354') in 0.0284071 seconds
Number of updated asset objects reloaded before import = 0Number of asset objects unloaded after import = 1

========================================================================
Received Import Request.
  Time since last request: 0.000034 seconds.
  path: Assets/3.UI/kenney_board-game-icons/PNG/Double (128px)
  artifactKey: Guid(5333cd1cfeef68e4ba67c7b05575d980) Importer(2089858483,b0f066a214c2f5e87bad3c948f4d605d)
Start importing Assets/3.UI/kenney_board-game-icons/PNG/Double (128px) using Guid(5333cd1cfeef68e4ba67c7b05575d980) Importer(2089858483,b0f066a214c2f5e87bad3c948f4d605d) (ScriptedImporter) -> (artifact id: '91a3cef52a04adaf7c9d7b9134dd25dd') in 0.0122296 seconds
Number of updated asset objects reloaded before import = 0Number of asset objects unloaded after import = 1

========================================================================
Received Import Request.
  Time since last request: 0.000044 seconds.
  path: Assets/3.UI/kenney_board-game-icons/PNG/Double (128px)/flag_square.png
  artifactKey: Guid(ff5956858ac99c24b9f3edf94270bf7e) Importer(2089858483,b0f066a214c2f5e87bad3c948f4d605d)
Start importing Assets/3.UI/kenney_board-game-icons/PNG/Double (128px)/flag_square.png using Guid(ff5956858ac99c24b9f3edf94270bf7e) Importer(2089858483,b0f066a214c2f5e87bad3c948f4d605d) (ScriptedImporter) -> (artifact id: '72fb50547631b54d03b6f87cca7e3850') in 0.0188713 seconds
Number of updated asset objects reloaded before import = 0Number of asset objects unloaded after import = 1

========================================================================
Received Import Request.
  Time since last request: 0.000060 seconds.
  path: Assets/3.UI/kenney_desert-shooter-pack_1.0/PNG/Interface/Tiles/tile_0112.png
  artifactKey: Guid(9fd111482a154db47baf0fdeb8d54f34) Importer(2089858483,b0f066a214c2f5e87bad3c948f4d605d)
Start importing Assets/3.UI/kenney_desert-shooter-pack_1.0/PNG/Interface/Tiles/tile_0112.png using Guid(9fd111482a154db47baf0fdeb8d54f34) Importer(2089858483,b0f066a214c2f5e87bad3c948f4d605d) (ScriptedImporter) -> (artifact id: '1e18f5e5e54b92703e35f5d7843b45b6') in 0.0213219 seconds
Number of updated asset objects reloaded before import = 0Number of asset objects unloaded after import = 1

========================================================================
Received Import Request.
  Time since last request: 0.000179 seconds.
  path: Assets/3.UI/kenney_desert-shooter-pack_1.0/PNG/Interface/Tiles/tile_0118.png
  artifactKey: Guid(7873ec4f42d2f3e4fbdfdae8737e7bea) Importer(2089858483,b0f066a214c2f5e87bad3c948f4d605d)
Start importing Assets/3.UI/kenney_desert-shooter-pack_1.0/PNG/Interface/Tiles/tile_0118.png using Guid(7873ec4f42d2f3e4fbdfdae8737e7bea) Importer(2089858483,b0f066a214c2f5e87bad3c948f4d605d) (ScriptedImporter) -> (artifact id: '2c3a2665dd3e800fda240ea5c9a1e020') in 0.0168921 seconds
Number of updated asset objects reloaded before import = 0Number of asset objects unloaded after import = 1

========================================================================
Received Import Request.
  Time since last request: 0.000031 seconds.
  path: Assets/3.UI/kenney_desert-shooter-pack_1.0/PNG/Tiles/Tiles/tile_0159.png
  artifactKey: Guid(98a7281df0058bf4a90cbaa2a53c0fdc) Importer(2089858483,b0f066a214c2f5e87bad3c948f4d605d)
Start importing Assets/3.UI/kenney_desert-shooter-pack_1.0/PNG/Tiles/Tiles/tile_0159.png using Guid(98a7281df0058bf4a90cbaa2a53c0fdc) Importer(2089858483,b0f066a214c2f5e87bad3c948f4d605d) (ScriptedImporter) -> (artifact id: 'fb1dbf66d4932b11d9374ed593182215') in 0.0246746 seconds
Number of updated asset objects reloaded before import = 0Number of asset objects unloaded after import = 1

========================================================================
Received Import Request.
  Time since last request: 0.000026 seconds.
  path: Assets/3.UI/kenney_board-game-icons/PNG/Double (128px)/d4_number.png
  artifactKey: Guid(1996bb880e874a748a7e68c15efa29ca) Importer(2089858483,b0f066a214c2f5e87bad3c948f4d605d)
Start importing Assets/3.UI/kenney_board-game-icons/PNG/Double (128px)/d4_number.png using Guid(1996bb880e874a748a7e68c15efa29ca) Importer(2089858483,b0f066a214c2f5e87bad3c948f4d605d) (ScriptedImporter) -> (artifact id: 'cdb3d447d134aa155aeca03e68573a50') in 0.0203341 seconds
Number of updated asset objects reloaded before import = 0Number of asset objects unloaded after import = 1

========================================================================
Received Import Request.
  Time since last request: 0.000019 seconds.
  path: Assets/3.UI/kenney_desert-shooter-pack_1.0/PNG/Tiles/Tiles/tile_0040.png
  artifactKey: Guid(4ff628392862ba645b61a19fc3ad5f9d) Importer(2089858483,b0f066a214c2f5e87bad3c948f4d605d)
Start importing Assets/3.UI/kenney_desert-shooter-pack_1.0/PNG/Tiles/Tiles/tile_0040.png using Guid(4ff628392862ba645b61a19fc3ad5f9d) Importer(2089858483,b0f066a214c2f5e87bad3c948f4d605d) (ScriptedImporter) -> (artifact id: '08b2ff71897f4ced6372f3de32b360d4') in 0.0287225 seconds
Number of updated asset objects reloaded before import = 0Number of asset objects unloaded after import = 1

========================================================================
Received Import Request.
  Time since last request: 0.000036 seconds.
  path: Assets/3.UI/kenney_desert-shooter-pack_1.0/Sounds/fall-a.ogg
  artifactKey: Guid(1d62108b9452a7c41a419d14d1d944ed) Importer(2089858483,b0f066a214c2f5e87bad3c948f4d605d)
Start importing Assets/3.UI/kenney_desert-shooter-pack_1.0/Sounds/fall-a.ogg using Guid(1d62108b9452a7c41a419d14d1d944ed) Importer(2089858483,b0f066a214c2f5e87bad3c948f4d605d) (ScriptedImporter) -> (artifact id: 'd0a93f787f5a65482e34f16ae21fecd0') in 0.029953 seconds
Number of updated asset objects reloaded before import = 0Number of asset objects unloaded after import = 1

========================================================================
Received Import Request.
  Time since last request: 0.000029 seconds.
  path: Assets/3.UI/kenney_desert-shooter-pack_1.0/PNG/Tiles/Tiles/tile_0056.png
  artifactKey: Guid(a3ec03b6873ac544a9e6288d7a891bc3) Importer(2089858483,b0f066a214c2f5e87bad3c948f4d605d)
Start importing Assets/3.UI/kenney_desert-shooter-pack_1.0/PNG/Tiles/Tiles/tile_0056.png using Guid(a3ec03b6873ac544a9e6288d7a891bc3) Importer(2089858483,b0f066a214c2f5e87bad3c948f4d605d) (ScriptedImporter) -> (artifact id: '5bb2b6dbf7cfdac91cf50b848b3ea5c6') in 0.0256112 seconds
Number of updated asset objects reloaded before import = 0Number of asset objects unloaded after import = 1

========================================================================
Received Import Request.
  Time since last request: 0.000020 seconds.
  path: Assets/3.UI/kenney_board-game-icons/Vector/Icons/tag_5.svg
  artifactKey: Guid(c657e7dfd65525f43868c675f2a1cdde) Importer(2089858483,b0f066a214c2f5e87bad3c948f4d605d)
Start importing Assets/3.UI/kenney_board-game-icons/Vector/Icons/tag_5.svg using Guid(c657e7dfd65525f43868c675f2a1cdde) Importer(2089858483,b0f066a214c2f5e87bad3c948f4d605d) (ScriptedImporter) -> (artifact id: '852b929a3f686c39d810e7e36c0f661f') in 0.0160767 seconds
Number of updated asset objects reloaded before import = 0Number of asset objects unloaded after import = 1

========================================================================
Received Import Request.
  Time since last request: 0.000042 seconds.
  path: Assets/3.UI/kenney_board-game-icons/PNG/Default (64px)/d20_number.png
  artifactKey: Guid(d5b40bbec37b8c944859fddf1b9abd05) Importer(2089858483,b0f066a214c2f5e87bad3c948f4d605d)
Start importing Assets/3.UI/kenney_board-game-icons/PNG/Default (64px)/d20_number.png using Guid(d5b40bbec37b8c944859fddf1b9abd05) Importer(2089858483,b0f066a214c2f5e87bad3c948f4d605d) (ScriptedImporter) -> (artifact id: '0572e644fdd3dbd2252e784a16f04468') in 0.0194253 seconds
Number of updated asset objects reloaded before import = 0Number of asset objects unloaded after import = 1

========================================================================
Received Import Request.
  Time since last request: 0.000024 seconds.
  path: Assets/3.UI/kenney_desert-shooter-pack_1.0/PNG/Interface/Tiles/tile_0021.png
  artifactKey: Guid(3bd53040d6a03f94aa321f2335ff972c) Importer(2089858483,b0f066a214c2f5e87bad3c948f4d605d)
Start importing Assets/3.UI/kenney_desert-shooter-pack_1.0/PNG/Interface/Tiles/tile_0021.png using Guid(3bd53040d6a03f94aa321f2335ff972c) Importer(2089858483,b0f066a214c2f5e87bad3c948f4d605d) (ScriptedImporter) -> (artifact id: '22ee7f6108433f4aa895cf5bb4bdb90f') in 0.0214757 seconds
Number of updated asset objects reloaded before import = 0Number of asset objects unloaded after import = 1

========================================================================
Received Import Request.
  Time since last request: 0.000049 seconds.
  path: Assets/3.UI/kenney_cursor-pixel-pack/Tiles/tile_0188.png
  artifactKey: Guid(01f2121b2d3c54e4a9eda535d6975e1e) Importer(2089858483,b0f066a214c2f5e87bad3c948f4d605d)
Start importing Assets/3.UI/kenney_cursor-pixel-pack/Tiles/tile_0188.png using Guid(01f2121b2d3c54e4a9eda535d6975e1e) Importer(2089858483,b0f066a214c2f5e87bad3c948f4d605d) (ScriptedImporter) -> (artifact id: 'f0aff20493f15a6119c7df3fefcda7f7') in 0.039106 seconds
Number of updated asset objects reloaded before import = 0Number of asset objects unloaded after import = 1

========================================================================
Received Import Request.
  Time since last request: 0.000021 seconds.
  path: Assets/3.UI/kenney_desert-shooter-pack_1.0/PNG/Tiles/Tiles/tile_0129.png
  artifactKey: Guid(c0ec8c8d2e5c3e74a9e4a169ee6215ff) Importer(2089858483,b0f066a214c2f5e87bad3c948f4d605d)
Start importing Assets/3.UI/kenney_desert-shooter-pack_1.0/PNG/Tiles/Tiles/tile_0129.png using Guid(c0ec8c8d2e5c3e74a9e4a169ee6215ff) Importer(2089858483,b0f066a214c2f5e87bad3c948f4d605d) (ScriptedImporter) -> (artifact id: '85278a35e97dc89d9670370395c60e3e') in 0.0185549 seconds
Number of updated asset objects reloaded before import = 0Number of asset objects unloaded after import = 1

========================================================================
Received Import Request.
  Time since last request: 0.000021 seconds.
  path: Assets/3.UI/kenney_board-game-icons/PNG/Default (64px)/tag_shield_5.png
  artifactKey: Guid(f2821171a052b6640a3ad09d43a00016) Importer(2089858483,b0f066a214c2f5e87bad3c948f4d605d)
Start importing Assets/3.UI/kenney_board-game-icons/PNG/Default (64px)/tag_shield_5.png using Guid(f2821171a052b6640a3ad09d43a00016) Importer(2089858483,b0f066a214c2f5e87bad3c948f4d605d) (ScriptedImporter) -> (artifact id: '23c7f7b03dbb305e37deab0a3e43fdf2') in 0.0172193 seconds
Number of updated asset objects reloaded before import = 0Number of asset objects unloaded after import = 1

========================================================================
Received Import Request.
  Time since last request: 0.000023 seconds.
  path: Assets/3.UI/kenney_cursor-pixel-pack/Tiles/tile_0011.png
  artifactKey: Guid(3ef55b66d3514d6489ddb379dd4d53e6) Importer(2089858483,b0f066a214c2f5e87bad3c948f4d605d)
Start importing Assets/3.UI/kenney_cursor-pixel-pack/Tiles/tile_0011.png using Guid(3ef55b66d3514d6489ddb379dd4d53e6) Importer(2089858483,b0f066a214c2f5e87bad3c948f4d605d) (ScriptedImporter) -> (artifact id: '8f53c34b4f43acfb484f4bee1f4929ce') in 0.0167958 seconds
Number of updated asset objects reloaded before import = 0Number of asset objects unloaded after import = 1

========================================================================
Received Import Request.
  Time since last request: 0.000027 seconds.
  path: Assets/3.UI/kenney_desert-shooter-pack_1.0/PNG/Interface/Tiles/tile_0043.png
  artifactKey: Guid(589fb8da729f9734eac1e84596ba6655) Importer(2089858483,b0f066a214c2f5e87bad3c948f4d605d)
Start importing Assets/3.UI/kenney_desert-shooter-pack_1.0/PNG/Interface/Tiles/tile_0043.png using Guid(589fb8da729f9734eac1e84596ba6655) Importer(2089858483,b0f066a214c2f5e87bad3c948f4d605d) (ScriptedImporter) -> (artifact id: '9dcdd1e45c762581203e3839ec896507') in 0.0199422 seconds
Number of updated asset objects reloaded before import = 0Number of asset objects unloaded after import = 1

========================================================================
Received Import Request.
  Time since last request: 0.000114 seconds.
  path: Assets/3.UI/kenney_board-game-icons/PNG/Double (128px)/tag_shield_10.png
  artifactKey: Guid(938b33d2d929e4843ae77a31bda10836) Importer(2089858483,b0f066a214c2f5e87bad3c948f4d605d)
Start importing Assets/3.UI/kenney_board-game-icons/PNG/Double (128px)/tag_shield_10.png using Guid(938b33d2d929e4843ae77a31bda10836) Importer(2089858483,b0f066a214c2f5e87bad3c948f4d605d) (ScriptedImporter) -> (artifact id: '82fd1551484f4779f00cef240c90cf4d') in 0.0266806 seconds
Number of updated asset objects reloaded before import = 0Number of asset objects unloaded after import = 1

========================================================================
Received Import Request.
  Time since last request: 0.000015 seconds.
  path: Assets/3.UI/kenney_board-game-icons/PNG/Default (64px)/card_diagonal.png
  artifactKey: Guid(2396a54bb0dd22a469b4cd1bfe3d4da2) Importer(2089858483,b0f066a214c2f5e87bad3c948f4d605d)
Start importing Assets/3.UI/kenney_board-game-icons/PNG/Default (64px)/card_diagonal.png using Guid(2396a54bb0dd22a469b4cd1bfe3d4da2) Importer(2089858483,b0f066a214c2f5e87bad3c948f4d605d) (ScriptedImporter) -> (artifact id: '2ef99363cc6274f10523a80d50cd7f7c') in 0.0239108 seconds
Number of updated asset objects reloaded before import = 0Number of asset objects unloaded after import = 1

========================================================================
Received Import Request.
  Time since last request: 0.000063 seconds.
  path: Assets/3.UI/kenney_desert-shooter-pack_1.0/PNG/Interface/Tiles/tile_0047.png
  artifactKey: Guid(3148dceb73e660349a7c84932c7b48a0) Importer(2089858483,b0f066a214c2f5e87bad3c948f4d605d)
Start importing Assets/3.UI/kenney_desert-shooter-pack_1.0/PNG/Interface/Tiles/tile_0047.png using Guid(3148dceb73e660349a7c84932c7b48a0) Importer(2089858483,b0f066a214c2f5e87bad3c948f4d605d) (ScriptedImporter) -> (artifact id: 'f79a7ac6cf770009c8118facedd5f68c') in 0.0221922 seconds
Number of updated asset objects reloaded before import = 0Number of asset objects unloaded after import = 1

========================================================================
Received Import Request.
  Time since last request: 0.000027 seconds.
  path: Assets/3.UI/kenney_board-game-icons/Vector/Icons/hexagon.svg
  artifactKey: Guid(da9128ad20264c04cb2a3da4355c0a82) Importer(2089858483,b0f066a214c2f5e87bad3c948f4d605d)
Start importing Assets/3.UI/kenney_board-game-icons/Vector/Icons/hexagon.svg using Guid(da9128ad20264c04cb2a3da4355c0a82) Importer(2089858483,b0f066a214c2f5e87bad3c948f4d605d) (ScriptedImporter) -> (artifact id: '0f9b873ab1723e9e984089ef6db3970b') in 0.0205531 seconds
Number of updated asset objects reloaded before import = 0Number of asset objects unloaded after import = 1

========================================================================
Received Import Request.
  Time since last request: 0.000044 seconds.
  path: Assets/3.UI/kenney_board-game-icons/PNG/Default (64px)/card_tap_up.png
  artifactKey: Guid(172e0df1e7b039049a82b27f99802169) Importer(2089858483,b0f066a214c2f5e87bad3c948f4d605d)
Start importing Assets/3.UI/kenney_board-game-icons/PNG/Default (64px)/card_tap_up.png using Guid(172e0df1e7b039049a82b27f99802169) Importer(2089858483,b0f066a214c2f5e87bad3c948f4d605d) (ScriptedImporter) -> (artifact id: '09f2c3928a5fdd59e793b1c7312327b0') in 0.0224206 seconds
Number of updated asset objects reloaded before import = 0Number of asset objects unloaded after import = 1

========================================================================
Received Import Request.
  Time since last request: 0.000019 seconds.
  path: Assets/3.UI/kenney_board-game-icons/Vector/Icons/hexagon_switch.svg
  artifactKey: Guid(a6b48432dc268684d995c3e2b712048b) Importer(2089858483,b0f066a214c2f5e87bad3c948f4d605d)
Start importing Assets/3.UI/kenney_board-game-icons/Vector/Icons/hexagon_switch.svg using Guid(a6b48432dc268684d995c3e2b712048b) Importer(2089858483,b0f066a214c2f5e87bad3c948f4d605d) (ScriptedImporter) -> (artifact id: '090836576334ceae60e773f6f19b50e8') in 0.0228521 seconds
Number of updated asset objects reloaded before import = 0Number of asset objects unloaded after import = 1

========================================================================
Received Import Request.
  Time since last request: 0.000023 seconds.
  path: Assets/3.UI/kenney_desert-shooter-pack_1.0/PNG/Weapons/Tiles/tile_0031.png
  artifactKey: Guid(812c39ac42c86024e8ca5b68b38b57ab) Importer(2089858483,b0f066a214c2f5e87bad3c948f4d605d)
Start importing Assets/3.UI/kenney_desert-shooter-pack_1.0/PNG/Weapons/Tiles/tile_0031.png using Guid(812c39ac42c86024e8ca5b68b38b57ab) Importer(2089858483,b0f066a214c2f5e87bad3c948f4d605d) (ScriptedImporter) -> (artifact id: '2ac937f3a2bf47ca7797e89e81d1b617') in 0.0273185 seconds
Number of updated asset objects reloaded before import = 0Number of asset objects unloaded after import = 1

========================================================================
Received Import Request.
  Time since last request: 0.000028 seconds.
  path: Assets/3.UI/kenney_board-game-icons/PNG/Default (64px)/pawns.png
  artifactKey: Guid(a4b394ae0db631945a0dbef0d8738a0f) Importer(2089858483,b0f066a214c2f5e87bad3c948f4d605d)
Start importing Assets/3.UI/kenney_board-game-icons/PNG/Default (64px)/pawns.png using Guid(a4b394ae0db631945a0dbef0d8738a0f) Importer(2089858483,b0f066a214c2f5e87bad3c948f4d605d) (ScriptedImporter) -> (artifact id: '3d422216f56f5a071fee2e473e92ec6b') in 0.0258194 seconds
Number of updated asset objects reloaded before import = 0Number of asset objects unloaded after import = 1

========================================================================
Received Import Request.
  Time since last request: 0.000072 seconds.
  path: Assets/3.UI/kenney_board-game-icons/PNG/Double (128px)/hand_cube.png
  artifactKey: Guid(9b4a2965739236c488c43a0c05f3c866) Importer(2089858483,b0f066a214c2f5e87bad3c948f4d605d)
Start importing Assets/3.UI/kenney_board-game-icons/PNG/Double (128px)/hand_cube.png using Guid(9b4a2965739236c488c43a0c05f3c866) Importer(2089858483,b0f066a214c2f5e87bad3c948f4d605d) (ScriptedImporter) -> (artifact id: '6872685620042c0985d191979ff4ebca') in 0.0262262 seconds
Number of updated asset objects reloaded before import = 0Number of asset objects unloaded after import = 1

========================================================================
Received Import Request.
  Time since last request: 0.000018 seconds.
  path: Assets/3.UI/kenney_desert-shooter-pack_1.0/PNG/Tiles/Tiles/tile_0094.png
  artifactKey: Guid(642a76266de6bbc469ec106a69d1642b) Importer(2089858483,b0f066a214c2f5e87bad3c948f4d605d)
Start importing Assets/3.UI/kenney_desert-shooter-pack_1.0/PNG/Tiles/Tiles/tile_0094.png using Guid(642a76266de6bbc469ec106a69d1642b) Importer(2089858483,b0f066a214c2f5e87bad3c948f4d605d) (ScriptedImporter) -> (artifact id: '46b285a7122a0323440e730dfd22f29d') in 0.0236352 seconds
Number of updated asset objects reloaded before import = 0Number of asset objects unloaded after import = 1

========================================================================
Received Import Request.
  Time since last request: 0.000022 seconds.
  path: Assets/3.UI/kenney_desert-shooter-pack_1.0/License.txt
  artifactKey: Guid(aec9bf0da7020fd46b0c5ef1387f6bc2) Importer(2089858483,b0f066a214c2f5e87bad3c948f4d605d)
Start importing Assets/3.UI/kenney_desert-shooter-pack_1.0/License.txt using Guid(aec9bf0da7020fd46b0c5ef1387f6bc2) Importer(2089858483,b0f066a214c2f5e87bad3c948f4d605d) (ScriptedImporter) -> (artifact id: '8d130fb44e1a73f5c62c58f5b3a52cde') in 0.0171229 seconds
Number of updated asset objects reloaded before import = 0Number of asset objects unloaded after import = 1

========================================================================
Received Import Request.
  Time since last request: 0.000029 seconds.
  path: Assets/3.UI/kenney_board-game-icons/PNG/Default (64px)/dice_3D_detailed.png
  artifactKey: Guid(7ec0500fb903cd347a6e15f746e7ad95) Importer(2089858483,b0f066a214c2f5e87bad3c948f4d605d)
Start importing Assets/3.UI/kenney_board-game-icons/PNG/Default (64px)/dice_3D_detailed.png using Guid(7ec0500fb903cd347a6e15f746e7ad95) Importer(2089858483,b0f066a214c2f5e87bad3c948f4d605d) (ScriptedImporter) -> (artifact id: '120fc9507b2ea9060e2fa0a199178d1e') in 0.0257936 seconds
Number of updated asset objects reloaded before import = 0Number of asset objects unloaded after import = 1

========================================================================
Received Import Request.
  Time since last request: 0.000019 seconds.
  path: Assets/3.UI/kenney_board-game-icons/PNG/Double (128px)/card_tap_up.png
  artifactKey: Guid(f91d410551c7a1442ae5d186dc19da66) Importer(2089858483,b0f066a214c2f5e87bad3c948f4d605d)
Start importing Assets/3.UI/kenney_board-game-icons/PNG/Double (128px)/card_tap_up.png using Guid(f91d410551c7a1442ae5d186dc19da66) Importer(2089858483,b0f066a214c2f5e87bad3c948f4d605d) (ScriptedImporter) -> (artifact id: '3df54e7e43810a6dbdaa0b92396b481d') in 0.0240732 seconds
Number of updated asset objects reloaded before import = 0Number of asset objects unloaded after import = 1

========================================================================
Received Import Request.
  Time since last request: 0.000022 seconds.
  path: Assets/3.UI/kenney_cursor-pixel-pack/Tiles/tile_0100.png
  artifactKey: Guid(79f3aa838c027114a877be922b9d1a6a) Importer(2089858483,b0f066a214c2f5e87bad3c948f4d605d)
Start importing Assets/3.UI/kenney_cursor-pixel-pack/Tiles/tile_0100.png using Guid(79f3aa838c027114a877be922b9d1a6a) Importer(2089858483,b0f066a214c2f5e87bad3c948f4d605d) (ScriptedImporter) -> (artifact id: '31ace75995b7bad27739283715212c81') in 0.0199071 seconds
Number of updated asset objects reloaded before import = 0Number of asset objects unloaded after import = 1

========================================================================
Received Import Request.
  Time since last request: 0.000019 seconds.
  path: Assets/3.UI/kenney_board-game-icons/Vector/Icons/tag_shield_9.svg
  artifactKey: Guid(a74f8feacc131ab4e82ec1d68748a7c7) Importer(2089858483,b0f066a214c2f5e87bad3c948f4d605d)
Start importing Assets/3.UI/kenney_board-game-icons/Vector/Icons/tag_shield_9.svg using Guid(a74f8feacc131ab4e82ec1d68748a7c7) Importer(2089858483,b0f066a214c2f5e87bad3c948f4d605d) (ScriptedImporter) -> (artifact id: '37f0236fee2e846d13ab03caad7886ca') in 0.0194062 seconds
Number of updated asset objects reloaded before import = 0Number of asset objects unloaded after import = 1

========================================================================
Received Import Request.
  Time since last request: 0.000034 seconds.
  path: Assets/3.UI/kenney_desert-shooter-pack_1.0/PNG/Tiles/Tiles/tile_0175.png
  artifactKey: Guid(3301f71e5d0b67046b202014e64335b6) Importer(2089858483,b0f066a214c2f5e87bad3c948f4d605d)
Start importing Assets/3.UI/kenney_desert-shooter-pack_1.0/PNG/Tiles/Tiles/tile_0175.png using Guid(3301f71e5d0b67046b202014e64335b6) Importer(2089858483,b0f066a214c2f5e87bad3c948f4d605d) (ScriptedImporter) -> (artifact id: 'd3b36a6680302dafe1ee60904750d955') in 0.0241808 seconds
Number of updated asset objects reloaded before import = 0Number of asset objects unloaded after import = 1

========================================================================
Received Import Request.
  Time since last request: 0.000022 seconds.
  path: Assets/3.UI/kenney_board-game-icons/PNG/Default (64px)/d12.png
  artifactKey: Guid(f2dda8ccc6cef154daf68db458eb3014) Importer(2089858483,b0f066a214c2f5e87bad3c948f4d605d)
Start importing Assets/3.UI/kenney_board-game-icons/PNG/Default (64px)/d12.png using Guid(f2dda8ccc6cef154daf68db458eb3014) Importer(2089858483,b0f066a214c2f5e87bad3c948f4d605d) (ScriptedImporter) -> (artifact id: 'ae7a4b0b49eeca68d443b4cdaaeb6322') in 0.028284 seconds
Number of updated asset objects reloaded before import = 0Number of asset objects unloaded after import = 1

========================================================================
Received Import Request.
  Time since last request: 0.000047 seconds.
  path: Assets/3.UI/kenney_desert-shooter-pack_1.0/Sounds/shoot-a.ogg
  artifactKey: Guid(e3e9d9cc1f8433247aff13f7d9bb56a4) Importer(2089858483,b0f066a214c2f5e87bad3c948f4d605d)
Start importing Assets/3.UI/kenney_desert-shooter-pack_1.0/Sounds/shoot-a.ogg using Guid(e3e9d9cc1f8433247aff13f7d9bb56a4) Importer(2089858483,b0f066a214c2f5e87bad3c948f4d605d) (ScriptedImporter) -> (artifact id: '0851be6b7f24b4522274db155a4b43e2') in 0.0328594 seconds
Number of updated asset objects reloaded before import = 0Number of asset objects unloaded after import = 1

========================================================================
Received Import Request.
  Time since last request: 0.000023 seconds.
  path: Assets/3.UI/kenney_desert-shooter-pack_1.0/PNG/Tiles/Tilemap
  artifactKey: Guid(4e519962697e4364c894492e3651759f) Importer(2089858483,b0f066a214c2f5e87bad3c948f4d605d)
Start importing Assets/3.UI/kenney_desert-shooter-pack_1.0/PNG/Tiles/Tilemap using Guid(4e519962697e4364c894492e3651759f) Importer(2089858483,b0f066a214c2f5e87bad3c948f4d605d) (ScriptedImporter) -> (artifact id: 'b803d9655a05bf79fd5b88219c6f126f') in 0.0205111 seconds
Number of updated asset objects reloaded before import = 0Number of asset objects unloaded after import = 1

========================================================================
Received Import Request.
  Time since last request: 0.000028 seconds.
  path: Assets/3.UI/kenney_desert-shooter-pack_1.0/PNG/Players/Tilemap/tilemap.png
  artifactKey: Guid(936caa55ef46be245b9d0df924c709fd) Importer(2089858483,b0f066a214c2f5e87bad3c948f4d605d)
Start importing Assets/3.UI/kenney_desert-shooter-pack_1.0/PNG/Players/Tilemap/tilemap.png using Guid(936caa55ef46be245b9d0df924c709fd) Importer(2089858483,b0f066a214c2f5e87bad3c948f4d605d) (ScriptedImporter) -> (artifact id: '24733cf5627b2ca319f9916412279430') in 0.023058 seconds
Number of updated asset objects reloaded before import = 0Number of asset objects unloaded after import = 1

========================================================================
Received Import Request.
  Time since last request: 0.000016 seconds.
  path: Assets/3.UI/kenney_desert-shooter-pack_1.0/PNG/Tiles/Tiles/tile_0205.png
  artifactKey: Guid(6cb0248dd50ac6e4f874d6c36e98bbf5) Importer(2089858483,b0f066a214c2f5e87bad3c948f4d605d)
Start importing Assets/3.UI/kenney_desert-shooter-pack_1.0/PNG/Tiles/Tiles/tile_0205.png using Guid(6cb0248dd50ac6e4f874d6c36e98bbf5) Importer(2089858483,b0f066a214c2f5e87bad3c948f4d605d) (ScriptedImporter) -> (artifact id: '79cfc835f6b1691de23b6aa7f9712aa3') in 0.0211046 seconds
Number of updated asset objects reloaded before import = 0Number of asset objects unloaded after import = 1

========================================================================
Received Import Request.
  Time since last request: 0.000023 seconds.
  path: Assets/3.UI/kenney_desert-shooter-pack_1.0/PNG/Interface/Tiles/tile_0126.png
  artifactKey: Guid(1dd92758695e26149b6b7202111f6373) Importer(2089858483,b0f066a214c2f5e87bad3c948f4d605d)
Start importing Assets/3.UI/kenney_desert-shooter-pack_1.0/PNG/Interface/Tiles/tile_0126.png using Guid(1dd92758695e26149b6b7202111f6373) Importer(2089858483,b0f066a214c2f5e87bad3c948f4d605d) (ScriptedImporter) -> (artifact id: '2cbf896b56637a65c7c39912c01d2215') in 0.0246237 seconds
Number of updated asset objects reloaded before import = 0Number of asset objects unloaded after import = 1

========================================================================
Received Import Request.
  Time since last request: 0.000020 seconds.
  path: Assets/3.UI/kenney_board-game-icons/PNG/Default (64px)/sword.png
  artifactKey: Guid(7ed928627c076934c98afa94b52c2bd4) Importer(2089858483,b0f066a214c2f5e87bad3c948f4d605d)
Start importing Assets/3.UI/kenney_board-game-icons/PNG/Default (64px)/sword.png using Guid(7ed928627c076934c98afa94b52c2bd4) Importer(2089858483,b0f066a214c2f5e87bad3c948f4d605d) (ScriptedImporter) -> (artifact id: '9d903d2ef64bace4131639f224c37dd3') in 0.0249297 seconds
Number of updated asset objects reloaded before import = 0Number of asset objects unloaded after import = 1

========================================================================
Received Import Request.
  Time since last request: 0.000041 seconds.
  path: Assets/3.UI/kenney_board-game-icons/PNG/Default (64px)/d12_outline.png
  artifactKey: Guid(58b49e3f82f0e244382832add549dbd9) Importer(2089858483,b0f066a214c2f5e87bad3c948f4d605d)
Start importing Assets/3.UI/kenney_board-game-icons/PNG/Default (64px)/d12_outline.png using Guid(58b49e3f82f0e244382832add549dbd9) Importer(2089858483,b0f066a214c2f5e87bad3c948f4d605d) (ScriptedImporter) -> (artifact id: 'fce522daf6c2fdcc87254dd34be5463a') in 0.0235301 seconds
Number of updated asset objects reloaded before import = 0Number of asset objects unloaded after import = 1

========================================================================
Received Import Request.
  Time since last request: 0.000017 seconds.
  path: Assets/3.UI/kenney_board-game-icons/PNG/Double (128px)/pawn_skip.png
  artifactKey: Guid(3fded78ca775b75449167a77f48e06ab) Importer(2089858483,b0f066a214c2f5e87bad3c948f4d605d)
Start importing Assets/3.UI/kenney_board-game-icons/PNG/Double (128px)/pawn_skip.png using Guid(3fded78ca775b75449167a77f48e06ab) Importer(2089858483,b0f066a214c2f5e87bad3c948f4d605d) (ScriptedImporter) -> (artifact id: 'd8ac9fd3252c15a61ed19e8931e7e5d8') in 0.0240435 seconds
Number of updated asset objects reloaded before import = 0Number of asset objects unloaded after import = 1

========================================================================
Received Import Request.
  Time since last request: 0.000021 seconds.
  path: Assets/3.UI/kenney_desert-shooter-pack_1.0/PNG/Tiles/Tiles/tile_0150.png
  artifactKey: Guid(3ef9241174ee08c4ca4c80160d75495b) Importer(2089858483,b0f066a214c2f5e87bad3c948f4d605d)
Start importing Assets/3.UI/kenney_desert-shooter-pack_1.0/PNG/Tiles/Tiles/tile_0150.png using Guid(3ef9241174ee08c4ca4c80160d75495b) Importer(2089858483,b0f066a214c2f5e87bad3c948f4d605d) (ScriptedImporter) -> (artifact id: '905a3f9f4cf62757683f50410a05e41b') in 0.0251121 seconds
Number of updated asset objects reloaded before import = 0Number of asset objects unloaded after import = 1

========================================================================
Received Import Request.
  Time since last request: 0.000027 seconds.
  path: Assets/3.UI/kenney_cursor-pixel-pack/Tiles/tile_0069.png
  artifactKey: Guid(c08893f40ce1f834486b03ad8a779d57) Importer(2089858483,b0f066a214c2f5e87bad3c948f4d605d)
Start importing Assets/3.UI/kenney_cursor-pixel-pack/Tiles/tile_0069.png using Guid(c08893f40ce1f834486b03ad8a779d57) Importer(2089858483,b0f066a214c2f5e87bad3c948f4d605d) (ScriptedImporter) -> (artifact id: '89d09fae60d1f2a21df769da1394eff8') in 0.0232552 seconds
Number of updated asset objects reloaded before import = 0Number of asset objects unloaded after import = 1

========================================================================
Received Import Request.
  Time since last request: 0.000026 seconds.
  path: Assets/3.UI/kenney_cursor-pixel-pack/Tiles/tile_0061.png
  artifactKey: Guid(7c6b2dae96f4c7c4e97c76feddd70b6b) Importer(2089858483,b0f066a214c2f5e87bad3c948f4d605d)
Start importing Assets/3.UI/kenney_cursor-pixel-pack/Tiles/tile_0061.png using Guid(7c6b2dae96f4c7c4e97c76feddd70b6b) Importer(2089858483,b0f066a214c2f5e87bad3c948f4d605d) (ScriptedImporter) -> (artifact id: '8aaa6eff1e053846720a08f1d7fdba34') in 0.0243485 seconds
Number of updated asset objects reloaded before import = 0Number of asset objects unloaded after import = 1

========================================================================
Received Import Request.
  Time since last request: 0.000018 seconds.
  path: Assets/3.UI/kenney_board-game-icons/PNG/Double (128px)/tag_d6_5.png
  artifactKey: Guid(a091c7ea6770d8240875ca2b2aa4b8f5) Importer(2089858483,b0f066a214c2f5e87bad3c948f4d605d)
Start importing Assets/3.UI/kenney_board-game-icons/PNG/Double (128px)/tag_d6_5.png using Guid(a091c7ea6770d8240875ca2b2aa4b8f5) Importer(2089858483,b0f066a214c2f5e87bad3c948f4d605d) (ScriptedImporter) -> (artifact id: 'c6e8d4605a921c8f729767e8acc464dd') in 0.0284898 seconds
Number of updated asset objects reloaded before import = 0Number of asset objects unloaded after import = 1

========================================================================
Received Import Request.
  Time since last request: 0.000017 seconds.
  path: Assets/3.UI/kenney_desert-shooter-pack_1.0/PNG/Players/Tiles/tile_0013.png
  artifactKey: Guid(41fe55f7c4110a6408ab4f3e19d7bb3d) Importer(2089858483,b0f066a214c2f5e87bad3c948f4d605d)
Start importing Assets/3.UI/kenney_desert-shooter-pack_1.0/PNG/Players/Tiles/tile_0013.png using Guid(41fe55f7c4110a6408ab4f3e19d7bb3d) Importer(2089858483,b0f066a214c2f5e87bad3c948f4d605d) (ScriptedImporter) -> (artifact id: '69d492a7032b8cb08973b6bbc627498b') in 0.0246496 seconds
Number of updated asset objects reloaded before import = 0Number of asset objects unloaded after import = 1

========================================================================
Received Import Request.
  Time since last request: 0.000025 seconds.
  path: Assets/3.UI/kenney_desert-shooter-pack_1.0/PNG/Tiles/Tiles/tile_0132.png
  artifactKey: Guid(4e2eb58e0bdb1ca499c7a39378544d18) Importer(2089858483,b0f066a214c2f5e87bad3c948f4d605d)
Start importing Assets/3.UI/kenney_desert-shooter-pack_1.0/PNG/Tiles/Tiles/tile_0132.png using Guid(4e2eb58e0bdb1ca499c7a39378544d18) Importer(2089858483,b0f066a214c2f5e87bad3c948f4d605d) (ScriptedImporter) -> (artifact id: 'fd4a7e6636b07f5fdef946ff1017cb83') in 0.0264067 seconds
Number of updated asset objects reloaded before import = 0Number of asset objects unloaded after import = 1

========================================================================
Received Import Request.
  Time since last request: 0.000027 seconds.
  path: Assets/3.UI/kenney_board-game-icons/Vector/Icons/d20.svg
  artifactKey: Guid(f38ffacafe97c4f4e8329a1c857e3e70) Importer(2089858483,b0f066a214c2f5e87bad3c948f4d605d)
Start importing Assets/3.UI/kenney_board-game-icons/Vector/Icons/d20.svg using Guid(f38ffacafe97c4f4e8329a1c857e3e70) Importer(2089858483,b0f066a214c2f5e87bad3c948f4d605d) (ScriptedImporter) -> (artifact id: '1453749c3267573a7df79d239ec2d10b') in 0.0230803 seconds
Number of updated asset objects reloaded before import = 0Number of asset objects unloaded after import = 1

========================================================================
Received Import Request.
  Time since last request: 0.000026 seconds.
  path: Assets/3.UI/kenney_desert-shooter-pack_1.0/PNG/Tiles/Tiles/tile_0104.png
  artifactKey: Guid(bb87027794574a24ba97c4fa5cc35677) Importer(2089858483,b0f066a214c2f5e87bad3c948f4d605d)
Start importing Assets/3.UI/kenney_desert-shooter-pack_1.0/PNG/Tiles/Tiles/tile_0104.png using Guid(bb87027794574a24ba97c4fa5cc35677) Importer(2089858483,b0f066a214c2f5e87bad3c948f4d605d) (ScriptedImporter) -> (artifact id: '0d42c00d5a297323bf4eeaf3c4eeb040') in 0.0272156 seconds
Number of updated asset objects reloaded before import = 0Number of asset objects unloaded after import = 1

========================================================================
Received Import Request.
  Time since last request: 0.000016 seconds.
  path: Assets/3.UI/kenney_desert-shooter-pack_1.0/PNG/Tiles/Tiles/tile_0208.png
  artifactKey: Guid(141829d38ca24d348914f8cc5819c951) Importer(2089858483,b0f066a214c2f5e87bad3c948f4d605d)
Start importing Assets/3.UI/kenney_desert-shooter-pack_1.0/PNG/Tiles/Tiles/tile_0208.png using Guid(141829d38ca24d348914f8cc5819c951) Importer(2089858483,b0f066a214c2f5e87bad3c948f4d605d) (ScriptedImporter) -> (artifact id: 'df10c6010b90d5452ea205c1169fd340') in 0.0245721 seconds
Number of updated asset objects reloaded before import = 0Number of asset objects unloaded after import = 1

========================================================================
Received Import Request.
  Time since last request: 0.000048 seconds.
  path: Assets/3.UI/kenney_desert-shooter-pack_1.0/PNG/Tiles/Tiles/tile_0154.png
  artifactKey: Guid(f557a999c822cf34d9d9bf6e834b2fc2) Importer(2089858483,b0f066a214c2f5e87bad3c948f4d605d)
Start importing Assets/3.UI/kenney_desert-shooter-pack_1.0/PNG/Tiles/Tiles/tile_0154.png using Guid(f557a999c822cf34d9d9bf6e834b2fc2) Importer(2089858483,b0f066a214c2f5e87bad3c948f4d605d) (ScriptedImporter) -> (artifact id: '0e8b6c9202d60f523d752b436b66790c') in 0.0275565 seconds
Number of updated asset objects reloaded before import = 0Number of asset objects unloaded after import = 1

========================================================================
Received Import Request.
  Time since last request: 0.000027 seconds.
  path: Assets/3.UI/kenney_cursor-pixel-pack/Tiles/tile_0005.png
  artifactKey: Guid(50c70c86955ace14ba6dd12b698bc39a) Importer(2089858483,b0f066a214c2f5e87bad3c948f4d605d)
Start importing Assets/3.UI/kenney_cursor-pixel-pack/Tiles/tile_0005.png using Guid(50c70c86955ace14ba6dd12b698bc39a) Importer(2089858483,b0f066a214c2f5e87bad3c948f4d605d) (ScriptedImporter) -> (artifact id: '2f28b271ca7d70a78a9b6b29ca3b25d4') in 0.0238894 seconds
Number of updated asset objects reloaded before import = 0Number of asset objects unloaded after import = 1

========================================================================
Received Import Request.
  Time since last request: 0.000017 seconds.
  path: Assets/3.UI/kenney_cursor-pixel-pack/Tiles/tile_0002.png
  artifactKey: Guid(b180cc0d62982094da65e7c1154d42ef) Importer(2089858483,b0f066a214c2f5e87bad3c948f4d605d)
Start importing Assets/3.UI/kenney_cursor-pixel-pack/Tiles/tile_0002.png using Guid(b180cc0d62982094da65e7c1154d42ef) Importer(2089858483,b0f066a214c2f5e87bad3c948f4d605d) (ScriptedImporter) -> (artifact id: 'e93b11b683d77d6b9c79617711d81a8e') in 0.1065527 seconds
Number of updated asset objects reloaded before import = 0Number of asset objects unloaded after import = 1

========================================================================
Received Import Request.
  Time since last request: 0.000026 seconds.
  path: Assets/3.UI/kenney_board-game-icons/PNG/Default (64px)/hand_card.png
  artifactKey: Guid(65a26265fa92e4f4281765838f240d15) Importer(2089858483,b0f066a214c2f5e87bad3c948f4d605d)
Start importing Assets/3.UI/kenney_board-game-icons/PNG/Default (64px)/hand_card.png using Guid(65a26265fa92e4f4281765838f240d15) Importer(2089858483,b0f066a214c2f5e87bad3c948f4d605d) (ScriptedImporter) -> (artifact id: '4604f55c9239f1854fa8feade94905bd') in 0.0192574 seconds
Number of updated asset objects reloaded before import = 0Number of asset objects unloaded after import = 1

========================================================================
Received Import Request.
  Time since last request: 0.000075 seconds.
  path: Assets/3.UI/kenney_desert-shooter-pack_1.0/PNG/Interface/Tiles/tile_0040.png
  artifactKey: Guid(250155895faf5c142b6068d6f48d7bc8) Importer(2089858483,b0f066a214c2f5e87bad3c948f4d605d)
Start importing Assets/3.UI/kenney_desert-shooter-pack_1.0/PNG/Interface/Tiles/tile_0040.png using Guid(250155895faf5c142b6068d6f48d7bc8) Importer(2089858483,b0f066a214c2f5e87bad3c948f4d605d) (ScriptedImporter) -> (artifact id: 'e632b699ddf993003141c002c5ec67c3') in 0.0179056 seconds
Number of updated asset objects reloaded before import = 0Number of asset objects unloaded after import = 1

========================================================================
Received Import Request.
  Time since last request: 0.000043 seconds.
  path: Assets/3.UI/kenney_board-game-icons/PNG/Double (128px)/direction_s.png
  artifactKey: Guid(fd6a2ac8854ba0e41a09e05ce2dc0ce4) Importer(2089858483,b0f066a214c2f5e87bad3c948f4d605d)
Start importing Assets/3.UI/kenney_board-game-icons/PNG/Double (128px)/direction_s.png using Guid(fd6a2ac8854ba0e41a09e05ce2dc0ce4) Importer(2089858483,b0f066a214c2f5e87bad3c948f4d605d) (ScriptedImporter) -> (artifact id: '8f09a167ab369c21d456fc3cdeb67ab5') in 0.0212085 seconds
Number of updated asset objects reloaded before import = 0Number of asset objects unloaded after import = 1

========================================================================
Received Import Request.
  Time since last request: 0.000029 seconds.
  path: Assets/3.UI/kenney_board-game-icons/PNG/Double (128px)/token_add.png
  artifactKey: Guid(d8b1cc88fb9f105429938a6367d57fe4) Importer(2089858483,b0f066a214c2f5e87bad3c948f4d605d)
Start importing Assets/3.UI/kenney_board-game-icons/PNG/Double (128px)/token_add.png using Guid(d8b1cc88fb9f105429938a6367d57fe4) Importer(2089858483,b0f066a214c2f5e87bad3c948f4d605d) (ScriptedImporter) -> (artifact id: '9327fe34b1d1db0ed345025652402b6d') in 0.0182312 seconds
Number of updated asset objects reloaded before import = 0Number of asset objects unloaded after import = 1

========================================================================
Received Import Request.
  Time since last request: 0.000074 seconds.
  path: Assets/3.UI/kenney_desert-shooter-pack_1.0/PNG/Tiles/Tiles/tile_0193.png
  artifactKey: Guid(2b6b4c0239c6311448169b0e531e8b29) Importer(2089858483,b0f066a214c2f5e87bad3c948f4d605d)
Start importing Assets/3.UI/kenney_desert-shooter-pack_1.0/PNG/Tiles/Tiles/tile_0193.png using Guid(2b6b4c0239c6311448169b0e531e8b29) Importer(2089858483,b0f066a214c2f5e87bad3c948f4d605d) (ScriptedImporter) -> (artifact id: '5490683243913c1788a955185c4d3919') in 0.0175064 seconds
Number of updated asset objects reloaded before import = 0Number of asset objects unloaded after import = 1

========================================================================
Received Import Request.
  Time since last request: 0.000037 seconds.
  path: Assets/3.UI/kenney_cursor-pixel-pack/Tiles/tile_0074.png
  artifactKey: Guid(df05c71fd4d03e14e860a7a8ba17c709) Importer(2089858483,b0f066a214c2f5e87bad3c948f4d605d)
Start importing Assets/3.UI/kenney_cursor-pixel-pack/Tiles/tile_0074.png using Guid(df05c71fd4d03e14e860a7a8ba17c709) Importer(2089858483,b0f066a214c2f5e87bad3c948f4d605d) (ScriptedImporter) -> (artifact id: '496f825b5d2a24ec36c7597919215bce') in 0.0188309 seconds
Number of updated asset objects reloaded before import = 0Number of asset objects unloaded after import = 1

========================================================================
Received Import Request.
  Time since last request: 0.000021 seconds.
  path: Assets/3.UI/kenney_board-game-icons/PNG/Default (64px)/flip_empty.png
  artifactKey: Guid(38f07dd8f7215b24580a0edeba83cbcf) Importer(2089858483,b0f066a214c2f5e87bad3c948f4d605d)
Start importing Assets/3.UI/kenney_board-game-icons/PNG/Default (64px)/flip_empty.png using Guid(38f07dd8f7215b24580a0edeba83cbcf) Importer(2089858483,b0f066a214c2f5e87bad3c948f4d605d) (ScriptedImporter) -> (artifact id: '8f2c4d090bee3e68dd187a9e828f03ac') in 0.0206146 seconds
Number of updated asset objects reloaded before import = 0Number of asset objects unloaded after import = 1

========================================================================
Received Import Request.
  Time since last request: 0.000025 seconds.
  path: Assets/3.UI/kenney_board-game-icons/Vector/Icons/token_remove.svg
  artifactKey: Guid(ebe3f07eb73e2294199f8fc9dfbaa25b) Importer(2089858483,b0f066a214c2f5e87bad3c948f4d605d)
Start importing Assets/3.UI/kenney_board-game-icons/Vector/Icons/token_remove.svg using Guid(ebe3f07eb73e2294199f8fc9dfbaa25b) Importer(2089858483,b0f066a214c2f5e87bad3c948f4d605d) (ScriptedImporter) -> (artifact id: '3d741415d039ca410ba4ff5b118d2591') in 0.0159492 seconds
Number of updated asset objects reloaded before import = 0Number of asset objects unloaded after import = 1

========================================================================
Received Import Request.
  Time since last request: 0.000041 seconds.
  path: Assets/3.UI/kenney_desert-shooter-pack_1.0/PNG/Tiles/Tiles/tile_0110.png
  artifactKey: Guid(ba850190f846cd4418e5f0e2399b7bd4) Importer(2089858483,b0f066a214c2f5e87bad3c948f4d605d)
Start importing Assets/3.UI/kenney_desert-shooter-pack_1.0/PNG/Tiles/Tiles/tile_0110.png using Guid(ba850190f846cd4418e5f0e2399b7bd4) Importer(2089858483,b0f066a214c2f5e87bad3c948f4d605d) (ScriptedImporter) -> (artifact id: 'da7cf04b7c93e9667417b934a2f316a9') in 0.0215447 seconds
Number of updated asset objects reloaded before import = 0Number of asset objects unloaded after import = 1

========================================================================
Received Import Request.
  Time since last request: 0.000039 seconds.
  path: Assets/3.UI/kenney_desert-shooter-pack_1.0/PNG/Tiles/Tiles/tile_0042.png
  artifactKey: Guid(67b9d19bf6c198646b420209b4cbf9d9) Importer(2089858483,b0f066a214c2f5e87bad3c948f4d605d)
Start importing Assets/3.UI/kenney_desert-shooter-pack_1.0/PNG/Tiles/Tiles/tile_0042.png using Guid(67b9d19bf6c198646b420209b4cbf9d9) Importer(2089858483,b0f066a214c2f5e87bad3c948f4d605d) (ScriptedImporter) -> (artifact id: '843d302dbe2981df1a801e7b21638bd8') in 0.017411 seconds
Number of updated asset objects reloaded before import = 0Number of asset objects unloaded after import = 1

========================================================================
Received Import Request.
  Time since last request: 0.000020 seconds.
  path: Assets/3.UI/kenney_cursor-pixel-pack/Tiles/tile_0102.png
  artifactKey: Guid(0fcbe0687a5e48447b961b30b098f491) Importer(2089858483,b0f066a214c2f5e87bad3c948f4d605d)
Start importing Assets/3.UI/kenney_cursor-pixel-pack/Tiles/tile_0102.png using Guid(0fcbe0687a5e48447b961b30b098f491) Importer(2089858483,b0f066a214c2f5e87bad3c948f4d605d) (ScriptedImporter) -> (artifact id: '70b0ebdf2df60ea9d5e7f3b752042ebd') in 0.0177137 seconds
Number of updated asset objects reloaded before import = 0Number of asset objects unloaded after import = 1

========================================================================
Received Import Request.
  Time since last request: 0.000087 seconds.
  path: Assets/3.UI/kenney_board-game-icons/Vector/Icons/arrow_diagonal_cross_divided.svg
  artifactKey: Guid(516061a5304aa3347a6a925f5277eace) Importer(2089858483,b0f066a214c2f5e87bad3c948f4d605d)
Start importing Assets/3.UI/kenney_board-game-icons/Vector/Icons/arrow_diagonal_cross_divided.svg using Guid(516061a5304aa3347a6a925f5277eace) Importer(2089858483,b0f066a214c2f5e87bad3c948f4d605d) (ScriptedImporter) -> (artifact id: 'a912e148e483f7eb93429e2a5c87db73') in 0.0203332 seconds
Number of updated asset objects reloaded before import = 0Number of asset objects unloaded after import = 1

========================================================================
Received Import Request.
  Time since last request: 0.000022 seconds.
  path: Assets/3.UI/kenney_cursor-pixel-pack/Tiles/tile_0094.png
  artifactKey: Guid(81e51f750842b7f4f8bec66f52b2f5aa) Importer(2089858483,b0f066a214c2f5e87bad3c948f4d605d)
Start importing Assets/3.UI/kenney_cursor-pixel-pack/Tiles/tile_0094.png using Guid(81e51f750842b7f4f8bec66f52b2f5aa) Importer(2089858483,b0f066a214c2f5e87bad3c948f4d605d) (ScriptedImporter) -> (artifact id: '748ad52ddf9c4bb707c65c410dca53fe') in 0.0208162 seconds
Number of updated asset objects reloaded before import = 0Number of asset objects unloaded after import = 1

========================================================================
Received Import Request.
  Time since last request: 0.000066 seconds.
  path: Assets/3.UI/kenney_cursor-pixel-pack/Tiles/tile_0153.png
  artifactKey: Guid(8edfcd137b0072b4f8cb37069cce8503) Importer(2089858483,b0f066a214c2f5e87bad3c948f4d605d)
Start importing Assets/3.UI/kenney_cursor-pixel-pack/Tiles/tile_0153.png using Guid(8edfcd137b0072b4f8cb37069cce8503) Importer(2089858483,b0f066a214c2f5e87bad3c948f4d605d) (ScriptedImporter) -> (artifact id: 'ace5247cd214880ecac2424ecdcda809') in 0.0244993 seconds
Number of updated asset objects reloaded before import = 0Number of asset objects unloaded after import = 1

========================================================================
Received Import Request.
  Time since last request: 0.000026 seconds.
  path: Assets/3.UI/kenney_cursor-pixel-pack/Tiles/tile_0168.png
  artifactKey: Guid(01b04d33048d0d942bf2c1f9b58fb03d) Importer(2089858483,b0f066a214c2f5e87bad3c948f4d605d)
Start importing Assets/3.UI/kenney_cursor-pixel-pack/Tiles/tile_0168.png using Guid(01b04d33048d0d942bf2c1f9b58fb03d) Importer(2089858483,b0f066a214c2f5e87bad3c948f4d605d) (ScriptedImporter) -> (artifact id: '5543bbc4dba7adea11a2f0cdcff8c752') in 0.0215824 seconds
Number of updated asset objects reloaded before import = 0Number of asset objects unloaded after import = 1

========================================================================
Received Import Request.
  Time since last request: 0.000016 seconds.
  path: Assets/3.UI/kenney_board-game-icons/PNG/Default (64px)/pawn_flip.png
  artifactKey: Guid(a6794a776e259f94fa76fd76905cfafc) Importer(2089858483,b0f066a214c2f5e87bad3c948f4d605d)
Start importing Assets/3.UI/kenney_board-game-icons/PNG/Default (64px)/pawn_flip.png using Guid(a6794a776e259f94fa76fd76905cfafc) Importer(2089858483,b0f066a214c2f5e87bad3c948f4d605d) (ScriptedImporter) -> (artifact id: '4eeb89afd0aba92ea77ccbc9014194cf') in 0.0247796 seconds
Number of updated asset objects reloaded before import = 0Number of asset objects unloaded after import = 1

========================================================================
Received Import Request.
  Time since last request: 0.000021 seconds.
  path: Assets/3.UI/kenney_board-game-icons/Vector/Icons/d8_outline.svg
  artifactKey: Guid(1820f3f15b4b13545bd56011c92ce464) Importer(2089858483,b0f066a214c2f5e87bad3c948f4d605d)
Start importing Assets/3.UI/kenney_board-game-icons/Vector/Icons/d8_outline.svg using Guid(1820f3f15b4b13545bd56011c92ce464) Importer(2089858483,b0f066a214c2f5e87bad3c948f4d605d) (ScriptedImporter) -> (artifact id: '0afadacf1bec21805af2b0ce1e9f47b3') in 0.0161865 seconds
Number of updated asset objects reloaded before import = 0Number of asset objects unloaded after import = 1

========================================================================
Received Import Request.
  Time since last request: 0.000031 seconds.
  path: Assets/3.UI/kenney_board-game-icons/PNG/Default (64px)/structure_church.png
  artifactKey: Guid(47e0cdcf61622574397d61ab6ebff696) Importer(2089858483,b0f066a214c2f5e87bad3c948f4d605d)
Start importing Assets/3.UI/kenney_board-game-icons/PNG/Default (64px)/structure_church.png using Guid(47e0cdcf61622574397d61ab6ebff696) Importer(2089858483,b0f066a214c2f5e87bad3c948f4d605d) (ScriptedImporter) -> (artifact id: '1e701a859361880ba3b435af5c4ee42b') in 0.0171648 seconds
Number of updated asset objects reloaded before import = 0Number of asset objects unloaded after import = 1

========================================================================
Received Import Request.
  Time since last request: 0.000064 seconds.
  path: Assets/3.UI/kenney_board-game-icons/PNG/Double (128px)/resource_lumber.png
  artifactKey: Guid(83e971a0cf4502f4a91e5e519113f6e7) Importer(2089858483,b0f066a214c2f5e87bad3c948f4d605d)
Start importing Assets/3.UI/kenney_board-game-icons/PNG/Double (128px)/resource_lumber.png using Guid(83e971a0cf4502f4a91e5e519113f6e7) Importer(2089858483,b0f066a214c2f5e87bad3c948f4d605d) (ScriptedImporter) -> (artifact id: '1eb787dde187f0464bde861dd72f3c54') in 0.0204512 seconds
Number of updated asset objects reloaded before import = 0Number of asset objects unloaded after import = 1

========================================================================
Received Import Request.
  Time since last request: 0.000038 seconds.
  path: Assets/3.UI/kenney_cursor-pixel-pack/Tiles/tile_0089.png
  artifactKey: Guid(bfdb3a38b708a4744bcc672d58396a65) Importer(2089858483,b0f066a214c2f5e87bad3c948f4d605d)
Start importing Assets/3.UI/kenney_cursor-pixel-pack/Tiles/tile_0089.png using Guid(bfdb3a38b708a4744bcc672d58396a65) Importer(2089858483,b0f066a214c2f5e87bad3c948f4d605d) (ScriptedImporter) -> (artifact id: '1661e2addc4b7933104eaa15ef76b160') in 0.0190215 seconds
Number of updated asset objects reloaded before import = 0Number of asset objects unloaded after import = 1

========================================================================
Received Import Request.
  Time since last request: 0.000020 seconds.
  path: Assets/3.UI/kenney_cursor-pixel-pack/Tiles/tile_0049.png
  artifactKey: Guid(d1ff0cc86da129d45b1e5e04ef149836) Importer(2089858483,b0f066a214c2f5e87bad3c948f4d605d)
Start importing Assets/3.UI/kenney_cursor-pixel-pack/Tiles/tile_0049.png using Guid(d1ff0cc86da129d45b1e5e04ef149836) Importer(2089858483,b0f066a214c2f5e87bad3c948f4d605d) (ScriptedImporter) -> (artifact id: '6652b418fc6ca9fde075653662beae64') in 0.0221711 seconds
Number of updated asset objects reloaded before import = 0Number of asset objects unloaded after import = 1

========================================================================
Received Import Request.
  Time since last request: 0.000038 seconds.
  path: Assets/3.UI/kenney_board-game-icons/Vector/Icons/tag_d6.svg
  artifactKey: Guid(925c4d42324be5045921d0295ed31414) Importer(2089858483,b0f066a214c2f5e87bad3c948f4d605d)
Start importing Assets/3.UI/kenney_board-game-icons/Vector/Icons/tag_d6.svg using Guid(925c4d42324be5045921d0295ed31414) Importer(2089858483,b0f066a214c2f5e87bad3c948f4d605d) (ScriptedImporter) -> (artifact id: 'd60f544349cfb442fd6c9e01ae7f10e2') in 0.014705 seconds
Number of updated asset objects reloaded before import = 0Number of asset objects unloaded after import = 1

========================================================================
Received Import Request.
  Time since last request: 0.000022 seconds.
  path: Assets/3.UI/kenney_board-game-icons/Vector/Icons/tag_10.svg
  artifactKey: Guid(0603598a558840a408a6100ea026f96c) Importer(2089858483,b0f066a214c2f5e87bad3c948f4d605d)
Start importing Assets/3.UI/kenney_board-game-icons/Vector/Icons/tag_10.svg using Guid(0603598a558840a408a6100ea026f96c) Importer(2089858483,b0f066a214c2f5e87bad3c948f4d605d) (ScriptedImporter) -> (artifact id: 'e5b9e3f1b321f943ed5bc7c8ef0b058e') in 0.0156725 seconds
Number of updated asset objects reloaded before import = 0Number of asset objects unloaded after import = 1

========================================================================
Received Import Request.
  Time since last request: 0.000021 seconds.
  path: Assets/3.UI/kenney_desert-shooter-pack_1.0/PNG/Interface/Tiles/tile_0186.png
  artifactKey: Guid(668e19780f966254da0a9cc9f8b46ec0) Importer(2089858483,b0f066a214c2f5e87bad3c948f4d605d)
Start importing Assets/3.UI/kenney_desert-shooter-pack_1.0/PNG/Interface/Tiles/tile_0186.png using Guid(668e19780f966254da0a9cc9f8b46ec0) Importer(2089858483,b0f066a214c2f5e87bad3c948f4d605d) (ScriptedImporter) -> (artifact id: '4a0d0de167499bf8cb124122b919493a') in 0.0171585 seconds
Number of updated asset objects reloaded before import = 0Number of asset objects unloaded after import = 1

========================================================================
Received Import Request.
  Time since last request: 0.000020 seconds.
  path: Assets/3.UI/kenney_board-game-icons/PNG/Double (128px)/card_tap_outline_down.png
  artifactKey: Guid(aa3980aa33901ec4eb8004d6cd521312) Importer(2089858483,b0f066a214c2f5e87bad3c948f4d605d)
Start importing Assets/3.UI/kenney_board-game-icons/PNG/Double (128px)/card_tap_outline_down.png using Guid(aa3980aa33901ec4eb8004d6cd521312) Importer(2089858483,b0f066a214c2f5e87bad3c948f4d605d) (ScriptedImporter) -> (artifact id: '0e94c1a87d4cadcb4d9d82e87bf92455') in 0.0218932 seconds
Number of updated asset objects reloaded before import = 0Number of asset objects unloaded after import = 1

========================================================================
Received Import Request.
  Time since last request: 0.000178 seconds.
  path: Assets/3.UI/kenney_board-game-icons/Vector/Icons/tag_shield_10.svg
  artifactKey: Guid(efe0b5803f90aef4185163822dc9da28) Importer(2089858483,b0f066a214c2f5e87bad3c948f4d605d)
Start importing Assets/3.UI/kenney_board-game-icons/Vector/Icons/tag_shield_10.svg using Guid(efe0b5803f90aef4185163822dc9da28) Importer(2089858483,b0f066a214c2f5e87bad3c948f4d605d) (ScriptedImporter) -> (artifact id: '00ba2599a460b84b397a6df9b29d3ae4') in 0.0176684 seconds
Number of updated asset objects reloaded before import = 0Number of asset objects unloaded after import = 1

========================================================================
Received Import Request.
  Time since last request: 0.000030 seconds.
  path: Assets/3.UI/kenney_desert-shooter-pack_1.0/PNG/Weapons/Tiles/tile_0007.png
  artifactKey: Guid(54bd02639ce0f314fa34ffadfebc6fc8) Importer(2089858483,b0f066a214c2f5e87bad3c948f4d605d)
Start importing Assets/3.UI/kenney_desert-shooter-pack_1.0/PNG/Weapons/Tiles/tile_0007.png using Guid(54bd02639ce0f314fa34ffadfebc6fc8) Importer(2089858483,b0f066a214c2f5e87bad3c948f4d605d) (ScriptedImporter) -> (artifact id: 'c0c446378b4621b4040c5acaa281dbe8') in 0.0180361 seconds
Number of updated asset objects reloaded before import = 0Number of asset objects unloaded after import = 1

========================================================================
Received Import Request.
  Time since last request: 0.000019 seconds.
  path: Assets/3.UI/kenney_board-game-icons/PNG/Default (64px)/d6_outline_number.png
  artifactKey: Guid(4bb864f73bee7ed49ae24f24f289a4b8) Importer(2089858483,b0f066a214c2f5e87bad3c948f4d605d)
Start importing Assets/3.UI/kenney_board-game-icons/PNG/Default (64px)/d6_outline_number.png using Guid(4bb864f73bee7ed49ae24f24f289a4b8) Importer(2089858483,b0f066a214c2f5e87bad3c948f4d605d) (ScriptedImporter) -> (artifact id: '8ee0e759df2780813934e9502822a0eb') in 0.0201183 seconds
Number of updated asset objects reloaded before import = 0Number of asset objects unloaded after import = 1

========================================================================
Received Import Request.
  Time since last request: 0.000017 seconds.
  path: Assets/3.UI/kenney_board-game-icons/Vector/Icons/d4.svg
  artifactKey: Guid(87d208f2ff5719643a4fef81d3c577f7) Importer(2089858483,b0f066a214c2f5e87bad3c948f4d605d)
Start importing Assets/3.UI/kenney_board-game-icons/Vector/Icons/d4.svg using Guid(87d208f2ff5719643a4fef81d3c577f7) Importer(2089858483,b0f066a214c2f5e87bad3c948f4d605d) (ScriptedImporter) -> (artifact id: '490890421e90951bfa9ea6daceff3cf9') in 0.0196695 seconds
Number of updated asset objects reloaded before import = 0Number of asset objects unloaded after import = 1

========================================================================
Received Import Request.
  Time since last request: 0.000021 seconds.
  path: Assets/3.UI/kenney_desert-shooter-pack_1.0/PNG/Interface/Tiles/tile_0119.png
  artifactKey: Guid(d60298cd21af25446b61c8e3a5111d28) Importer(2089858483,b0f066a214c2f5e87bad3c948f4d605d)
Start importing Assets/3.UI/kenney_desert-shooter-pack_1.0/PNG/Interface/Tiles/tile_0119.png using Guid(d60298cd21af25446b61c8e3a5111d28) Importer(2089858483,b0f066a214c2f5e87bad3c948f4d605d) (ScriptedImporter) -> (artifact id: '2233b43fb23e0a2cdf0d72768c9de44b') in 0.0256385 seconds
Number of updated asset objects reloaded before import = 0Number of asset objects unloaded after import = 1

========================================================================
Received Import Request.
  Time since last request: 0.000068 seconds.
  path: Assets/3.UI/kenney_board-game-icons/PNG/Default (64px)/tag_1.png
  artifactKey: Guid(efc8920aacc668548a298adb62f5bb63) Importer(2089858483,b0f066a214c2f5e87bad3c948f4d605d)
Start importing Assets/3.UI/kenney_board-game-icons/PNG/Default (64px)/tag_1.png using Guid(efc8920aacc668548a298adb62f5bb63) Importer(2089858483,b0f066a214c2f5e87bad3c948f4d605d) (ScriptedImporter) -> (artifact id: '5a127aadb5d1a0400ec33af09e90f11a') in 0.0161579 seconds
Number of updated asset objects reloaded before import = 0Number of asset objects unloaded after import = 1

========================================================================
Received Import Request.
  Time since last request: 0.000108 seconds.
  path: Assets/3.UI/kenney_board-game-icons/PNG/Default (64px)/pouch.png
  artifactKey: Guid(2f5eff8fecb1b3d42ac30b5f6ad2245a) Importer(2089858483,b0f066a214c2f5e87bad3c948f4d605d)
Start importing Assets/3.UI/kenney_board-game-icons/PNG/Default (64px)/pouch.png using Guid(2f5eff8fecb1b3d42ac30b5f6ad2245a) Importer(2089858483,b0f066a214c2f5e87bad3c948f4d605d) (ScriptedImporter) -> (artifact id: '62e8d70db33040f17deffe4b5ef4e58e') in 0.019144 seconds
Number of updated asset objects reloaded before import = 0Number of asset objects unloaded after import = 1

========================================================================
Received Import Request.
  Time since last request: 0.000023 seconds.
  path: Assets/3.UI/kenney_board-game-icons/PNG/Default (64px)/character_place.png
  artifactKey: Guid(611187e8259efe14b89f7e25c7d35ef4) Importer(2089858483,b0f066a214c2f5e87bad3c948f4d605d)
Start importing Assets/3.UI/kenney_board-game-icons/PNG/Default (64px)/character_place.png using Guid(611187e8259efe14b89f7e25c7d35ef4) Importer(2089858483,b0f066a214c2f5e87bad3c948f4d605d) (ScriptedImporter) -> (artifact id: 'dde0c9c4f42d4777fe39d3e14cb95f6f') in 0.0368479 seconds
Number of updated asset objects reloaded before import = 0Number of asset objects unloaded after import = 1

========================================================================
Received Import Request.
  Time since last request: 0.000032 seconds.
  path: Assets/3.UI/kenney_desert-shooter-pack_1.0/PNG/Tiles/Tiles/tile_0022.png
  artifactKey: Guid(f3df7f8ce7089c74aa96c2ebdfaf6e1c) Importer(2089858483,b0f066a214c2f5e87bad3c948f4d605d)
Start importing Assets/3.UI/kenney_desert-shooter-pack_1.0/PNG/Tiles/Tiles/tile_0022.png using Guid(f3df7f8ce7089c74aa96c2ebdfaf6e1c) Importer(2089858483,b0f066a214c2f5e87bad3c948f4d605d) (ScriptedImporter) -> (artifact id: '483b55de5b83a3a024e189569f746ab9') in 0.017482 seconds
Number of updated asset objects reloaded before import = 0Number of asset objects unloaded after import = 1

========================================================================
Received Import Request.
  Time since last request: 0.000036 seconds.
  path: Assets/3.UI/kenney_cursor-pixel-pack/Tiles/tile_0114.png
  artifactKey: Guid(1c8b5976388a2484e875a57eaca27243) Importer(2089858483,b0f066a214c2f5e87bad3c948f4d605d)
Start importing Assets/3.UI/kenney_cursor-pixel-pack/Tiles/tile_0114.png using Guid(1c8b5976388a2484e875a57eaca27243) Importer(2089858483,b0f066a214c2f5e87bad3c948f4d605d) (ScriptedImporter) -> (artifact id: 'df6884e486c25e1f50f7b0545ec07d3d') in 0.0218084 seconds
Number of updated asset objects reloaded before import = 0Number of asset objects unloaded after import = 1

========================================================================
Received Import Request.
  Time since last request: 0.000019 seconds.
  path: Assets/3.UI/kenney_cursor-pixel-pack/Tiles/tile_0055.png
  artifactKey: Guid(6e6ecff3da005444484ef28093357fe7) Importer(2089858483,b0f066a214c2f5e87bad3c948f4d605d)
Start importing Assets/3.UI/kenney_cursor-pixel-pack/Tiles/tile_0055.png using Guid(6e6ecff3da005444484ef28093357fe7) Importer(2089858483,b0f066a214c2f5e87bad3c948f4d605d) (ScriptedImporter) -> (artifact id: 'e6fe12b5ff7403233c81ee71b98f1864') in 0.0200279 seconds
Number of updated asset objects reloaded before import = 0Number of asset objects unloaded after import = 1

========================================================================
Received Import Request.
  Time since last request: 0.000038 seconds.
  path: Assets/3.UI/kenney_desert-shooter-pack_1.0/PNG/Weapons/Tiles/tile_0026.png
  artifactKey: Guid(e9c5360777b66fa45934fdbfe5847d74) Importer(2089858483,b0f066a214c2f5e87bad3c948f4d605d)
Start importing Assets/3.UI/kenney_desert-shooter-pack_1.0/PNG/Weapons/Tiles/tile_0026.png using Guid(e9c5360777b66fa45934fdbfe5847d74) Importer(2089858483,b0f066a214c2f5e87bad3c948f4d605d) (ScriptedImporter) -> (artifact id: 'd9a532432f817dd2f5981b355cf13936') in 0.0236062 seconds
Number of updated asset objects reloaded before import = 0Number of asset objects unloaded after import = 1

========================================================================
Received Import Request.
  Time since last request: 0.000040 seconds.
  path: Assets/3.UI/kenney_cursor-pixel-pack/Tiles/tile_0082.png
  artifactKey: Guid(a5014bf8c0f9e5a4da03551ebf5e47db) Importer(2089858483,b0f066a214c2f5e87bad3c948f4d605d)
Start importing Assets/3.UI/kenney_cursor-pixel-pack/Tiles/tile_0082.png using Guid(a5014bf8c0f9e5a4da03551ebf5e47db) Importer(2089858483,b0f066a214c2f5e87bad3c948f4d605d) (ScriptedImporter) -> (artifact id: 'e68d699e1fff9575c35247f26d1e8ab9') in 0.0260818 seconds
Number of updated asset objects reloaded before import = 0Number of asset objects unloaded after import = 1

========================================================================
Received Import Request.
  Time since last request: 0.000043 seconds.
  path: Assets/3.UI/kenney_board-game-icons/Vector/Icons/dice_5.svg
  artifactKey: Guid(eb3d90279bc7bc747a4543b7c9bb4653) Importer(2089858483,b0f066a214c2f5e87bad3c948f4d605d)
Start importing Assets/3.UI/kenney_board-game-icons/Vector/Icons/dice_5.svg using Guid(eb3d90279bc7bc747a4543b7c9bb4653) Importer(2089858483,b0f066a214c2f5e87bad3c948f4d605d) (ScriptedImporter) -> (artifact id: 'bb1e23d6b71b19e9c25a992cbc917cef') in 0.0163827 seconds
Number of updated asset objects reloaded before import = 0Number of asset objects unloaded after import = 1

========================================================================
Received Import Request.
  Time since last request: 0.000017 seconds.
  path: Assets/3.UI/kenney_desert-shooter-pack_1.0/PNG/Tiles/Tiles/tile_0156.png
  artifactKey: Guid(c947bf94d730eb449863a7905f6523be) Importer(2089858483,b0f066a214c2f5e87bad3c948f4d605d)
Start importing Assets/3.UI/kenney_desert-shooter-pack_1.0/PNG/Tiles/Tiles/tile_0156.png using Guid(c947bf94d730eb449863a7905f6523be) Importer(2089858483,b0f066a214c2f5e87bad3c948f4d605d) (ScriptedImporter) -> (artifact id: '508fc8db50502c68f2560816b1c3b7cb') in 0.0181085 seconds
Number of updated asset objects reloaded before import = 0Number of asset objects unloaded after import = 1

========================================================================
Received Import Request.
  Time since last request: 0.000020 seconds.
  path: Assets/3.UI/kenney_desert-shooter-pack_1.0/PNG/Tiles/Tiles/tile_0063.png
  artifactKey: Guid(533745595b621e14fa99aeb923876c4a) Importer(2089858483,b0f066a214c2f5e87bad3c948f4d605d)
Start importing Assets/3.UI/kenney_desert-shooter-pack_1.0/PNG/Tiles/Tiles/tile_0063.png using Guid(533745595b621e14fa99aeb923876c4a) Importer(2089858483,b0f066a214c2f5e87bad3c948f4d605d) (ScriptedImporter) -> (artifact id: '21d98a0a46d698dd60837d120568fa09') in 0.0191975 seconds
Number of updated asset objects reloaded before import = 0Number of asset objects unloaded after import = 1

========================================================================
Received Import Request.
  Time since last request: 0.000019 seconds.
  path: Assets/3.UI/kenney_desert-shooter-pack_1.0/PNG/Enemies/Tiles/tile_0011.png
  artifactKey: Guid(8be1f18599047124c927a85a06f79ba8) Importer(2089858483,b0f066a214c2f5e87bad3c948f4d605d)
Start importing Assets/3.UI/kenney_desert-shooter-pack_1.0/PNG/Enemies/Tiles/tile_0011.png using Guid(8be1f18599047124c927a85a06f79ba8) Importer(2089858483,b0f066a214c2f5e87bad3c948f4d605d) (ScriptedImporter) -> (artifact id: '53da5e8f76b750f2ad59b218d657812d') in 0.0232437 seconds
Number of updated asset objects reloaded before import = 0Number of asset objects unloaded after import = 1

========================================================================
Received Import Request.
  Time since last request: 0.000031 seconds.
  path: Assets/3.UI/kenney_desert-shooter-pack_1.0/PNG/Tiles/Tiles/tile_0008.png
  artifactKey: Guid(c0ae0c829c2770f4f967e3c90314cca4) Importer(2089858483,b0f066a214c2f5e87bad3c948f4d605d)
Start importing Assets/3.UI/kenney_desert-shooter-pack_1.0/PNG/Tiles/Tiles/tile_0008.png using Guid(c0ae0c829c2770f4f967e3c90314cca4) Importer(2089858483,b0f066a214c2f5e87bad3c948f4d605d) (ScriptedImporter) -> (artifact id: '2f6fa0de19d816417729ace039c3263d') in 0.0338004 seconds
Number of updated asset objects reloaded before import = 0Number of asset objects unloaded after import = 1

========================================================================
Received Import Request.
  Time since last request: 0.000017 seconds.
  path: Assets/3.UI/kenney_desert-shooter-pack_1.0/PNG/Tiles/Tiles/tile_0057.png
  artifactKey: Guid(8fa6bd55470e936419b2604ec2e0b19f) Importer(2089858483,b0f066a214c2f5e87bad3c948f4d605d)
Start importing Assets/3.UI/kenney_desert-shooter-pack_1.0/PNG/Tiles/Tiles/tile_0057.png using Guid(8fa6bd55470e936419b2604ec2e0b19f) Importer(2089858483,b0f066a214c2f5e87bad3c948f4d605d) (ScriptedImporter) -> (artifact id: '842394dbb49a2eabfdae66a40ae06e7a') in 0.0211667 seconds
Number of updated asset objects reloaded before import = 0Number of asset objects unloaded after import = 1

========================================================================
Received Import Request.
  Time since last request: 0.000027 seconds.
  path: Assets/3.UI/kenney_desert-shooter-pack_1.0/PNG/Tiles/Tiles/tile_0101.png
  artifactKey: Guid(6e3552a94c4f0ab44832c62e892de1cd) Importer(2089858483,b0f066a214c2f5e87bad3c948f4d605d)
Start importing Assets/3.UI/kenney_desert-shooter-pack_1.0/PNG/Tiles/Tiles/tile_0101.png using Guid(6e3552a94c4f0ab44832c62e892de1cd) Importer(2089858483,b0f066a214c2f5e87bad3c948f4d605d) (ScriptedImporter) -> (artifact id: 'f76f1f0590760897940a6cff384ab6de') in 0.0228321 seconds
Number of updated asset objects reloaded before import = 0Number of asset objects unloaded after import = 1

========================================================================
Received Import Request.
  Time since last request: 0.000020 seconds.
  path: Assets/3.UI/kenney_desert-shooter-pack_1.0/PNG/Tiles/Tiles/tile_0019.png
  artifactKey: Guid(761c2bd55392af54dbb2937353e425e6) Importer(2089858483,b0f066a214c2f5e87bad3c948f4d605d)
Start importing Assets/3.UI/kenney_desert-shooter-pack_1.0/PNG/Tiles/Tiles/tile_0019.png using Guid(761c2bd55392af54dbb2937353e425e6) Importer(2089858483,b0f066a214c2f5e87bad3c948f4d605d) (ScriptedImporter) -> (artifact id: '32fcbb3b9085e4540e0855406cfc2361') in 0.0331121 seconds
Number of updated asset objects reloaded before import = 0Number of asset objects unloaded after import = 1

========================================================================
Received Import Request.
  Time since last request: 0.000031 seconds.
  path: Assets/3.UI/kenney_board-game-icons/Vector/Icons/d6_number.svg
  artifactKey: Guid(2fb581ccf9643f94ca26690f8be4ed43) Importer(2089858483,b0f066a214c2f5e87bad3c948f4d605d)
Start importing Assets/3.UI/kenney_board-game-icons/Vector/Icons/d6_number.svg using Guid(2fb581ccf9643f94ca26690f8be4ed43) Importer(2089858483,b0f066a214c2f5e87bad3c948f4d605d) (ScriptedImporter) -> (artifact id: '2ea5e1c2a4e8004f91c8c5b9891d924b') in 0.0211047 seconds
Number of updated asset objects reloaded before import = 0Number of asset objects unloaded after import = 1

========================================================================
Received Import Request.
  Time since last request: 0.000016 seconds.
  path: Assets/3.UI/kenney_desert-shooter-pack_1.0/PNG/Interface/Tiles/tile_0093.png
  artifactKey: Guid(c0e83fe4eb06246448aa366d253ff71e) Importer(2089858483,b0f066a214c2f5e87bad3c948f4d605d)
Start importing Assets/3.UI/kenney_desert-shooter-pack_1.0/PNG/Interface/Tiles/tile_0093.png using Guid(c0e83fe4eb06246448aa366d253ff71e) Importer(2089858483,b0f066a214c2f5e87bad3c948f4d605d) (ScriptedImporter) -> (artifact id: '456a69064f3b2a1dd4e95e7cf69260f5') in 0.0220842 seconds
Number of updated asset objects reloaded before import = 0Number of asset objects unloaded after import = 1

========================================================================
Received Import Request.
  Time since last request: 0.000016 seconds.
  path: Assets/3.UI/kenney_board-game-icons/Vector/Icons/tag_d6_2.svg
  artifactKey: Guid(020af2296fb46c44294c71878470ae2f) Importer(2089858483,b0f066a214c2f5e87bad3c948f4d605d)
Start importing Assets/3.UI/kenney_board-game-icons/Vector/Icons/tag_d6_2.svg using Guid(020af2296fb46c44294c71878470ae2f) Importer(2089858483,b0f066a214c2f5e87bad3c948f4d605d) (ScriptedImporter) -> (artifact id: '3edb95f37e9464ebe390c733d5bdf089') in 0.0213962 seconds
Number of updated asset objects reloaded before import = 0Number of asset objects unloaded after import = 1

========================================================================
Received Import Request.
  Time since last request: 0.000035 seconds.
  path: Assets/3.UI/kenney_desert-shooter-pack_1.0/PNG/Players/Tiles/tile_0000.png
  artifactKey: Guid(9fbfebadcb5d4d0499504e4b7bf01a18) Importer(2089858483,b0f066a214c2f5e87bad3c948f4d605d)
Start importing Assets/3.UI/kenney_desert-shooter-pack_1.0/PNG/Players/Tiles/tile_0000.png using Guid(9fbfebadcb5d4d0499504e4b7bf01a18) Importer(2089858483,b0f066a214c2f5e87bad3c948f4d605d) (ScriptedImporter) -> (artifact id: '73abec3be7162bf8e234613da42afa8f') in 0.0255845 seconds
Number of updated asset objects reloaded before import = 0Number of asset objects unloaded after import = 1

========================================================================
Received Import Request.
  Time since last request: 0.000037 seconds.
  path: Assets/3.UI/kenney_desert-shooter-pack_1.0/PNG/Interface/Tiles/tile_0196.png
  artifactKey: Guid(b9ac8bee5a2b17c43a7984b671633467) Importer(2089858483,b0f066a214c2f5e87bad3c948f4d605d)
Start importing Assets/3.UI/kenney_desert-shooter-pack_1.0/PNG/Interface/Tiles/tile_0196.png using Guid(b9ac8bee5a2b17c43a7984b671633467) Importer(2089858483,b0f066a214c2f5e87bad3c948f4d605d) (ScriptedImporter) -> (artifact id: '706a67377b78b38b940c24e4516e189f') in 0.0248912 seconds
Number of updated asset objects reloaded before import = 0Number of asset objects unloaded after import = 1

========================================================================
Received Import Request.
  Time since last request: 0.000017 seconds.
  path: Assets/3.UI/kenney_desert-shooter-pack_1.0/PNG/Interface/Tiles/tile_0084.png
  artifactKey: Guid(f59f3d8f6ece174418e6b7bdf82ec38e) Importer(2089858483,b0f066a214c2f5e87bad3c948f4d605d)
Start importing Assets/3.UI/kenney_desert-shooter-pack_1.0/PNG/Interface/Tiles/tile_0084.png using Guid(f59f3d8f6ece174418e6b7bdf82ec38e) Importer(2089858483,b0f066a214c2f5e87bad3c948f4d605d) (ScriptedImporter) -> (artifact id: 'f6b1207003e1522bf60186a6978169f8') in 0.0192646 seconds
Number of updated asset objects reloaded before import = 0Number of asset objects unloaded after import = 1

========================================================================
Received Import Request.
  Time since last request: 0.000016 seconds.
  path: Assets/3.UI/kenney_board-game-icons/PNG/Double (128px)/dice_1.png
  artifactKey: Guid(ec1af9df8f220cc42b9cf12c55df82ce) Importer(2089858483,b0f066a214c2f5e87bad3c948f4d605d)
Start importing Assets/3.UI/kenney_board-game-icons/PNG/Double (128px)/dice_1.png using Guid(ec1af9df8f220cc42b9cf12c55df82ce) Importer(2089858483,b0f066a214c2f5e87bad3c948f4d605d) (ScriptedImporter) -> (artifact id: '0c5abc03f5200e0e900b6abfeca4ad4c') in 0.0232759 seconds
Number of updated asset objects reloaded before import = 0Number of asset objects unloaded after import = 1

========================================================================
Received Import Request.
  Time since last request: 0.000018 seconds.
  path: Assets/3.UI/kenney_board-game-icons/Vector/Icons/token_give.svg
  artifactKey: Guid(a86950109a6012a4aba7ca2a977ebee4) Importer(2089858483,b0f066a214c2f5e87bad3c948f4d605d)
Start importing Assets/3.UI/kenney_board-game-icons/Vector/Icons/token_give.svg using Guid(a86950109a6012a4aba7ca2a977ebee4) Importer(2089858483,b0f066a214c2f5e87bad3c948f4d605d) (ScriptedImporter) -> (artifact id: '60d0ceb0911227fe8d3c5b8b785d6c38') in 0.0208801 seconds
Number of updated asset objects reloaded before import = 0Number of asset objects unloaded after import = 1

========================================================================
Received Import Request.
  Time since last request: 0.000032 seconds.
  path: Assets/3.UI/kenney_desert-shooter-pack_1.0/PNG/Tiles/Tiles/tile_0010.png
  artifactKey: Guid(b1b73500ae0ee6742b884b423b1d6da8) Importer(2089858483,b0f066a214c2f5e87bad3c948f4d605d)
Start importing Assets/3.UI/kenney_desert-shooter-pack_1.0/PNG/Tiles/Tiles/tile_0010.png using Guid(b1b73500ae0ee6742b884b423b1d6da8) Importer(2089858483,b0f066a214c2f5e87bad3c948f4d605d) (ScriptedImporter) -> (artifact id: '15333d7b9802f95c29e1c9c54d73309c') in 0.0238051 seconds
Number of updated asset objects reloaded before import = 0Number of asset objects unloaded after import = 1

========================================================================
Received Import Request.
  Time since last request: 0.000022 seconds.
  path: Assets/3.UI/kenney_board-game-icons/PNG/Default (64px)/arrow_horizontal.png
  artifactKey: Guid(383759d01a2ef4847a9e621ac1f78d9c) Importer(2089858483,b0f066a214c2f5e87bad3c948f4d605d)
Start importing Assets/3.UI/kenney_board-game-icons/PNG/Default (64px)/arrow_horizontal.png using Guid(383759d01a2ef4847a9e621ac1f78d9c) Importer(2089858483,b0f066a214c2f5e87bad3c948f4d605d) (ScriptedImporter) -> (artifact id: 'eb020b7721815e231a74eec4cb8c5359') in 0.0250284 seconds
Number of updated asset objects reloaded before import = 0Number of asset objects unloaded after import = 1

========================================================================
Received Import Request.
  Time since last request: 0.000028 seconds.
  path: Assets/3.UI/kenney_board-game-icons/PNG/Double (128px)/dice_2.png
  artifactKey: Guid(d61d4f065c8828c498122c4ecac0acd2) Importer(2089858483,b0f066a214c2f5e87bad3c948f4d605d)
Start importing Assets/3.UI/kenney_board-game-icons/PNG/Double (128px)/dice_2.png using Guid(d61d4f065c8828c498122c4ecac0acd2) Importer(2089858483,b0f066a214c2f5e87bad3c948f4d605d) (ScriptedImporter) -> (artifact id: 'a1c0a7982a64c7cb7b215d778e4d359d') in 0.0252141 seconds
Number of updated asset objects reloaded before import = 0Number of asset objects unloaded after import = 1

========================================================================
Received Import Request.
  Time since last request: 0.000020 seconds.
  path: Assets/3.UI/kenney_board-game-icons/PNG/Double (128px)/pawn_counterclockwise.png
  artifactKey: Guid(a892a5fd0209b3741889c5e738f68458) Importer(2089858483,b0f066a214c2f5e87bad3c948f4d605d)
Start importing Assets/3.UI/kenney_board-game-icons/PNG/Double (128px)/pawn_counterclockwise.png using Guid(a892a5fd0209b3741889c5e738f68458) Importer(2089858483,b0f066a214c2f5e87bad3c948f4d605d) (ScriptedImporter) -> (artifact id: '1fd79fcc8571fc52222bc6fb72eacb76') in 0.0200743 seconds
Number of updated asset objects reloaded before import = 0Number of asset objects unloaded after import = 1

========================================================================
Received Import Request.
  Time since last request: 0.000045 seconds.
  path: Assets/3.UI/kenney_board-game-icons/PNG/Double (128px)/dice_detailed.png
  artifactKey: Guid(86f0872c53d540e4b9219accadaa997d) Importer(2089858483,b0f066a214c2f5e87bad3c948f4d605d)
Start importing Assets/3.UI/kenney_board-game-icons/PNG/Double (128px)/dice_detailed.png using Guid(86f0872c53d540e4b9219accadaa997d) Importer(2089858483,b0f066a214c2f5e87bad3c948f4d605d) (ScriptedImporter) -> (artifact id: 'fd3e40ee3af08dca15de1a76a72815ab') in 0.0233379 seconds
Number of updated asset objects reloaded before import = 0Number of asset objects unloaded after import = 1

========================================================================
Received Import Request.
  Time since last request: 0.000015 seconds.
  path: Assets/3.UI/kenney_desert-shooter-pack_1.0/PNG/Interface/Tiles/tile_0038.png
  artifactKey: Guid(d472cc9e621e63442bfc4d72a509a71b) Importer(2089858483,b0f066a214c2f5e87bad3c948f4d605d)
Start importing Assets/3.UI/kenney_desert-shooter-pack_1.0/PNG/Interface/Tiles/tile_0038.png using Guid(d472cc9e621e63442bfc4d72a509a71b) Importer(2089858483,b0f066a214c2f5e87bad3c948f4d605d) (ScriptedImporter) -> (artifact id: '33c6bee80a23415a1c97b57d40511db8') in 0.0171719 seconds
Number of updated asset objects reloaded before import = 0Number of asset objects unloaded after import = 1

========================================================================
Received Import Request.
  Time since last request: 0.000049 seconds.
  path: Assets/3.UI/kenney_board-game-icons/PNG/Double (128px)/direction_n.png
  artifactKey: Guid(5acab5f001024c6409ae69b41ec9383c) Importer(2089858483,b0f066a214c2f5e87bad3c948f4d605d)
Start importing Assets/3.UI/kenney_board-game-icons/PNG/Double (128px)/direction_n.png using Guid(5acab5f001024c6409ae69b41ec9383c) Importer(2089858483,b0f066a214c2f5e87bad3c948f4d605d) (ScriptedImporter) -> (artifact id: '5b831a0a2987e8cc74ecfcbc1d4df886') in 0.0172976 seconds
Number of updated asset objects reloaded before import = 0Number of asset objects unloaded after import = 1

========================================================================
Received Import Request.
  Time since last request: 0.000040 seconds.
  path: Assets/3.UI/kenney_board-game-icons/Vector/Icons/card_down_outline.svg
  artifactKey: Guid(9d9b32551a3824c4eb4748af1faebe01) Importer(2089858483,b0f066a214c2f5e87bad3c948f4d605d)
Start importing Assets/3.UI/kenney_board-game-icons/Vector/Icons/card_down_outline.svg using Guid(9d9b32551a3824c4eb4748af1faebe01) Importer(2089858483,b0f066a214c2f5e87bad3c948f4d605d) (ScriptedImporter) -> (artifact id: '13dba65c8f1d804edc616975e3cec194') in 0.0162661 seconds
Number of updated asset objects reloaded before import = 0Number of asset objects unloaded after import = 1

========================================================================
Received Import Request.
  Time since last request: 0.000036 seconds.
  path: Assets/3.UI/kenney_desert-shooter-pack_1.0/PNG/Interface/Tiles/tile_0063.png
  artifactKey: Guid(3ebee7d9d4054014285783689540e634) Importer(2089858483,b0f066a214c2f5e87bad3c948f4d605d)
Start importing Assets/3.UI/kenney_desert-shooter-pack_1.0/PNG/Interface/Tiles/tile_0063.png using Guid(3ebee7d9d4054014285783689540e634) Importer(2089858483,b0f066a214c2f5e87bad3c948f4d605d) (ScriptedImporter) -> (artifact id: 'd79d848822fd6138f31c87c23e465cf7') in 0.0204641 seconds
Number of updated asset objects reloaded before import = 0Number of asset objects unloaded after import = 1

========================================================================
Received Import Request.
  Time since last request: 0.000112 seconds.
  path: Assets/3.UI/kenney_board-game-icons/PNG/Default (64px)/suit_diamonds.png
  artifactKey: Guid(1e4d910623c50fa4899f1b4d9f70892d) Importer(2089858483,b0f066a214c2f5e87bad3c948f4d605d)
Start importing Assets/3.UI/kenney_board-game-icons/PNG/Default (64px)/suit_diamonds.png using Guid(1e4d910623c50fa4899f1b4d9f70892d) Importer(2089858483,b0f066a214c2f5e87bad3c948f4d605d) (ScriptedImporter) -> (artifact id: '92282b15352d4cc26aff9ce72a73a22c') in 0.021827 seconds
Number of updated asset objects reloaded before import = 0Number of asset objects unloaded after import = 1

========================================================================
Received Import Request.
  Time since last request: 0.000024 seconds.
  path: Assets/3.UI/kenney_desert-shooter-pack_1.0/PNG/Weapons/Tilemap/tilemap_packed.png
  artifactKey: Guid(60703923e062e624fa70b8e756c2ab8b) Importer(2089858483,b0f066a214c2f5e87bad3c948f4d605d)
Start importing Assets/3.UI/kenney_desert-shooter-pack_1.0/PNG/Weapons/Tilemap/tilemap_packed.png using Guid(60703923e062e624fa70b8e756c2ab8b) Importer(2089858483,b0f066a214c2f5e87bad3c948f4d605d) (ScriptedImporter) -> (artifact id: '2c2c0534f66c557b68e6ea5c1cc0ed68') in 0.0190954 seconds
Number of updated asset objects reloaded before import = 0Number of asset objects unloaded after import = 1

========================================================================
Received Import Request.
  Time since last request: 0.000019 seconds.
  path: Assets/3.UI/kenney_board-game-icons/PNG/Default (64px)/fire.png
  artifactKey: Guid(027dfd03b756f3246bf15d907ca9f82d) Importer(2089858483,b0f066a214c2f5e87bad3c948f4d605d)
Start importing Assets/3.UI/kenney_board-game-icons/PNG/Default (64px)/fire.png using Guid(027dfd03b756f3246bf15d907ca9f82d) Importer(2089858483,b0f066a214c2f5e87bad3c948f4d605d) (ScriptedImporter) -> (artifact id: '2316cf8965fb719432b9e07fdcf64073') in 0.0199497 seconds
Number of updated asset objects reloaded before import = 0Number of asset objects unloaded after import = 1

========================================================================
Received Import Request.
  Time since last request: 0.000046 seconds.
  path: Assets/3.UI/kenney_board-game-icons/Vector/Icons/rhombus.svg
  artifactKey: Guid(8ab43cd3489e6524e8ae2ca928d409b7) Importer(2089858483,b0f066a214c2f5e87bad3c948f4d605d)
Start importing Assets/3.UI/kenney_board-game-icons/Vector/Icons/rhombus.svg using Guid(8ab43cd3489e6524e8ae2ca928d409b7) Importer(2089858483,b0f066a214c2f5e87bad3c948f4d605d) (ScriptedImporter) -> (artifact id: 'cb9cb5cdaea9b073bbc73c40d822aca6') in 0.0155002 seconds
Number of updated asset objects reloaded before import = 0Number of asset objects unloaded after import = 1

========================================================================
Received Import Request.
  Time since last request: 0.000034 seconds.
  path: Assets/3.UI/kenney_cursor-pixel-pack/Tiles/tile_0204.png
  artifactKey: Guid(121eb38fcf32f1c4bb6460c60d36396b) Importer(2089858483,b0f066a214c2f5e87bad3c948f4d605d)
Start importing Assets/3.UI/kenney_cursor-pixel-pack/Tiles/tile_0204.png using Guid(121eb38fcf32f1c4bb6460c60d36396b) Importer(2089858483,b0f066a214c2f5e87bad3c948f4d605d) (ScriptedImporter) -> (artifact id: '6e7f29d8f200257879c224eb48753d5f') in 0.0190677 seconds
Number of updated asset objects reloaded before import = 0Number of asset objects unloaded after import = 1

========================================================================
Received Import Request.
  Time since last request: 0.000020 seconds.
  path: Assets/3.UI/kenney_desert-shooter-pack_1.0/PNG/Interface/Tiles/tile_0048.png
  artifactKey: Guid(ec4b9ff94aa60b34aa06c4305e1fcd4e) Importer(2089858483,b0f066a214c2f5e87bad3c948f4d605d)
Start importing Assets/3.UI/kenney_desert-shooter-pack_1.0/PNG/Interface/Tiles/tile_0048.png using Guid(ec4b9ff94aa60b34aa06c4305e1fcd4e) Importer(2089858483,b0f066a214c2f5e87bad3c948f4d605d) (ScriptedImporter) -> (artifact id: 'cdc998bb80700a4be94996e2ef1f56e8') in 0.0216535 seconds
Number of updated asset objects reloaded before import = 0Number of asset objects unloaded after import = 1

========================================================================
Received Import Request.
  Time since last request: 0.000030 seconds.
  path: Assets/3.UI/kenney_board-game-icons/Vector/Icons/arrow_horizontal.svg
  artifactKey: Guid(b5ad5d7293a4abf439d7bf4e6d5f2824) Importer(2089858483,b0f066a214c2f5e87bad3c948f4d605d)
Start importing Assets/3.UI/kenney_board-game-icons/Vector/Icons/arrow_horizontal.svg using Guid(b5ad5d7293a4abf439d7bf4e6d5f2824) Importer(2089858483,b0f066a214c2f5e87bad3c948f4d605d) (ScriptedImporter) -> (artifact id: '3bbff73207fe39d9eda30dae818ea74e') in 0.0197767 seconds
Number of updated asset objects reloaded before import = 0Number of asset objects unloaded after import = 1

========================================================================
Received Import Request.
  Time since last request: 0.000062 seconds.
  path: Assets/3.UI/kenney_board-game-icons/Vector/Icons/tag_d6_3.svg
  artifactKey: Guid(1d394349795c77c4c8218218901c775e) Importer(2089858483,b0f066a214c2f5e87bad3c948f4d605d)
Start importing Assets/3.UI/kenney_board-game-icons/Vector/Icons/tag_d6_3.svg using Guid(1d394349795c77c4c8218218901c775e) Importer(2089858483,b0f066a214c2f5e87bad3c948f4d605d) (ScriptedImporter) -> (artifact id: 'a62b1405b42d950c04e803c92ac02f85') in 0.019578 seconds
Number of updated asset objects reloaded before import = 0Number of asset objects unloaded after import = 1

========================================================================
Received Import Request.
  Time since last request: 0.000022 seconds.
  path: Assets/3.UI/kenney_desert-shooter-pack_1.0/PNG/Interface/Tiles/tile_0138.png
  artifactKey: Guid(47f235f6ad64e4e48958864b08d825d3) Importer(2089858483,b0f066a214c2f5e87bad3c948f4d605d)
Start importing Assets/3.UI/kenney_desert-shooter-pack_1.0/PNG/Interface/Tiles/tile_0138.png using Guid(47f235f6ad64e4e48958864b08d825d3) Importer(2089858483,b0f066a214c2f5e87bad3c948f4d605d) (ScriptedImporter) -> (artifact id: 'e48748393bff9a9fb1330feadda44045') in 0.0208922 seconds
Number of updated asset objects reloaded before import = 0Number of asset objects unloaded after import = 1

========================================================================
Received Import Request.
  Time since last request: 0.000024 seconds.
  path: Assets/3.UI/kenney_board-game-icons/Vector/Icons/pawn_left.svg
  artifactKey: Guid(79043891d18a58e48bcea1de95e20a58) Importer(2089858483,b0f066a214c2f5e87bad3c948f4d605d)
Start importing Assets/3.UI/kenney_board-game-icons/Vector/Icons/pawn_left.svg using Guid(79043891d18a58e48bcea1de95e20a58) Importer(2089858483,b0f066a214c2f5e87bad3c948f4d605d) (ScriptedImporter) -> (artifact id: 'acfb775ee18a3ba5fccaa3ddb6a1a689') in 0.0216002 seconds
Number of updated asset objects reloaded before import = 0Number of asset objects unloaded after import = 1

========================================================================
Received Import Request.
  Time since last request: 0.000020 seconds.
  path: Assets/3.UI/kenney_desert-shooter-pack_1.0/PNG/Interface/Tilemap/tilemap.png
  artifactKey: Guid(42100eec2aae35f479c0c8cac98f203b) Importer(2089858483,b0f066a214c2f5e87bad3c948f4d605d)
Start importing Assets/3.UI/kenney_desert-shooter-pack_1.0/PNG/Interface/Tilemap/tilemap.png using Guid(42100eec2aae35f479c0c8cac98f203b) Importer(2089858483,b0f066a214c2f5e87bad3c948f4d605d) (ScriptedImporter) -> (artifact id: '90f39721a04159c2ee5296517ad3dd85') in 0.0210147 seconds
Number of updated asset objects reloaded before import = 0Number of asset objects unloaded after import = 1

========================================================================
Received Import Request.
  Time since last request: 0.000032 seconds.
  path: Assets/3.UI/kenney_board-game-icons/Vector/Icons/arrow_clockwise.svg
  artifactKey: Guid(141e55f4a9f12fa41b622b47b5533ade) Importer(2089858483,b0f066a214c2f5e87bad3c948f4d605d)
Start importing Assets/3.UI/kenney_board-game-icons/Vector/Icons/arrow_clockwise.svg using Guid(141e55f4a9f12fa41b622b47b5533ade) Importer(2089858483,b0f066a214c2f5e87bad3c948f4d605d) (ScriptedImporter) -> (artifact id: 'da89f20cce2fd9aef441a280942b82c8') in 0.0188872 seconds
Number of updated asset objects reloaded before import = 0Number of asset objects unloaded after import = 1

========================================================================
Received Import Request.
  Time since last request: 0.000021 seconds.
  path: Assets/3.UI/kenney_board-game-icons/Vector/Icons/tag_9.svg
  artifactKey: Guid(e398d93c56ca3d640962358676867758) Importer(2089858483,b0f066a214c2f5e87bad3c948f4d605d)
Start importing Assets/3.UI/kenney_board-game-icons/Vector/Icons/tag_9.svg using Guid(e398d93c56ca3d640962358676867758) Importer(2089858483,b0f066a214c2f5e87bad3c948f4d605d) (ScriptedImporter) -> (artifact id: 'a001bb083975caf3606465383311f9b2') in 0.0174397 seconds
Number of updated asset objects reloaded before import = 0Number of asset objects unloaded after import = 1

========================================================================
Received Import Request.
  Time since last request: 0.000056 seconds.
  path: Assets/3.UI/kenney_board-game-icons/PNG/Double (128px)/flip_half.png
  artifactKey: Guid(1a7ad397a89329348a50d38a3ffb84cf) Importer(2089858483,b0f066a214c2f5e87bad3c948f4d605d)
Start importing Assets/3.UI/kenney_board-game-icons/PNG/Double (128px)/flip_half.png using Guid(1a7ad397a89329348a50d38a3ffb84cf) Importer(2089858483,b0f066a214c2f5e87bad3c948f4d605d) (ScriptedImporter) -> (artifact id: '0c385af7e1fcee76d12169a492473e23') in 0.0169499 seconds
Number of updated asset objects reloaded before import = 0Number of asset objects unloaded after import = 1

========================================================================
Received Import Request.
  Time since last request: 0.000041 seconds.
  path: Assets/3.UI/kenney_desert-shooter-pack_1.0/Sample B.png
  artifactKey: Guid(7f76cb08e1c63434c979e672c6869225) Importer(2089858483,b0f066a214c2f5e87bad3c948f4d605d)
Start importing Assets/3.UI/kenney_desert-shooter-pack_1.0/Sample B.png using Guid(7f76cb08e1c63434c979e672c6869225) Importer(2089858483,b0f066a214c2f5e87bad3c948f4d605d) (ScriptedImporter) -> (artifact id: '867b797966c3d6efcc11b79d8c530804') in 0.0221437 seconds
Number of updated asset objects reloaded before import = 0Number of asset objects unloaded after import = 1

========================================================================
Received Import Request.
  Time since last request: 0.000164 seconds.
  path: Assets/3.UI/kenney_desert-shooter-pack_1.0/Visit Kenney.url
  artifactKey: Guid(38674991180571e48a3ca3f984c840db) Importer(2089858483,b0f066a214c2f5e87bad3c948f4d605d)
Start importing Assets/3.UI/kenney_desert-shooter-pack_1.0/Visit Kenney.url using Guid(38674991180571e48a3ca3f984c840db) Importer(2089858483,b0f066a214c2f5e87bad3c948f4d605d) (ScriptedImporter) -> (artifact id: '39674abf188a07f797c3b33837669530') in 0.012816 seconds
Number of updated asset objects reloaded before import = 0Number of asset objects unloaded after import = 1

========================================================================
Received Import Request.
  Time since last request: 0.000017 seconds.
  path: Assets/3.UI/kenney_desert-shooter-pack_1.0/PNG/Tiles/Tiles/tile_0033.png
  artifactKey: Guid(163579bf5b025c44ea71b25540b7fd3a) Importer(2089858483,b0f066a214c2f5e87bad3c948f4d605d)
Start importing Assets/3.UI/kenney_desert-shooter-pack_1.0/PNG/Tiles/Tiles/tile_0033.png using Guid(163579bf5b025c44ea71b25540b7fd3a) Importer(2089858483,b0f066a214c2f5e87bad3c948f4d605d) (ScriptedImporter) -> (artifact id: '9be0e65446dc06c5828dfc257028c510') in 0.0203847 seconds
Number of updated asset objects reloaded before import = 0Number of asset objects unloaded after import = 1

========================================================================
Received Import Request.
  Time since last request: 0.000049 seconds.
  path: Assets/3.UI/kenney_board-game-icons/Vector/Icons/timer_CW_50.svg
  artifactKey: Guid(3e7a891213dcabe4882ba4373c7c2cc7) Importer(2089858483,b0f066a214c2f5e87bad3c948f4d605d)
Start importing Assets/3.UI/kenney_board-game-icons/Vector/Icons/timer_CW_50.svg using Guid(3e7a891213dcabe4882ba4373c7c2cc7) Importer(2089858483,b0f066a214c2f5e87bad3c948f4d605d) (ScriptedImporter) -> (artifact id: 'a2e285e9d5e328c21a2d2e7d34f174fb') in 0.0153086 seconds
Number of updated asset objects reloaded before import = 0Number of asset objects unloaded after import = 1

========================================================================
Received Import Request.
  Time since last request: 0.000025 seconds.
  path: Assets/3.UI/kenney_desert-shooter-pack_1.0/PNG/Interface/Tiles/tile_0058.png
  artifactKey: Guid(92e83d37204f13147908eca7a8d60291) Importer(2089858483,b0f066a214c2f5e87bad3c948f4d605d)
Start importing Assets/3.UI/kenney_desert-shooter-pack_1.0/PNG/Interface/Tiles/tile_0058.png using Guid(92e83d37204f13147908eca7a8d60291) Importer(2089858483,b0f066a214c2f5e87bad3c948f4d605d) (ScriptedImporter) -> (artifact id: 'c7f1f06f5127ca60c7ba8db8ce8acae1') in 0.0175071 seconds
Number of updated asset objects reloaded before import = 0Number of asset objects unloaded after import = 1

========================================================================
Received Import Request.
  Time since last request: 0.000030 seconds.
  path: Assets/3.UI/kenney_cursor-pixel-pack/Tiles/tile_0154.png
  artifactKey: Guid(a34d53010f463174e8e9f0bc344e7d0a) Importer(2089858483,b0f066a214c2f5e87bad3c948f4d605d)
Start importing Assets/3.UI/kenney_cursor-pixel-pack/Tiles/tile_0154.png using Guid(a34d53010f463174e8e9f0bc344e7d0a) Importer(2089858483,b0f066a214c2f5e87bad3c948f4d605d) (ScriptedImporter) -> (artifact id: 'eaf1d5cb973612b16ad93e6651e16769') in 0.0293407 seconds
Number of updated asset objects reloaded before import = 0Number of asset objects unloaded after import = 1

========================================================================
Received Import Request.
  Time since last request: 0.000058 seconds.
  path: Assets/3.UI/kenney_board-game-icons/Vector/Icons/dice_out.svg
  artifactKey: Guid(77310a274f814734499965bbe7cef8b1) Importer(2089858483,b0f066a214c2f5e87bad3c948f4d605d)
Start importing Assets/3.UI/kenney_board-game-icons/Vector/Icons/dice_out.svg using Guid(77310a274f814734499965bbe7cef8b1) Importer(2089858483,b0f066a214c2f5e87bad3c948f4d605d) (ScriptedImporter) -> (artifact id: '86f48c559208e31b0bc9679e10391c3a') in 0.0193838 seconds
Number of updated asset objects reloaded before import = 0Number of asset objects unloaded after import = 1

========================================================================
Received Import Request.
  Time since last request: 0.000033 seconds.
  path: Assets/3.UI/kenney_board-game-icons/PNG/Default (64px)/pawn_counterclockwise.png
  artifactKey: Guid(045a45a30d798ad4f9db5e4cb755388d) Importer(2089858483,b0f066a214c2f5e87bad3c948f4d605d)
Start importing Assets/3.UI/kenney_board-game-icons/PNG/Default (64px)/pawn_counterclockwise.png using Guid(045a45a30d798ad4f9db5e4cb755388d) Importer(2089858483,b0f066a214c2f5e87bad3c948f4d605d) (ScriptedImporter) -> (artifact id: '145759478afebd75541d41e6bc23cdff') in 0.0175396 seconds
Number of updated asset objects reloaded before import = 0Number of asset objects unloaded after import = 1

========================================================================
Received Import Request.
  Time since last request: 0.000022 seconds.
  path: Assets/3.UI/kenney_desert-shooter-pack_1.0/PNG/Interface/Tiles/tile_0045.png
  artifactKey: Guid(7035c9bed01f3744f820fc28b938b4d4) Importer(2089858483,b0f066a214c2f5e87bad3c948f4d605d)
Start importing Assets/3.UI/kenney_desert-shooter-pack_1.0/PNG/Interface/Tiles/tile_0045.png using Guid(7035c9bed01f3744f820fc28b938b4d4) Importer(2089858483,b0f066a214c2f5e87bad3c948f4d605d) (ScriptedImporter) -> (artifact id: 'c3c5357b1d179e529151cb777460fc86') in 0.0177693 seconds
Number of updated asset objects reloaded before import = 0Number of asset objects unloaded after import = 1

========================================================================
Received Import Request.
  Time since last request: 0.000052 seconds.
  path: Assets/3.UI/kenney_desert-shooter-pack_1.0/PNG/Interface/Tiles/tile_0121.png
  artifactKey: Guid(10270fde487b1cf44be9cad878340b37) Importer(2089858483,b0f066a214c2f5e87bad3c948f4d605d)
Start importing Assets/3.UI/kenney_desert-shooter-pack_1.0/PNG/Interface/Tiles/tile_0121.png using Guid(10270fde487b1cf44be9cad878340b37) Importer(2089858483,b0f066a214c2f5e87bad3c948f4d605d) (ScriptedImporter) -> (artifact id: 'e3a7d1900e1fa61d6672c79a635a08f5') in 0.0262781 seconds
Number of updated asset objects reloaded before import = 0Number of asset objects unloaded after import = 1

========================================================================
Received Import Request.
  Time since last request: 0.000141 seconds.
  path: Assets/3.UI/kenney_board-game-icons/PNG/Default (64px)/chess_knight.png
  artifactKey: Guid(3f4d226bc436fd744949d39a06a7d22c) Importer(2089858483,b0f066a214c2f5e87bad3c948f4d605d)
Start importing Assets/3.UI/kenney_board-game-icons/PNG/Default (64px)/chess_knight.png using Guid(3f4d226bc436fd744949d39a06a7d22c) Importer(2089858483,b0f066a214c2f5e87bad3c948f4d605d) (ScriptedImporter) -> (artifact id: '0f9c8dbebda39a640c7ee81e138c9f85') in 0.0174865 seconds
Number of updated asset objects reloaded before import = 0Number of asset objects unloaded after import = 1

========================================================================
Received Import Request.
  Time since last request: 0.000019 seconds.
  path: Assets/3.UI/kenney_board-game-icons/PNG/Default (64px)/dice_4.png
  artifactKey: Guid(868263cb4fbc3f641a8eb0b1ba655eb7) Importer(2089858483,b0f066a214c2f5e87bad3c948f4d605d)
Start importing Assets/3.UI/kenney_board-game-icons/PNG/Default (64px)/dice_4.png using Guid(868263cb4fbc3f641a8eb0b1ba655eb7) Importer(2089858483,b0f066a214c2f5e87bad3c948f4d605d) (ScriptedImporter) -> (artifact id: '838caf5606f7b71007d2e99274b7d525') in 0.0173035 seconds
Number of updated asset objects reloaded before import = 0Number of asset objects unloaded after import = 1

========================================================================
Received Import Request.
  Time since last request: 0.000044 seconds.
  path: Assets/3.UI/kenney_board-game-icons/PNG/Double (128px)/card.png
  artifactKey: Guid(6a6cf0736a8e7fc4d94c85065896f4a1) Importer(2089858483,b0f066a214c2f5e87bad3c948f4d605d)
Start importing Assets/3.UI/kenney_board-game-icons/PNG/Double (128px)/card.png using Guid(6a6cf0736a8e7fc4d94c85065896f4a1) Importer(2089858483,b0f066a214c2f5e87bad3c948f4d605d) (ScriptedImporter) -> (artifact id: '0d8dc80277cccb1cd34c9c719001c34d') in 0.0224885 seconds
Number of updated asset objects reloaded before import = 0Number of asset objects unloaded after import = 1

========================================================================
Received Import Request.
  Time since last request: 0.000098 seconds.
  path: Assets/3.UI/kenney_board-game-icons/Vector/Icons/tag_shield_infinite.svg
  artifactKey: Guid(d04cfba41fdde274a8a726f2e8d545e7) Importer(2089858483,b0f066a214c2f5e87bad3c948f4d605d)
Start importing Assets/3.UI/kenney_board-game-icons/Vector/Icons/tag_shield_infinite.svg using Guid(d04cfba41fdde274a8a726f2e8d545e7) Importer(2089858483,b0f066a214c2f5e87bad3c948f4d605d) (ScriptedImporter) -> (artifact id: 'fa480efc042d623c9e19a50d33e37fef') in 0.0172904 seconds
Number of updated asset objects reloaded before import = 0Number of asset objects unloaded after import = 1

========================================================================
Received Import Request.
  Time since last request: 0.000018 seconds.
  path: Assets/3.UI/kenney_board-game-icons/PNG/Default (64px)/card_down_outline.png
  artifactKey: Guid(882fe200d19833941a0176cd9e267cec) Importer(2089858483,b0f066a214c2f5e87bad3c948f4d605d)
Start importing Assets/3.UI/kenney_board-game-icons/PNG/Default (64px)/card_down_outline.png using Guid(882fe200d19833941a0176cd9e267cec) Importer(2089858483,b0f066a214c2f5e87bad3c948f4d605d) (ScriptedImporter) -> (artifact id: '054d84556efce375106f294e5a89eea5') in 0.0222335 seconds
Number of updated asset objects reloaded before import = 0Number of asset objects unloaded after import = 1

========================================================================
Received Import Request.
  Time since last request: 0.000025 seconds.
  path: Assets/3.UI/kenney_desert-shooter-pack_1.0/PNG/Interface/Tiles/tile_0049.png
  artifactKey: Guid(e68eab9e445d0224481fa51c957cf837) Importer(2089858483,b0f066a214c2f5e87bad3c948f4d605d)
Start importing Assets/3.UI/kenney_desert-shooter-pack_1.0/PNG/Interface/Tiles/tile_0049.png using Guid(e68eab9e445d0224481fa51c957cf837) Importer(2089858483,b0f066a214c2f5e87bad3c948f4d605d) (ScriptedImporter) -> (artifact id: '4a027c29e3fc0fe6b91ee1ecf60cff75') in 0.0205453 seconds
Number of updated asset objects reloaded before import = 0Number of asset objects unloaded after import = 1

========================================================================
Received Import Request.
  Time since last request: 0.000022 seconds.
  path: Assets/3.UI/kenney_board-game-icons/PNG/Double (128px)/card_outline_place.png
  artifactKey: Guid(9aa0125c2b65d6d4e86f6094630faadf) Importer(2089858483,b0f066a214c2f5e87bad3c948f4d605d)
Start importing Assets/3.UI/kenney_board-game-icons/PNG/Double (128px)/card_outline_place.png using Guid(9aa0125c2b65d6d4e86f6094630faadf) Importer(2089858483,b0f066a214c2f5e87bad3c948f4d605d) (ScriptedImporter) -> (artifact id: '6cfed6d06d1912e94b5b0a192bcd105e') in 0.0195187 seconds
Number of updated asset objects reloaded before import = 0Number of asset objects unloaded after import = 1

========================================================================
Received Import Request.
  Time since last request: 0.000027 seconds.
  path: Assets/3.UI/kenney_cursor-pixel-pack
  artifactKey: Guid(d40b6ff616723be4d8c274778da3b77e) Importer(2089858483,b0f066a214c2f5e87bad3c948f4d605d)
Start importing Assets/3.UI/kenney_cursor-pixel-pack using Guid(d40b6ff616723be4d8c274778da3b77e) Importer(2089858483,b0f066a214c2f5e87bad3c948f4d605d) (ScriptedImporter) -> (artifact id: '98ee6714779c3e023b9656eeda29f194') in 0.0118143 seconds
Number of updated asset objects reloaded before import = 0Number of asset objects unloaded after import = 1

========================================================================
Received Import Request.
  Time since last request: 0.000026 seconds.
  path: Assets/3.UI/kenney_board-game-icons/PNG/Double (128px)/pouch_add.png
  artifactKey: Guid(9328fd4c57735634b8a87eb1f24ad8c8) Importer(2089858483,b0f066a214c2f5e87bad3c948f4d605d)
Start importing Assets/3.UI/kenney_board-game-icons/PNG/Double (128px)/pouch_add.png using Guid(9328fd4c57735634b8a87eb1f24ad8c8) Importer(2089858483,b0f066a214c2f5e87bad3c948f4d605d) (ScriptedImporter) -> (artifact id: '6d45712ae6ca9f8f53e3823cf6b2b4d8') in 0.0163017 seconds
Number of updated asset objects reloaded before import = 0Number of asset objects unloaded after import = 1

========================================================================
Received Import Request.
  Time since last request: 0.000019 seconds.
  path: Assets/3.UI/kenney_board-game-icons/PNG/Default (64px)/d8_outline.png
  artifactKey: Guid(6043dc2ff1ddad24882ac718fd4a3c32) Importer(2089858483,b0f066a214c2f5e87bad3c948f4d605d)
Start importing Assets/3.UI/kenney_board-game-icons/PNG/Default (64px)/d8_outline.png using Guid(6043dc2ff1ddad24882ac718fd4a3c32) Importer(2089858483,b0f066a214c2f5e87bad3c948f4d605d) (ScriptedImporter) -> (artifact id: '308f0e5b3c5184f9e1b5e85498e8e1e5') in 0.0171945 seconds
Number of updated asset objects reloaded before import = 0Number of asset objects unloaded after import = 1

========================================================================
Received Import Request.
  Time since last request: 0.000020 seconds.
  path: Assets/3.UI/kenney_board-game-icons/Vector/Icons/d10_number.svg
  artifactKey: Guid(f787155b08e010f46945b6030f0bc976) Importer(2089858483,b0f066a214c2f5e87bad3c948f4d605d)
Start importing Assets/3.UI/kenney_board-game-icons/Vector/Icons/d10_number.svg using Guid(f787155b08e010f46945b6030f0bc976) Importer(2089858483,b0f066a214c2f5e87bad3c948f4d605d) (ScriptedImporter) -> (artifact id: '64410f6045d7093a199f5676fd499604') in 0.0179144 seconds
Number of updated asset objects reloaded before import = 0Number of asset objects unloaded after import = 1

========================================================================
Received Import Request.
  Time since last request: 0.000022 seconds.
  path: Assets/3.UI/kenney_board-game-icons/PNG/Default (64px)/cards_shuffle.png
  artifactKey: Guid(e246612466dcd4140bebe4c56a476696) Importer(2089858483,b0f066a214c2f5e87bad3c948f4d605d)
Start importing Assets/3.UI/kenney_board-game-icons/PNG/Default (64px)/cards_shuffle.png using Guid(e246612466dcd4140bebe4c56a476696) Importer(2089858483,b0f066a214c2f5e87bad3c948f4d605d) (ScriptedImporter) -> (artifact id: '9041c38f229d9fc6c7c5fbb481b5b02e') in 0.0230261 seconds
Number of updated asset objects reloaded before import = 0Number of asset objects unloaded after import = 1

========================================================================
Received Import Request.
  Time since last request: 0.000117 seconds.
  path: Assets/3.UI/kenney_board-game-icons/PNG/Default (64px)/resource_apple.png
  artifactKey: Guid(ea9c2df47ad214b4bbd56edb14f0247d) Importer(2089858483,b0f066a214c2f5e87bad3c948f4d605d)
Start importing Assets/3.UI/kenney_board-game-icons/PNG/Default (64px)/resource_apple.png using Guid(ea9c2df47ad214b4bbd56edb14f0247d) Importer(2089858483,b0f066a214c2f5e87bad3c948f4d605d) (ScriptedImporter) -> (artifact id: '8f90418c538bffce78e0acd34b607003') in 0.0188251 seconds
Number of updated asset objects reloaded before import = 0Number of asset objects unloaded after import = 1

========================================================================
Received Import Request.
  Time since last request: 0.000020 seconds.
  path: Assets/3.UI/kenney_cursor-pixel-pack/Tiles/tile_0109.png
  artifactKey: Guid(916a9bc1ffcfa964aa6e50ffd302bb3f) Importer(2089858483,b0f066a214c2f5e87bad3c948f4d605d)
Start importing Assets/3.UI/kenney_cursor-pixel-pack/Tiles/tile_0109.png using Guid(916a9bc1ffcfa964aa6e50ffd302bb3f) Importer(2089858483,b0f066a214c2f5e87bad3c948f4d605d) (ScriptedImporter) -> (artifact id: 'a04dfaadea259307964cdf74e2e2268a') in 0.019129 seconds
Number of updated asset objects reloaded before import = 0Number of asset objects unloaded after import = 1

========================================================================
Received Import Request.
  Time since last request: 0.000019 seconds.
  path: Assets/3.UI/kenney_cursor-pixel-pack/Tiles/tile_0072.png
  artifactKey: Guid(dc08c2e25b3547c48b3625ce0cbfef98) Importer(2089858483,b0f066a214c2f5e87bad3c948f4d605d)
Start importing Assets/3.UI/kenney_cursor-pixel-pack/Tiles/tile_0072.png using Guid(dc08c2e25b3547c48b3625ce0cbfef98) Importer(2089858483,b0f066a214c2f5e87bad3c948f4d605d) (ScriptedImporter) -> (artifact id: 'b65d8a3489dbe42122865549b1e43b29') in 0.017345 seconds
Number of updated asset objects reloaded before import = 0Number of asset objects unloaded after import = 1

========================================================================
Received Import Request.
  Time since last request: 0.000029 seconds.
  path: Assets/3.UI/kenney_board-game-icons/Preview.png
  artifactKey: Guid(c2b8beba147e3c748928afd6b72f55c6) Importer(2089858483,b0f066a214c2f5e87bad3c948f4d605d)
Start importing Assets/3.UI/kenney_board-game-icons/Preview.png using Guid(c2b8beba147e3c748928afd6b72f55c6) Importer(2089858483,b0f066a214c2f5e87bad3c948f4d605d) (ScriptedImporter) -> (artifact id: 'c785c218a6fe1676e6f90b2867f1ede6') in 0.0223164 seconds
Number of updated asset objects reloaded before import = 0Number of asset objects unloaded after import = 1

========================================================================
Received Import Request.
  Time since last request: 0.000038 seconds.
  path: Assets/3.UI/kenney_desert-shooter-pack_1.0/PNG/Players/Tiles/tile_0010.png
  artifactKey: Guid(25e6e59b6dbe30d4daaee899c0045852) Importer(2089858483,b0f066a214c2f5e87bad3c948f4d605d)
Start importing Assets/3.UI/kenney_desert-shooter-pack_1.0/PNG/Players/Tiles/tile_0010.png using Guid(25e6e59b6dbe30d4daaee899c0045852) Importer(2089858483,b0f066a214c2f5e87bad3c948f4d605d) (ScriptedImporter) -> (artifact id: 'cd5a05ee43bc6a64a080356eff896544') in 0.0183183 seconds
Number of updated asset objects reloaded before import = 0Number of asset objects unloaded after import = 1

========================================================================
Received Import Request.
  Time since last request: 0.000018 seconds.
  path: Assets/3.UI/kenney_board-game-icons/PNG/Default (64px)/arrow_reserve.png
  artifactKey: Guid(e300907cc0172204e9f234912ab118e3) Importer(2089858483,b0f066a214c2f5e87bad3c948f4d605d)
Start importing Assets/3.UI/kenney_board-game-icons/PNG/Default (64px)/arrow_reserve.png using Guid(e300907cc0172204e9f234912ab118e3) Importer(2089858483,b0f066a214c2f5e87bad3c948f4d605d) (ScriptedImporter) -> (artifact id: '23cb9f73714973b934d42600ba711642') in 0.0194278 seconds
Number of updated asset objects reloaded before import = 0Number of asset objects unloaded after import = 1

========================================================================
Received Import Request.
  Time since last request: 0.000030 seconds.
  path: Assets/3.UI/kenney_cursor-pixel-pack/Tiles/tile_0175.png
  artifactKey: Guid(60724fde04a5f284fa8a9c05ad1d8c09) Importer(2089858483,b0f066a214c2f5e87bad3c948f4d605d)
Start importing Assets/3.UI/kenney_cursor-pixel-pack/Tiles/tile_0175.png using Guid(60724fde04a5f284fa8a9c05ad1d8c09) Importer(2089858483,b0f066a214c2f5e87bad3c948f4d605d) (ScriptedImporter) -> (artifact id: '850254af63b9e4e5848bc711b4dab9d2') in 0.0184367 seconds
Number of updated asset objects reloaded before import = 0Number of asset objects unloaded after import = 1

========================================================================
Received Import Request.
  Time since last request: 0.000026 seconds.
  path: Assets/3.UI/kenney_board-game-icons/PNG/Double (128px)/cards_collection_outline.png
  artifactKey: Guid(6d4bbc626ee111344b77533511524ebb) Importer(2089858483,b0f066a214c2f5e87bad3c948f4d605d)
Start importing Assets/3.UI/kenney_board-game-icons/PNG/Double (128px)/cards_collection_outline.png using Guid(6d4bbc626ee111344b77533511524ebb) Importer(2089858483,b0f066a214c2f5e87bad3c948f4d605d) (ScriptedImporter) -> (artifact id: '3e6897248dfb27853090126358b64b12') in 0.0187065 seconds
Number of updated asset objects reloaded before import = 0Number of asset objects unloaded after import = 1

========================================================================
Received Import Request.
  Time since last request: 0.000032 seconds.
  path: Assets/3.UI/kenney_board-game-icons/PNG/Double (128px)/card_remove.png
  artifactKey: Guid(046f3fc6148585c4cb31e0aba2b97f8b) Importer(2089858483,b0f066a214c2f5e87bad3c948f4d605d)
Start importing Assets/3.UI/kenney_board-game-icons/PNG/Double (128px)/card_remove.png using Guid(046f3fc6148585c4cb31e0aba2b97f8b) Importer(2089858483,b0f066a214c2f5e87bad3c948f4d605d) (ScriptedImporter) -> (artifact id: 'fec52aab561f01f25aba94e369c141ec') in 0.0159357 seconds
Number of updated asset objects reloaded before import = 0Number of asset objects unloaded after import = 1

========================================================================
Received Import Request.
  Time since last request: 0.000020 seconds.
  path: Assets/3.UI/kenney_board-game-icons/PNG/Double (128px)/pawn_table.png
  artifactKey: Guid(aa374e539a86b6b4eaf7600f2ee5ddf1) Importer(2089858483,b0f066a214c2f5e87bad3c948f4d605d)
Start importing Assets/3.UI/kenney_board-game-icons/PNG/Double (128px)/pawn_table.png using Guid(aa374e539a86b6b4eaf7600f2ee5ddf1) Importer(2089858483,b0f066a214c2f5e87bad3c948f4d605d) (ScriptedImporter) -> (artifact id: '69491e58eae8e6a35afd80cec2e0304d') in 0.0209132 seconds
Number of updated asset objects reloaded before import = 0Number of asset objects unloaded after import = 1

========================================================================
Received Import Request.
  Time since last request: 0.000027 seconds.
  path: Assets/3.UI/kenney_desert-shooter-pack_1.0/PNG/Tiles/Tiles/tile_0072.png
  artifactKey: Guid(47b27c5b1a82ca844bfda530d0822fae) Importer(2089858483,b0f066a214c2f5e87bad3c948f4d605d)
Start importing Assets/3.UI/kenney_desert-shooter-pack_1.0/PNG/Tiles/Tiles/tile_0072.png using Guid(47b27c5b1a82ca844bfda530d0822fae) Importer(2089858483,b0f066a214c2f5e87bad3c948f4d605d) (ScriptedImporter) -> (artifact id: 'b07539c1605bf39482c06e19658ca676') in 0.0273592 seconds
Number of updated asset objects reloaded before import = 0Number of asset objects unloaded after import = 1

========================================================================
Received Import Request.
  Time since last request: 0.000021 seconds.
  path: Assets/3.UI/kenney_board-game-icons/PNG/Default (64px)/cards_diagonal.png
  artifactKey: Guid(0051cb2ad09aa374ba2e8e04ec32e53a) Importer(2089858483,b0f066a214c2f5e87bad3c948f4d605d)
Start importing Assets/3.UI/kenney_board-game-icons/PNG/Default (64px)/cards_diagonal.png using Guid(0051cb2ad09aa374ba2e8e04ec32e53a) Importer(2089858483,b0f066a214c2f5e87bad3c948f4d605d) (ScriptedImporter) -> (artifact id: '403f0b746466349b6e104dcb0e8fa28c') in 0.0222982 seconds
Number of updated asset objects reloaded before import = 0Number of asset objects unloaded after import = 1

========================================================================
Received Import Request.
  Time since last request: 0.000027 seconds.
  path: Assets/3.UI/kenney_cursor-pixel-pack/Tiles/tile_0048.png
  artifactKey: Guid(ddc29a9801c29b54e9f4760cbd5938d0) Importer(2089858483,b0f066a214c2f5e87bad3c948f4d605d)
Start importing Assets/3.UI/kenney_cursor-pixel-pack/Tiles/tile_0048.png using Guid(ddc29a9801c29b54e9f4760cbd5938d0) Importer(2089858483,b0f066a214c2f5e87bad3c948f4d605d) (ScriptedImporter) -> (artifact id: 'bcfc8fb72bf2f8bd7ce6c4d0400a965b') in 0.0279096 seconds
Number of updated asset objects reloaded before import = 0Number of asset objects unloaded after import = 1

========================================================================
Received Import Request.
  Time since last request: 0.000019 seconds.
  path: Assets/3.UI/kenney_desert-shooter-pack_1.0/PNG/Interface/Tiles/tile_0079.png
  artifactKey: Guid(e55849a98acafbe47b67542d087aa2d5) Importer(2089858483,b0f066a214c2f5e87bad3c948f4d605d)
Start importing Assets/3.UI/kenney_desert-shooter-pack_1.0/PNG/Interface/Tiles/tile_0079.png using Guid(e55849a98acafbe47b67542d087aa2d5) Importer(2089858483,b0f066a214c2f5e87bad3c948f4d605d) (ScriptedImporter) -> (artifact id: 'fd1e759ef46090a19452658393c7340c') in 0.0273894 seconds
Number of updated asset objects reloaded before import = 0Number of asset objects unloaded after import = 1

========================================================================
Received Import Request.
  Time since last request: 0.000031 seconds.
  path: Assets/3.UI/kenney_board-game-icons/Tilesheet
  artifactKey: Guid(2b6e2940fb6ee844c862e9aacf88cccb) Importer(2089858483,b0f066a214c2f5e87bad3c948f4d605d)
Start importing Assets/3.UI/kenney_board-game-icons/Tilesheet using Guid(2b6e2940fb6ee844c862e9aacf88cccb) Importer(2089858483,b0f066a214c2f5e87bad3c948f4d605d) (ScriptedImporter) -> (artifact id: 'ba78a86274cfc254dabffd40e771f057') in 0.0125932 seconds
Number of updated asset objects reloaded before import = 0Number of asset objects unloaded after import = 1

========================================================================
Received Import Request.
  Time since last request: 0.000023 seconds.
  path: Assets/3.UI/kenney_desert-shooter-pack_1.0/PNG/Interface/Tiles/tile_0128.png
  artifactKey: Guid(ffb11695f27cb8a4badb55548a322073) Importer(2089858483,b0f066a214c2f5e87bad3c948f4d605d)
Start importing Assets/3.UI/kenney_desert-shooter-pack_1.0/PNG/Interface/Tiles/tile_0128.png using Guid(ffb11695f27cb8a4badb55548a322073) Importer(2089858483,b0f066a214c2f5e87bad3c948f4d605d) (ScriptedImporter) -> (artifact id: '512e0fbfb157dc3da08a5edd861c2e8c') in 0.0263951 seconds
Number of updated asset objects reloaded before import = 0Number of asset objects unloaded after import = 1

========================================================================
Received Import Request.
  Time since last request: 0.000029 seconds.
  path: Assets/3.UI/kenney_cursor-pixel-pack/Tiles/tile_0193.png
  artifactKey: Guid(778243769b26d47449add37f8ce7b5d7) Importer(2089858483,b0f066a214c2f5e87bad3c948f4d605d)
Start importing Assets/3.UI/kenney_cursor-pixel-pack/Tiles/tile_0193.png using Guid(778243769b26d47449add37f8ce7b5d7) Importer(2089858483,b0f066a214c2f5e87bad3c948f4d605d) (ScriptedImporter) -> (artifact id: 'b5164f3b1a1d73e501950e8fd1802a0a') in 0.0203593 seconds
Number of updated asset objects reloaded before import = 0Number of asset objects unloaded after import = 1

========================================================================
Received Import Request.
  Time since last request: 0.000048 seconds.
  path: Assets/3.UI/kenney_desert-shooter-pack_1.0/PNG/Interface/Tiles/tile_0114.png
  artifactKey: Guid(3f474edee7d222e4c9ded082a2e203a3) Importer(2089858483,b0f066a214c2f5e87bad3c948f4d605d)
Start importing Assets/3.UI/kenney_desert-shooter-pack_1.0/PNG/Interface/Tiles/tile_0114.png using Guid(3f474edee7d222e4c9ded082a2e203a3) Importer(2089858483,b0f066a214c2f5e87bad3c948f4d605d) (ScriptedImporter) -> (artifact id: '657b7e8afa12a05c24e2376a3dd6b1b3') in 0.0162904 seconds
Number of updated asset objects reloaded before import = 0Number of asset objects unloaded after import = 1

========================================================================
Received Import Request.
  Time since last request: 0.000017 seconds.
  path: Assets/3.UI/kenney_board-game-icons/PNG/Double (128px)/tokens_stack.png
  artifactKey: Guid(394f4b7dcdc164e4a9a32b0c75e1db68) Importer(2089858483,b0f066a214c2f5e87bad3c948f4d605d)
Start importing Assets/3.UI/kenney_board-game-icons/PNG/Double (128px)/tokens_stack.png using Guid(394f4b7dcdc164e4a9a32b0c75e1db68) Importer(2089858483,b0f066a214c2f5e87bad3c948f4d605d) (ScriptedImporter) -> (artifact id: '4eba0025ebd569c985242f1f937656ab') in 0.0208952 seconds
Number of updated asset objects reloaded before import = 0Number of asset objects unloaded after import = 1

========================================================================
Received Import Request.
  Time since last request: 0.000020 seconds.
  path: Assets/3.UI/kenney_board-game-icons/PNG/Double (128px)/d10_number.png
  artifactKey: Guid(feb22768c96c64642a3e03ecf1300600) Importer(2089858483,b0f066a214c2f5e87bad3c948f4d605d)
Start importing Assets/3.UI/kenney_board-game-icons/PNG/Double (128px)/d10_number.png using Guid(feb22768c96c64642a3e03ecf1300600) Importer(2089858483,b0f066a214c2f5e87bad3c948f4d605d) (ScriptedImporter) -> (artifact id: 'ab7115ad5d70c56fabbf5d660b0ed90a') in 0.0218896 seconds
Number of updated asset objects reloaded before import = 0Number of asset objects unloaded after import = 1

========================================================================
Received Import Request.
  Time since last request: 0.000115 seconds.
  path: Assets/3.UI/kenney_board-game-icons/PNG/Default (64px)/d6_outline.png
  artifactKey: Guid(32b9e02d8c769034ca2237586c8e04d6) Importer(2089858483,b0f066a214c2f5e87bad3c948f4d605d)
Start importing Assets/3.UI/kenney_board-game-icons/PNG/Default (64px)/d6_outline.png using Guid(32b9e02d8c769034ca2237586c8e04d6) Importer(2089858483,b0f066a214c2f5e87bad3c948f4d605d) (ScriptedImporter) -> (artifact id: '52c7969c923ef1ae32b9b11e1624aa6c') in 0.0204444 seconds
Number of updated asset objects reloaded before import = 0Number of asset objects unloaded after import = 1

========================================================================
Received Import Request.
  Time since last request: 0.000020 seconds.
  path: Assets/3.UI/kenney_board-game-icons/PNG/Default (64px)/card_tap_outline_down.png
  artifactKey: Guid(febf6754dae059c43ab1b2f8fded13b8) Importer(2089858483,b0f066a214c2f5e87bad3c948f4d605d)
Start importing Assets/3.UI/kenney_board-game-icons/PNG/Default (64px)/card_tap_outline_down.png using Guid(febf6754dae059c43ab1b2f8fded13b8) Importer(2089858483,b0f066a214c2f5e87bad3c948f4d605d) (ScriptedImporter) -> (artifact id: '2a7a35fc13e425850ca316362dc6795a') in 0.0172788 seconds
Number of updated asset objects reloaded before import = 0Number of asset objects unloaded after import = 1

========================================================================
Received Import Request.
  Time since last request: 0.000019 seconds.
  path: Assets/3.UI/kenney_desert-shooter-pack_1.0/PNG/Interface/Tiles
  artifactKey: Guid(ce18e7712d2b35b46a3e7331ace25fc4) Importer(2089858483,b0f066a214c2f5e87bad3c948f4d605d)
Start importing Assets/3.UI/kenney_desert-shooter-pack_1.0/PNG/Interface/Tiles using Guid(ce18e7712d2b35b46a3e7331ace25fc4) Importer(2089858483,b0f066a214c2f5e87bad3c948f4d605d) (ScriptedImporter) -> (artifact id: 'ac49e63d04f519db9e53fc5451c08c7e') in 0.0134949 seconds
Number of updated asset objects reloaded before import = 0Number of asset objects unloaded after import = 1

========================================================================
Received Import Request.
  Time since last request: 0.000023 seconds.
  path: Assets/3.UI/kenney_board-game-icons/Vector/Icons/book_closed.svg
  artifactKey: Guid(3f439a29079fac4419c69f0f0503c932) Importer(2089858483,b0f066a214c2f5e87bad3c948f4d605d)
Start importing Assets/3.UI/kenney_board-game-icons/Vector/Icons/book_closed.svg using Guid(3f439a29079fac4419c69f0f0503c932) Importer(2089858483,b0f066a214c2f5e87bad3c948f4d605d) (ScriptedImporter) -> (artifact id: '77423c2abd2e463ad5f285ebbe7191bc') in 0.0193009 seconds
Number of updated asset objects reloaded before import = 0Number of asset objects unloaded after import = 1

========================================================================
Received Import Request.
  Time since last request: 0.000023 seconds.
  path: Assets/3.UI/kenney_board-game-icons/PNG/Double (128px)/character.png
  artifactKey: Guid(9d350fa93c88bf74789e16a1affe107d) Importer(2089858483,b0f066a214c2f5e87bad3c948f4d605d)
Start importing Assets/3.UI/kenney_board-game-icons/PNG/Double (128px)/character.png using Guid(9d350fa93c88bf74789e16a1affe107d) Importer(2089858483,b0f066a214c2f5e87bad3c948f4d605d) (ScriptedImporter) -> (artifact id: '2e0bbc28f7771d649e4d175d0226f9ca') in 0.0174445 seconds
Number of updated asset objects reloaded before import = 0Number of asset objects unloaded after import = 1

========================================================================
Received Import Request.
  Time since last request: 0.000032 seconds.
  path: Assets/3.UI/kenney_board-game-icons/Vector/Icons/chess_knight.svg
  artifactKey: Guid(c1b868a4f90a2b9488d488ec178c8fab) Importer(2089858483,b0f066a214c2f5e87bad3c948f4d605d)
Start importing Assets/3.UI/kenney_board-game-icons/Vector/Icons/chess_knight.svg using Guid(c1b868a4f90a2b9488d488ec178c8fab) Importer(2089858483,b0f066a214c2f5e87bad3c948f4d605d) (ScriptedImporter) -> (artifact id: '91cddd17ace749011d7f02c8100d998b') in 0.0160419 seconds
Number of updated asset objects reloaded before import = 0Number of asset objects unloaded after import = 1

========================================================================
Received Import Request.
  Time since last request: 0.000020 seconds.
  path: Assets/3.UI/kenney_board-game-icons/PNG/Double (128px)/card_tap.png
  artifactKey: Guid(1085b50673589f14e9c8e0d7893af33a) Importer(2089858483,b0f066a214c2f5e87bad3c948f4d605d)
Start importing Assets/3.UI/kenney_board-game-icons/PNG/Double (128px)/card_tap.png using Guid(1085b50673589f14e9c8e0d7893af33a) Importer(2089858483,b0f066a214c2f5e87bad3c948f4d605d) (ScriptedImporter) -> (artifact id: '028aeeb2c4bdced92c3e9f7ce6076bb7') in 0.0177118 seconds
Number of updated asset objects reloaded before import = 0Number of asset objects unloaded after import = 1

========================================================================
Received Import Request.
  Time since last request: 0.000025 seconds.
  path: Assets/3.UI/kenney_cursor-pixel-pack/Tiles/tile_0077.png
  artifactKey: Guid(015d56f4c719c2e46a0b3c74b1fa627f) Importer(2089858483,b0f066a214c2f5e87bad3c948f4d605d)
Start importing Assets/3.UI/kenney_cursor-pixel-pack/Tiles/tile_0077.png using Guid(015d56f4c719c2e46a0b3c74b1fa627f) Importer(2089858483,b0f066a214c2f5e87bad3c948f4d605d) (ScriptedImporter) -> (artifact id: '13b5f6056bd530f468d0ee6d76ddcb2b') in 0.0173144 seconds
Number of updated asset objects reloaded before import = 0Number of asset objects unloaded after import = 1

========================================================================
Received Import Request.
  Time since last request: 0.000023 seconds.
  path: Assets/3.UI/kenney_desert-shooter-pack_1.0/Sounds/move-b.ogg
  artifactKey: Guid(c81f7538c10900d49a9e3ea39286361d) Importer(2089858483,b0f066a214c2f5e87bad3c948f4d605d)
Start importing Assets/3.UI/kenney_desert-shooter-pack_1.0/Sounds/move-b.ogg using Guid(c81f7538c10900d49a9e3ea39286361d) Importer(2089858483,b0f066a214c2f5e87bad3c948f4d605d) (ScriptedImporter) -> (artifact id: '1b1fd436c56d3e12ae85b183f1aa43b4') in 0.0286735 seconds
Number of updated asset objects reloaded before import = 0Number of asset objects unloaded after import = 1

========================================================================
Received Import Request.
  Time since last request: 0.000044 seconds.
  path: Assets/3.UI/kenney_board-game-icons/PNG/Default (64px)/d10_outline_number.png
  artifactKey: Guid(aca09af24a494bb4abb54ce93657367a) Importer(2089858483,b0f066a214c2f5e87bad3c948f4d605d)
Start importing Assets/3.UI/kenney_board-game-icons/PNG/Default (64px)/d10_outline_number.png using Guid(aca09af24a494bb4abb54ce93657367a) Importer(2089858483,b0f066a214c2f5e87bad3c948f4d605d) (ScriptedImporter) -> (artifact id: 'f2c0e2f51c73ff21e120d9128cc57672') in 0.0170111 seconds
Number of updated asset objects reloaded before import = 0Number of asset objects unloaded after import = 1

========================================================================
Received Import Request.
  Time since last request: 0.000021 seconds.
  path: Assets/3.UI/kenney_board-game-icons/PNG/Double (128px)/d2_number.png
  artifactKey: Guid(2c2cb90177e09c343b89583c8796d586) Importer(2089858483,b0f066a214c2f5e87bad3c948f4d605d)
Start importing Assets/3.UI/kenney_board-game-icons/PNG/Double (128px)/d2_number.png using Guid(2c2cb90177e09c343b89583c8796d586) Importer(2089858483,b0f066a214c2f5e87bad3c948f4d605d) (ScriptedImporter) -> (artifact id: 'c1fb167284aeb1d87a87e55314605470') in 0.01863 seconds
Number of updated asset objects reloaded before import = 0Number of asset objects unloaded after import = 1

========================================================================
Received Import Request.
  Time since last request: 0.000039 seconds.
  path: Assets/3.UI/kenney_desert-shooter-pack_1.0/Sounds/coin-a.ogg
  artifactKey: Guid(01e59e6b3196d0840afb11a23ac7b991) Importer(2089858483,b0f066a214c2f5e87bad3c948f4d605d)
Start importing Assets/3.UI/kenney_desert-shooter-pack_1.0/Sounds/coin-a.ogg using Guid(01e59e6b3196d0840afb11a23ac7b991) Importer(2089858483,b0f066a214c2f5e87bad3c948f4d605d) (ScriptedImporter) -> (artifact id: '82706479c01623df82d67f4f61f3d006') in 0.0372542 seconds
Number of updated asset objects reloaded before import = 0Number of asset objects unloaded after import = 1

========================================================================
Received Import Request.
  Time since last request: 0.000050 seconds.
  path: Assets/3.UI/kenney_board-game-icons/Vector/Icons/direction_e.svg
  artifactKey: Guid(69976c53f9062bf43b7a8032930f2b72) Importer(2089858483,b0f066a214c2f5e87bad3c948f4d605d)
Start importing Assets/3.UI/kenney_board-game-icons/Vector/Icons/direction_e.svg using Guid(69976c53f9062bf43b7a8032930f2b72) Importer(2089858483,b0f066a214c2f5e87bad3c948f4d605d) (ScriptedImporter) -> (artifact id: '2de1e7e4e649797dc8b948089029e767') in 0.0142732 seconds
Number of updated asset objects reloaded before import = 0Number of asset objects unloaded after import = 1

========================================================================
Received Import Request.
  Time since last request: 0.000030 seconds.
  path: Assets/3.UI/kenney_desert-shooter-pack_1.0/PNG/Interface/Tiles/tile_0024.png
  artifactKey: Guid(080bbeb79e6c4f74a89127619bb6f385) Importer(2089858483,b0f066a214c2f5e87bad3c948f4d605d)
Start importing Assets/3.UI/kenney_desert-shooter-pack_1.0/PNG/Interface/Tiles/tile_0024.png using Guid(080bbeb79e6c4f74a89127619bb6f385) Importer(2089858483,b0f066a214c2f5e87bad3c948f4d605d) (ScriptedImporter) -> (artifact id: '4ddfae46468230313542b1e29db46adb') in 0.0201192 seconds
Number of updated asset objects reloaded before import = 0Number of asset objects unloaded after import = 1

========================================================================
Received Import Request.
  Time since last request: 0.000017 seconds.
  path: Assets/3.UI/kenney_desert-shooter-pack_1.0/PNG/Interface/Tiles/tile_0143.png
  artifactKey: Guid(606065b59a1f4f9429a8e70890917dda) Importer(2089858483,b0f066a214c2f5e87bad3c948f4d605d)
Start importing Assets/3.UI/kenney_desert-shooter-pack_1.0/PNG/Interface/Tiles/tile_0143.png using Guid(606065b59a1f4f9429a8e70890917dda) Importer(2089858483,b0f066a214c2f5e87bad3c948f4d605d) (ScriptedImporter) -> (artifact id: '35d5f003cda9fb5fbf260d6768929de2') in 0.0175992 seconds
Number of updated asset objects reloaded before import = 0Number of asset objects unloaded after import = 1

========================================================================
Received Import Request.
  Time since last request: 0.000029 seconds.
  path: Assets/3.UI/kenney_board-game-icons/Vector/Icons/tag_empty.svg
  artifactKey: Guid(f1b4ef6277d95584e8b691485652821d) Importer(2089858483,b0f066a214c2f5e87bad3c948f4d605d)
Start importing Assets/3.UI/kenney_board-game-icons/Vector/Icons/tag_empty.svg using Guid(f1b4ef6277d95584e8b691485652821d) Importer(2089858483,b0f066a214c2f5e87bad3c948f4d605d) (ScriptedImporter) -> (artifact id: '667131253df86572e4e061c60060a60c') in 0.0157738 seconds
Number of updated asset objects reloaded before import = 0Number of asset objects unloaded after import = 1

========================================================================
Received Import Request.
  Time since last request: 0.000029 seconds.
  path: Assets/3.UI/kenney_board-game-icons/Vector/Icons/card_tap_down.svg
  artifactKey: Guid(e1f423322e50c9341bedb02abff6c5c2) Importer(2089858483,b0f066a214c2f5e87bad3c948f4d605d)
Start importing Assets/3.UI/kenney_board-game-icons/Vector/Icons/card_tap_down.svg using Guid(e1f423322e50c9341bedb02abff6c5c2) Importer(2089858483,b0f066a214c2f5e87bad3c948f4d605d) (ScriptedImporter) -> (artifact id: '38598b29eb991b757b7f62cba468b44f') in 0.0189799 seconds
Number of updated asset objects reloaded before import = 0Number of asset objects unloaded after import = 1

========================================================================
Received Import Request.
  Time since last request: 0.000079 seconds.
  path: Assets/3.UI/kenney_desert-shooter-pack_1.0/PNG/Tiles/Tiles/tile_0043.png
  artifactKey: Guid(e1e6cc31c2b52c84d9bab774b00cd016) Importer(2089858483,b0f066a214c2f5e87bad3c948f4d605d)
Start importing Assets/3.UI/kenney_desert-shooter-pack_1.0/PNG/Tiles/Tiles/tile_0043.png using Guid(e1e6cc31c2b52c84d9bab774b00cd016) Importer(2089858483,b0f066a214c2f5e87bad3c948f4d605d) (ScriptedImporter) -> (artifact id: '59dc16019030382b366ec0b30f72bd08') in 0.0230726 seconds
Number of updated asset objects reloaded before import = 0Number of asset objects unloaded after import = 1

========================================================================
Received Import Request.
  Time since last request: 0.000016 seconds.
  path: Assets/3.UI/kenney_desert-shooter-pack_1.0/PNG/Tiles/Tiles/tile_0097.png
  artifactKey: Guid(b91a70e4e14704249b2e6e4fa24c1ea0) Importer(2089858483,b0f066a214c2f5e87bad3c948f4d605d)
Start importing Assets/3.UI/kenney_desert-shooter-pack_1.0/PNG/Tiles/Tiles/tile_0097.png using Guid(b91a70e4e14704249b2e6e4fa24c1ea0) Importer(2089858483,b0f066a214c2f5e87bad3c948f4d605d) (ScriptedImporter) -> (artifact id: 'f90dd4e19534904bde8c4649bd668866') in 0.0173473 seconds
Number of updated asset objects reloaded before import = 0Number of asset objects unloaded after import = 1

========================================================================
Received Import Request.
  Time since last request: 0.000021 seconds.
  path: Assets/3.UI/kenney_board-game-icons/PNG/Double (128px)/direction_w.png
  artifactKey: Guid(dde3456bd936d6b41b3983fcd25a28d8) Importer(2089858483,b0f066a214c2f5e87bad3c948f4d605d)
Start importing Assets/3.UI/kenney_board-game-icons/PNG/Double (128px)/direction_w.png using Guid(dde3456bd936d6b41b3983fcd25a28d8) Importer(2089858483,b0f066a214c2f5e87bad3c948f4d605d) (ScriptedImporter) -> (artifact id: '327144e865b2d4f5a7cebe56c979debc') in 0.0261234 seconds
Number of updated asset objects reloaded before import = 0Number of asset objects unloaded after import = 1

========================================================================
Received Import Request.
  Time since last request: 0.000019 seconds.
  path: Assets/3.UI/kenney_board-game-icons/PNG/Double (128px)/puzzle.png
  artifactKey: Guid(9b4aabbb7670dd3498a779ae884131d3) Importer(2089858483,b0f066a214c2f5e87bad3c948f4d605d)
Start importing Assets/3.UI/kenney_board-game-icons/PNG/Double (128px)/puzzle.png using Guid(9b4aabbb7670dd3498a779ae884131d3) Importer(2089858483,b0f066a214c2f5e87bad3c948f4d605d) (ScriptedImporter) -> (artifact id: '3e5c0bd71712f648cb379e60bd4dea75') in 0.0215833 seconds
Number of updated asset objects reloaded before import = 0Number of asset objects unloaded after import = 1

========================================================================
Received Import Request.
  Time since last request: 0.000046 seconds.
  path: Assets/3.UI/kenney_desert-shooter-pack_1.0/PNG/Tiles/Tiles/tile_0046.png
  artifactKey: Guid(1ec400052cc717347aecd65f3783a484) Importer(2089858483,b0f066a214c2f5e87bad3c948f4d605d)
Start importing Assets/3.UI/kenney_desert-shooter-pack_1.0/PNG/Tiles/Tiles/tile_0046.png using Guid(1ec400052cc717347aecd65f3783a484) Importer(2089858483,b0f066a214c2f5e87bad3c948f4d605d) (ScriptedImporter) -> (artifact id: '2882bde1a4938cd632f45082c354bfa0') in 0.0215255 seconds
Number of updated asset objects reloaded before import = 0Number of asset objects unloaded after import = 1

========================================================================
Received Import Request.
  Time since last request: 0.000015 seconds.
  path: Assets/3.UI/kenney_board-game-icons/Vector/Icons/direction_w.svg
  artifactKey: Guid(ab68cebab77e15e4683474da62c5b93d) Importer(2089858483,b0f066a214c2f5e87bad3c948f4d605d)
Start importing Assets/3.UI/kenney_board-game-icons/Vector/Icons/direction_w.svg using Guid(ab68cebab77e15e4683474da62c5b93d) Importer(2089858483,b0f066a214c2f5e87bad3c948f4d605d) (ScriptedImporter) -> (artifact id: 'd9a39e519c39726e2000f5720a944a74') in 0.0183539 seconds
Number of updated asset objects reloaded before import = 0Number of asset objects unloaded after import = 1

========================================================================
Received Import Request.
  Time since last request: 0.000017 seconds.
  path: Assets/3.UI/kenney_board-game-icons/PNG/Double (128px)/pawn_clockwise.png
  artifactKey: Guid(0d51ad16a5cdc5b45a12c53c4b69e04a) Importer(2089858483,b0f066a214c2f5e87bad3c948f4d605d)
Start importing Assets/3.UI/kenney_board-game-icons/PNG/Double (128px)/pawn_clockwise.png using Guid(0d51ad16a5cdc5b45a12c53c4b69e04a) Importer(2089858483,b0f066a214c2f5e87bad3c948f4d605d) (ScriptedImporter) -> (artifact id: '81a7dd0f22672cfd2e76b696df4d5785') in 0.0214345 seconds
Number of updated asset objects reloaded before import = 0Number of asset objects unloaded after import = 1

========================================================================
Received Import Request.
  Time since last request: 0.000021 seconds.
  path: Assets/3.UI/kenney_desert-shooter-pack_1.0/Sounds/jump-e.ogg
  artifactKey: Guid(3679f898c6a35fc4c8874a3918d423b4) Importer(2089858483,b0f066a214c2f5e87bad3c948f4d605d)
Start importing Assets/3.UI/kenney_desert-shooter-pack_1.0/Sounds/jump-e.ogg using Guid(3679f898c6a35fc4c8874a3918d423b4) Importer(2089858483,b0f066a214c2f5e87bad3c948f4d605d) (ScriptedImporter) -> (artifact id: 'ae462eb1ce15711ea50fe8aa9c1ec51c') in 0.0314898 seconds
Number of updated asset objects reloaded before import = 0Number of asset objects unloaded after import = 1

========================================================================
Received Import Request.
  Time since last request: 0.000032 seconds.
  path: Assets/3.UI/kenney_board-game-icons/Vector/Icons/d3_number.svg
  artifactKey: Guid(9e9d406247e949b43bf488616deb80f9) Importer(2089858483,b0f066a214c2f5e87bad3c948f4d605d)
Start importing Assets/3.UI/kenney_board-game-icons/Vector/Icons/d3_number.svg using Guid(9e9d406247e949b43bf488616deb80f9) Importer(2089858483,b0f066a214c2f5e87bad3c948f4d605d) (ScriptedImporter) -> (artifact id: 'd33b63c6f321aece32b2ca10cad12dee') in 0.0248355 seconds
Number of updated asset objects reloaded before import = 0Number of asset objects unloaded after import = 1

========================================================================
Received Import Request.
  Time since last request: 0.000021 seconds.
  path: Assets/3.UI/kenney_board-game-icons/PNG/Default (64px)/chess_rook.png
  artifactKey: Guid(6572ec744990f8f41bd7cea4df1e82e9) Importer(2089858483,b0f066a214c2f5e87bad3c948f4d605d)
Start importing Assets/3.UI/kenney_board-game-icons/PNG/Default (64px)/chess_rook.png using Guid(6572ec744990f8f41bd7cea4df1e82e9) Importer(2089858483,b0f066a214c2f5e87bad3c948f4d605d) (ScriptedImporter) -> (artifact id: '1da301bba1142d18586ea6a01d184e19') in 0.0181204 seconds
Number of updated asset objects reloaded before import = 0Number of asset objects unloaded after import = 1

========================================================================
Received Import Request.
  Time since last request: 0.000017 seconds.
  path: Assets/3.UI/kenney_board-game-icons/Vector/Icons/cards_collection_outline.svg
  artifactKey: Guid(67578c921f71f1340b42ac88c87b7620) Importer(2089858483,b0f066a214c2f5e87bad3c948f4d605d)
Start importing Assets/3.UI/kenney_board-game-icons/Vector/Icons/cards_collection_outline.svg using Guid(67578c921f71f1340b42ac88c87b7620) Importer(2089858483,b0f066a214c2f5e87bad3c948f4d605d) (ScriptedImporter) -> (artifact id: '9769733e45f2d8392a248584aa8d4dce') in 0.0167491 seconds
Number of updated asset objects reloaded before import = 0Number of asset objects unloaded after import = 1

========================================================================
Received Import Request.
  Time since last request: 0.000019 seconds.
  path: Assets/3.UI/kenney_board-game-icons/Vector/Icons/tag_shield_8.svg
  artifactKey: Guid(0d16efbb8ac0e654bb5dc71fad21254e) Importer(2089858483,b0f066a214c2f5e87bad3c948f4d605d)
Start importing Assets/3.UI/kenney_board-game-icons/Vector/Icons/tag_shield_8.svg using Guid(0d16efbb8ac0e654bb5dc71fad21254e) Importer(2089858483,b0f066a214c2f5e87bad3c948f4d605d) (ScriptedImporter) -> (artifact id: 'f92a3ddea733e77b44d9a554fd7c0c64') in 0.0225959 seconds
Number of updated asset objects reloaded before import = 0Number of asset objects unloaded after import = 1

========================================================================
Received Import Request.
  Time since last request: 0.000026 seconds.
  path: Assets/3.UI/kenney_board-game-icons/PNG/Default (64px)/crown_b.png
  artifactKey: Guid(f1b9561dd30dcf74cb576014c5167096) Importer(2089858483,b0f066a214c2f5e87bad3c948f4d605d)
Start importing Assets/3.UI/kenney_board-game-icons/PNG/Default (64px)/crown_b.png using Guid(f1b9561dd30dcf74cb576014c5167096) Importer(2089858483,b0f066a214c2f5e87bad3c948f4d605d) (ScriptedImporter) -> (artifact id: '970d1b2d6e7d48b913540c22fe172907') in 0.0229475 seconds
Number of updated asset objects reloaded before import = 0Number of asset objects unloaded after import = 1

========================================================================
Received Import Request.
  Time since last request: 0.000017 seconds.
  path: Assets/3.UI/kenney_board-game-icons/PNG/Default (64px)/token.png
  artifactKey: Guid(0d3297adc3c7b8449b8a9ffd5500b710) Importer(2089858483,b0f066a214c2f5e87bad3c948f4d605d)
Start importing Assets/3.UI/kenney_board-game-icons/PNG/Default (64px)/token.png using Guid(0d3297adc3c7b8449b8a9ffd5500b710) Importer(2089858483,b0f066a214c2f5e87bad3c948f4d605d) (ScriptedImporter) -> (artifact id: '2bc59f3f69b9d21a4bd639f3b4770ac9') in 0.0238455 seconds
Number of updated asset objects reloaded before import = 0Number of asset objects unloaded after import = 1

========================================================================
Received Import Request.
  Time since last request: 0.000018 seconds.
  path: Assets/3.UI/kenney_board-game-icons/PNG/Default (64px)/crown_a.png
  artifactKey: Guid(7c03f603f32053340b909418852b5ccf) Importer(2089858483,b0f066a214c2f5e87bad3c948f4d605d)
Start importing Assets/3.UI/kenney_board-game-icons/PNG/Default (64px)/crown_a.png using Guid(7c03f603f32053340b909418852b5ccf) Importer(2089858483,b0f066a214c2f5e87bad3c948f4d605d) (ScriptedImporter) -> (artifact id: 'a9da556fc5828515b6955af45842ea5f') in 0.0251507 seconds
Number of updated asset objects reloaded before import = 0Number of asset objects unloaded after import = 1

========================================================================
Received Import Request.
  Time since last request: 0.000018 seconds.
  path: Assets/3.UI/kenney_desert-shooter-pack_1.0/Sounds/lose-a.ogg
  artifactKey: Guid(529df86243caae0469a1e01f9ecf622e) Importer(2089858483,b0f066a214c2f5e87bad3c948f4d605d)
Start importing Assets/3.UI/kenney_desert-shooter-pack_1.0/Sounds/lose-a.ogg using Guid(529df86243caae0469a1e01f9ecf622e) Importer(2089858483,b0f066a214c2f5e87bad3c948f4d605d) (ScriptedImporter) -> (artifact id: 'ae778f9520b0e9fd472429158eaf3c04') in 0.0455765 seconds
Number of updated asset objects reloaded before import = 0Number of asset objects unloaded after import = 1

========================================================================
Received Import Request.
  Time since last request: 0.000058 seconds.
  path: Assets/3.UI/kenney_board-game-icons/Vector/Icons/tag_d6_5.svg
  artifactKey: Guid(5062d8ea01b987b4ba3641198921e108) Importer(2089858483,b0f066a214c2f5e87bad3c948f4d605d)
Start importing Assets/3.UI/kenney_board-game-icons/Vector/Icons/tag_d6_5.svg using Guid(5062d8ea01b987b4ba3641198921e108) Importer(2089858483,b0f066a214c2f5e87bad3c948f4d605d) (ScriptedImporter) -> (artifact id: 'd03d9c3e2f3597e7c9df279b8279c80b') in 0.0239423 seconds
Number of updated asset objects reloaded before import = 0Number of asset objects unloaded after import = 1

========================================================================
Received Import Request.
  Time since last request: 0.000016 seconds.
  path: Assets/3.UI/kenney_cursor-pixel-pack/Tiles/tile_0065.png
  artifactKey: Guid(c015bdc3184ac9c4a81f5a2bc743b07e) Importer(2089858483,b0f066a214c2f5e87bad3c948f4d605d)
Start importing Assets/3.UI/kenney_cursor-pixel-pack/Tiles/tile_0065.png using Guid(c015bdc3184ac9c4a81f5a2bc743b07e) Importer(2089858483,b0f066a214c2f5e87bad3c948f4d605d) (ScriptedImporter) -> (artifact id: 'e04344ce7e88759d237058207ca3e805') in 0.0213107 seconds
Number of updated asset objects reloaded before import = 0Number of asset objects unloaded after import = 1

========================================================================
Received Import Request.
  Time since last request: 0.000020 seconds.
  path: Assets/3.UI/kenney_board-game-icons/PNG/Default (64px)/award.png
  artifactKey: Guid(e45c6772a747e4642b33caa7edc4e5ef) Importer(2089858483,b0f066a214c2f5e87bad3c948f4d605d)
Start importing Assets/3.UI/kenney_board-game-icons/PNG/Default (64px)/award.png using Guid(e45c6772a747e4642b33caa7edc4e5ef) Importer(2089858483,b0f066a214c2f5e87bad3c948f4d605d) (ScriptedImporter) -> (artifact id: 'f83db65ec36a782d6f94c88284db8331') in 0.0227841 seconds
Number of updated asset objects reloaded before import = 0Number of asset objects unloaded after import = 1

========================================================================
Received Import Request.
  Time since last request: 0.000023 seconds.
  path: Assets/3.UI/kenney_board-game-icons/PNG/Double (128px)/card_tap_outline_up.png
  artifactKey: Guid(7597deeaddc26464bbfad86ca69f3f92) Importer(2089858483,b0f066a214c2f5e87bad3c948f4d605d)
Start importing Assets/3.UI/kenney_board-game-icons/PNG/Double (128px)/card_tap_outline_up.png using Guid(7597deeaddc26464bbfad86ca69f3f92) Importer(2089858483,b0f066a214c2f5e87bad3c948f4d605d) (ScriptedImporter) -> (artifact id: '6fe67c892850e1a828857b2dec0051bc') in 0.0235607 seconds
Number of updated asset objects reloaded before import = 0Number of asset objects unloaded after import = 1

========================================================================
Received Import Request.
  Time since last request: 0.000043 seconds.
  path: Assets/3.UI/kenney_desert-shooter-pack_1.0/PNG/Players/Tilemap/tilemap_packed.png
  artifactKey: Guid(4f67700abae369246a493dfafe18d732) Importer(2089858483,b0f066a214c2f5e87bad3c948f4d605d)
Start importing Assets/3.UI/kenney_desert-shooter-pack_1.0/PNG/Players/Tilemap/tilemap_packed.png using Guid(4f67700abae369246a493dfafe18d732) Importer(2089858483,b0f066a214c2f5e87bad3c948f4d605d) (ScriptedImporter) -> (artifact id: 'd3abfc880040e0c6807d51c7cc62fd44') in 0.0255451 seconds
Number of updated asset objects reloaded before import = 0Number of asset objects unloaded after import = 1

========================================================================
Received Import Request.
  Time since last request: 0.000016 seconds.
  path: Assets/3.UI/kenney_cursor-pixel-pack/Tiles/tile_0009.png
  artifactKey: Guid(7783941ebff8cb340a907b9b61143736) Importer(2089858483,b0f066a214c2f5e87bad3c948f4d605d)
Start importing Assets/3.UI/kenney_cursor-pixel-pack/Tiles/tile_0009.png using Guid(7783941ebff8cb340a907b9b61143736) Importer(2089858483,b0f066a214c2f5e87bad3c948f4d605d) (ScriptedImporter) -> (artifact id: 'abb05ef02b94ed516e24f03a8ce3d87a') in 0.0276191 seconds
Number of updated asset objects reloaded before import = 0Number of asset objects unloaded after import = 1

========================================================================
Received Import Request.
  Time since last request: 0.000015 seconds.
  path: Assets/3.UI/kenney_cursor-pixel-pack/Tiles/tile_0134.png
  artifactKey: Guid(ab0b987cb9435584d9c27f26ef46d1bc) Importer(2089858483,b0f066a214c2f5e87bad3c948f4d605d)
Start importing Assets/3.UI/kenney_cursor-pixel-pack/Tiles/tile_0134.png using Guid(ab0b987cb9435584d9c27f26ef46d1bc) Importer(2089858483,b0f066a214c2f5e87bad3c948f4d605d) (ScriptedImporter) -> (artifact id: '85ffd82a670bb84d929b18a803be7858') in 0.0231507 seconds
Number of updated asset objects reloaded before import = 0Number of asset objects unloaded after import = 1

========================================================================
Received Import Request.
  Time since last request: 0.000019 seconds.
  path: Assets/3.UI/kenney_desert-shooter-pack_1.0/PNG/Interface/Tiles/tile_0019.png
  artifactKey: Guid(5cb958113f326674685e126fffe5c173) Importer(2089858483,b0f066a214c2f5e87bad3c948f4d605d)
Start importing Assets/3.UI/kenney_desert-shooter-pack_1.0/PNG/Interface/Tiles/tile_0019.png using Guid(5cb958113f326674685e126fffe5c173) Importer(2089858483,b0f066a214c2f5e87bad3c948f4d605d) (ScriptedImporter) -> (artifact id: '9968f5f588408b7f5de48c9a355375ce') in 0.0259857 seconds
Number of updated asset objects reloaded before import = 0Number of asset objects unloaded after import = 1

========================================================================
Received Import Request.
  Time since last request: 0.000026 seconds.
  path: Assets/3.UI/kenney_board-game-icons/PNG/Double (128px)/hexagon_outline.png
  artifactKey: Guid(b8e5155f470707a4dae0b9845935d5e6) Importer(2089858483,b0f066a214c2f5e87bad3c948f4d605d)
Start importing Assets/3.UI/kenney_board-game-icons/PNG/Double (128px)/hexagon_outline.png using Guid(b8e5155f470707a4dae0b9845935d5e6) Importer(2089858483,b0f066a214c2f5e87bad3c948f4d605d) (ScriptedImporter) -> (artifact id: 'ac70020d3afd97a28d28ee83639aeb02') in 0.0231057 seconds
Number of updated asset objects reloaded before import = 0Number of asset objects unloaded after import = 1

========================================================================
Received Import Request.
  Time since last request: 0.000016 seconds.
  path: Assets/3.UI/kenney_board-game-icons/Vector/Icons/crown_b.svg
  artifactKey: Guid(4c3a082e501caa448993cece58ec0a15) Importer(2089858483,b0f066a214c2f5e87bad3c948f4d605d)
Start importing Assets/3.UI/kenney_board-game-icons/Vector/Icons/crown_b.svg using Guid(4c3a082e501caa448993cece58ec0a15) Importer(2089858483,b0f066a214c2f5e87bad3c948f4d605d) (ScriptedImporter) -> (artifact id: 'e16e64a842bd92c7e9514005894a5a66') in 0.0206765 seconds
Number of updated asset objects reloaded before import = 0Number of asset objects unloaded after import = 1

========================================================================
Received Import Request.
  Time since last request: 0.000016 seconds.
  path: Assets/3.UI/kenney_cursor-pixel-pack/Tiles/tile_0003.png
  artifactKey: Guid(d762a962ceb55894d8f5bfc6323c068b) Importer(2089858483,b0f066a214c2f5e87bad3c948f4d605d)
Start importing Assets/3.UI/kenney_cursor-pixel-pack/Tiles/tile_0003.png using Guid(d762a962ceb55894d8f5bfc6323c068b) Importer(2089858483,b0f066a214c2f5e87bad3c948f4d605d) (ScriptedImporter) -> (artifact id: 'd2482ea07f6ad8f3b165c1c931535313') in 0.022008 seconds
Number of updated asset objects reloaded before import = 0Number of asset objects unloaded after import = 1

========================================================================
Received Import Request.
  Time since last request: 0.000040 seconds.
  path: Assets/3.UI/kenney_desert-shooter-pack_1.0/PNG/Tiles/Tiles/tile_0122.png
  artifactKey: Guid(a5f1a90dd5da6a848a8a671acd094e80) Importer(2089858483,b0f066a214c2f5e87bad3c948f4d605d)
Start importing Assets/3.UI/kenney_desert-shooter-pack_1.0/PNG/Tiles/Tiles/tile_0122.png using Guid(a5f1a90dd5da6a848a8a671acd094e80) Importer(2089858483,b0f066a214c2f5e87bad3c948f4d605d) (ScriptedImporter) -> (artifact id: 'f6b619bbdee136dcec62dab6d7fcc2a4') in 0.0237368 seconds
Number of updated asset objects reloaded before import = 0Number of asset objects unloaded after import = 1

========================================================================
Received Import Request.
  Time since last request: 0.000027 seconds.
  path: Assets/3.UI/kenney_board-game-icons/PNG/Default (64px)/tag_shield_infinite.png
  artifactKey: Guid(9f9ed15a365c45c409e67ebbacf4cc2f) Importer(2089858483,b0f066a214c2f5e87bad3c948f4d605d)
Start importing Assets/3.UI/kenney_board-game-icons/PNG/Default (64px)/tag_shield_infinite.png using Guid(9f9ed15a365c45c409e67ebbacf4cc2f) Importer(2089858483,b0f066a214c2f5e87bad3c948f4d605d) (ScriptedImporter) -> (artifact id: '156d467d40666fd54d2777bb58e2a9b5') in 0.0216125 seconds
Number of updated asset objects reloaded before import = 0Number of asset objects unloaded after import = 1

========================================================================
Received Import Request.
  Time since last request: 0.000019 seconds.
  path: Assets/3.UI/kenney_board-game-icons/PNG/Default (64px)/d10_number.png
  artifactKey: Guid(83ea16e664758734a86c95df30e64447) Importer(2089858483,b0f066a214c2f5e87bad3c948f4d605d)
Start importing Assets/3.UI/kenney_board-game-icons/PNG/Default (64px)/d10_number.png using Guid(83ea16e664758734a86c95df30e64447) Importer(2089858483,b0f066a214c2f5e87bad3c948f4d605d) (ScriptedImporter) -> (artifact id: 'fbadb40e6b8a080c277e1c422749d28a') in 0.0263414 seconds
Number of updated asset objects reloaded before import = 0Number of asset objects unloaded after import = 1

========================================================================
Received Import Request.
  Time since last request: 0.000019 seconds.
  path: Assets/3.UI/kenney_board-game-icons/PNG/Default (64px)/hexagon.png
  artifactKey: Guid(fbe511e5ae4b83e47bc9ed616968daee) Importer(2089858483,b0f066a214c2f5e87bad3c948f4d605d)
Start importing Assets/3.UI/kenney_board-game-icons/PNG/Default (64px)/hexagon.png using Guid(fbe511e5ae4b83e47bc9ed616968daee) Importer(2089858483,b0f066a214c2f5e87bad3c948f4d605d) (ScriptedImporter) -> (artifact id: '3753b330d803679b08e60ae12c6ff38c') in 0.0208091 seconds
Number of updated asset objects reloaded before import = 0Number of asset objects unloaded after import = 1

========================================================================
Received Import Request.
  Time since last request: 0.000027 seconds.
  path: Assets/3.UI/kenney_board-game-icons/Vector/Icons/structure_farm.svg
  artifactKey: Guid(5c8813612f576f64399421fd0ba8b3b3) Importer(2089858483,b0f066a214c2f5e87bad3c948f4d605d)
Start importing Assets/3.UI/kenney_board-game-icons/Vector/Icons/structure_farm.svg using Guid(5c8813612f576f64399421fd0ba8b3b3) Importer(2089858483,b0f066a214c2f5e87bad3c948f4d605d) (ScriptedImporter) -> (artifact id: 'af7ded56dd0f32e319cad85243443b3b') in 0.0160038 seconds
Number of updated asset objects reloaded before import = 0Number of asset objects unloaded after import = 1

========================================================================
Received Import Request.
  Time since last request: 0.000071 seconds.
  path: Assets/3.UI/kenney_desert-shooter-pack_1.0/PNG/Tiles/Tiles/tile_0005.png
  artifactKey: Guid(436c097e01963c5498be16000b8befa9) Importer(2089858483,b0f066a214c2f5e87bad3c948f4d605d)
Start importing Assets/3.UI/kenney_desert-shooter-pack_1.0/PNG/Tiles/Tiles/tile_0005.png using Guid(436c097e01963c5498be16000b8befa9) Importer(2089858483,b0f066a214c2f5e87bad3c948f4d605d) (ScriptedImporter) -> (artifact id: '5a1dc4d608e9b329dac0cf04cfba917d') in 0.0187043 seconds
Number of updated asset objects reloaded before import = 0Number of asset objects unloaded after import = 1

========================================================================
Received Import Request.
  Time since last request: 0.000030 seconds.
  path: Assets/3.UI/kenney_board-game-icons/PNG/Default (64px)/card_add.png
  artifactKey: Guid(18a6e1529bf3bd740b8a9f6f91102c1e) Importer(2089858483,b0f066a214c2f5e87bad3c948f4d605d)
Start importing Assets/3.UI/kenney_board-game-icons/PNG/Default (64px)/card_add.png using Guid(18a6e1529bf3bd740b8a9f6f91102c1e) Importer(2089858483,b0f066a214c2f5e87bad3c948f4d605d) (ScriptedImporter) -> (artifact id: 'cd8d08eb0718d10a139d479bc5eb6285') in 0.0187378 seconds
Number of updated asset objects reloaded before import = 0Number of asset objects unloaded after import = 1

========================================================================
Received Import Request.
  Time since last request: 0.000017 seconds.
  path: Assets/3.UI/kenney_desert-shooter-pack_1.0/PNG/Weapons/Tiles/tile_0002.png
  artifactKey: Guid(103d457ff68608e40a792a8adafdadfa) Importer(2089858483,b0f066a214c2f5e87bad3c948f4d605d)
Start importing Assets/3.UI/kenney_desert-shooter-pack_1.0/PNG/Weapons/Tiles/tile_0002.png using Guid(103d457ff68608e40a792a8adafdadfa) Importer(2089858483,b0f066a214c2f5e87bad3c948f4d605d) (ScriptedImporter) -> (artifact id: '2d2c74e909ab9846393d41504e5e7e43') in 0.0209997 seconds
Number of updated asset objects reloaded before import = 0Number of asset objects unloaded after import = 1

========================================================================
Received Import Request.
  Time since last request: 0.000028 seconds.
  path: Assets/3.UI/kenney_desert-shooter-pack_1.0/PNG/Tiles/Tiles/tile_0021.png
  artifactKey: Guid(7ca15b94ba45db34fba236b510703d0c) Importer(2089858483,b0f066a214c2f5e87bad3c948f4d605d)
Start importing Assets/3.UI/kenney_desert-shooter-pack_1.0/PNG/Tiles/Tiles/tile_0021.png using Guid(7ca15b94ba45db34fba236b510703d0c) Importer(2089858483,b0f066a214c2f5e87bad3c948f4d605d) (ScriptedImporter) -> (artifact id: 'ea7e3402072616d5ea1347e23fd4c90a') in 0.0238744 seconds
Number of updated asset objects reloaded before import = 0Number of asset objects unloaded after import = 1

========================================================================
Received Import Request.
  Time since last request: 0.000029 seconds.
  path: Assets/3.UI/kenney_cursor-pixel-pack/Tiles/tile_0170.png
  artifactKey: Guid(394afe84b5824634ea60d3fd6a191861) Importer(2089858483,b0f066a214c2f5e87bad3c948f4d605d)
Start importing Assets/3.UI/kenney_cursor-pixel-pack/Tiles/tile_0170.png using Guid(394afe84b5824634ea60d3fd6a191861) Importer(2089858483,b0f066a214c2f5e87bad3c948f4d605d) (ScriptedImporter) -> (artifact id: '3cf2635548f1829461c88b41ab66dc6d') in 0.020611 seconds
Number of updated asset objects reloaded before import = 0Number of asset objects unloaded after import = 1

========================================================================
Received Import Request.
  Time since last request: 0.000021 seconds.
  path: Assets/3.UI/kenney_board-game-icons/PNG/Default (64px)/tag_shield.png
  artifactKey: Guid(cab96e36d8c486947ad3120c97f55c3e) Importer(2089858483,b0f066a214c2f5e87bad3c948f4d605d)
Start importing Assets/3.UI/kenney_board-game-icons/PNG/Default (64px)/tag_shield.png using Guid(cab96e36d8c486947ad3120c97f55c3e) Importer(2089858483,b0f066a214c2f5e87bad3c948f4d605d) (ScriptedImporter) -> (artifact id: 'd86ec5fe722b930f7a34877e6382c875') in 0.0260723 seconds
Number of updated asset objects reloaded before import = 0Number of asset objects unloaded after import = 1

========================================================================
Received Import Request.
  Time since last request: 0.000016 seconds.
  path: Assets/3.UI/kenney_cursor-pixel-pack/Tiles/tile_0212.png
  artifactKey: Guid(9bc8042e8fbdf094d8b4863cae060420) Importer(2089858483,b0f066a214c2f5e87bad3c948f4d605d)
Start importing Assets/3.UI/kenney_cursor-pixel-pack/Tiles/tile_0212.png using Guid(9bc8042e8fbdf094d8b4863cae060420) Importer(2089858483,b0f066a214c2f5e87bad3c948f4d605d) (ScriptedImporter) -> (artifact id: '50cc528e2539bfb3273e905d56ffc064') in 0.0211669 seconds
Number of updated asset objects reloaded before import = 0Number of asset objects unloaded after import = 1

========================================================================
Received Import Request.
  Time since last request: 0.000019 seconds.
  path: Assets/3.UI/kenney_board-game-icons/PNG/Default (64px)/d20.png
  artifactKey: Guid(d6b1788b170c4b64da65fc0b9a65807b) Importer(2089858483,b0f066a214c2f5e87bad3c948f4d605d)
Start importing Assets/3.UI/kenney_board-game-icons/PNG/Default (64px)/d20.png using Guid(d6b1788b170c4b64da65fc0b9a65807b) Importer(2089858483,b0f066a214c2f5e87bad3c948f4d605d) (ScriptedImporter) -> (artifact id: '0198293ac502bad4b64ec3a38021b6c3') in 0.0290489 seconds
Number of updated asset objects reloaded before import = 0Number of asset objects unloaded after import = 1

========================================================================
Received Import Request.
  Time since last request: 0.000027 seconds.
  path: Assets/3.UI/kenney_board-game-icons/Vector/Icons/card_remove.svg
  artifactKey: Guid(b5dd0634c17f64e46ac2a45c9b19d1d9) Importer(2089858483,b0f066a214c2f5e87bad3c948f4d605d)
Start importing Assets/3.UI/kenney_board-game-icons/Vector/Icons/card_remove.svg using Guid(b5dd0634c17f64e46ac2a45c9b19d1d9) Importer(2089858483,b0f066a214c2f5e87bad3c948f4d605d) (ScriptedImporter) -> (artifact id: '36d26bc4b2ef174034669d457903fbdd') in 0.0233075 seconds
Number of updated asset objects reloaded before import = 0Number of asset objects unloaded after import = 1

========================================================================
Received Import Request.
  Time since last request: 0.000016 seconds.
  path: Assets/3.UI/kenney_board-game-icons/Tilesheet/iconsDouble.png
  artifactKey: Guid(677e6dfe35b6e1a4d81a5a42b5540f55) Importer(2089858483,b0f066a214c2f5e87bad3c948f4d605d)
Start importing Assets/3.UI/kenney_board-game-icons/Tilesheet/iconsDouble.png using Guid(677e6dfe35b6e1a4d81a5a42b5540f55) Importer(2089858483,b0f066a214c2f5e87bad3c948f4d605d) (ScriptedImporter) -> (artifact id: '0aa4ae69af9ac314c2df2dc13c290af0') in 0.0262616 seconds
Number of updated asset objects reloaded before import = 0Number of asset objects unloaded after import = 1

========================================================================
Received Import Request.
  Time since last request: 0.000015 seconds.
  path: Assets/3.UI/kenney_board-game-icons/Vector/Icons/token_in.svg
  artifactKey: Guid(363ede054e2539d4cafe57a8d6e158d5) Importer(2089858483,b0f066a214c2f5e87bad3c948f4d605d)
Start importing Assets/3.UI/kenney_board-game-icons/Vector/Icons/token_in.svg using Guid(363ede054e2539d4cafe57a8d6e158d5) Importer(2089858483,b0f066a214c2f5e87bad3c948f4d605d) (ScriptedImporter) -> (artifact id: 'f4e2bff2768d7116647141a9ea81626e') in 0.0214237 seconds
Number of updated asset objects reloaded before import = 0Number of asset objects unloaded after import = 1

========================================================================
Received Import Request.
  Time since last request: 0.000024 seconds.
  path: Assets/3.UI/kenney_desert-shooter-pack_1.0/PNG/Interface/Tiles/tile_0177.png
  artifactKey: Guid(486309799df11ac4ea33f12847273384) Importer(2089858483,b0f066a214c2f5e87bad3c948f4d605d)
Start importing Assets/3.UI/kenney_desert-shooter-pack_1.0/PNG/Interface/Tiles/tile_0177.png using Guid(486309799df11ac4ea33f12847273384) Importer(2089858483,b0f066a214c2f5e87bad3c948f4d605d) (ScriptedImporter) -> (artifact id: '5d13ab889b99cde41f5531ea263742b3') in 0.0286664 seconds
Number of updated asset objects reloaded before import = 0Number of asset objects unloaded after import = 1

========================================================================
Received Import Request.
  Time since last request: 0.000027 seconds.
  path: Assets/3.UI/kenney_desert-shooter-pack_1.0/PNG/Tiles/Tiles/tile_0026.png
  artifactKey: Guid(55d0e577cdf4ce4439f6b3f7f8789add) Importer(2089858483,b0f066a214c2f5e87bad3c948f4d605d)
Start importing Assets/3.UI/kenney_desert-shooter-pack_1.0/PNG/Tiles/Tiles/tile_0026.png using Guid(55d0e577cdf4ce4439f6b3f7f8789add) Importer(2089858483,b0f066a214c2f5e87bad3c948f4d605d) (ScriptedImporter) -> (artifact id: '5a20a7a49f34fb467e9c35ca04698e2f') in 0.0275089 seconds
Number of updated asset objects reloaded before import = 0Number of asset objects unloaded after import = 1

========================================================================
Received Import Request.
  Time since last request: 0.000017 seconds.
  path: Assets/3.UI/kenney_board-game-icons/PNG/Double (128px)/structure_church.png
  artifactKey: Guid(ce97eb11f0a9d0142976649693e36fb1) Importer(2089858483,b0f066a214c2f5e87bad3c948f4d605d)
Start importing Assets/3.UI/kenney_board-game-icons/PNG/Double (128px)/structure_church.png using Guid(ce97eb11f0a9d0142976649693e36fb1) Importer(2089858483,b0f066a214c2f5e87bad3c948f4d605d) (ScriptedImporter) -> (artifact id: 'b9c85a43cb804464c9a36ef0df24e146') in 0.0260674 seconds
Number of updated asset objects reloaded before import = 0Number of asset objects unloaded after import = 1

========================================================================
Received Import Request.
  Time since last request: 0.000049 seconds.
  path: Assets/3.UI/kenney_board-game-icons/PNG/Double (128px)/tag_shield_6.png
  artifactKey: Guid(c432e4f8a173f84438bdab3042f1aedd) Importer(2089858483,b0f066a214c2f5e87bad3c948f4d605d)
Start importing Assets/3.UI/kenney_board-game-icons/PNG/Double (128px)/tag_shield_6.png using Guid(c432e4f8a173f84438bdab3042f1aedd) Importer(2089858483,b0f066a214c2f5e87bad3c948f4d605d) (ScriptedImporter) -> (artifact id: 'ddc01399ac7c37b2a72455ca1c2d077e') in 0.0235903 seconds
Number of updated asset objects reloaded before import = 0Number of asset objects unloaded after import = 1

========================================================================
Received Import Request.
  Time since last request: 0.000025 seconds.
  path: Assets/3.UI/kenney_cursor-pixel-pack/Tiles/tile_0203.png
  artifactKey: Guid(7d9b27d5072016b4aa5ac3bcf699786c) Importer(2089858483,b0f066a214c2f5e87bad3c948f4d605d)
Start importing Assets/3.UI/kenney_cursor-pixel-pack/Tiles/tile_0203.png using Guid(7d9b27d5072016b4aa5ac3bcf699786c) Importer(2089858483,b0f066a214c2f5e87bad3c948f4d605d) (ScriptedImporter) -> (artifact id: '38e48cb7d9b886188cdc0558ebaebae6') in 0.0247704 seconds
Number of updated asset objects reloaded before import = 0Number of asset objects unloaded after import = 1

========================================================================
Received Import Request.
  Time since last request: 0.000027 seconds.
  path: Assets/3.UI/kenney_desert-shooter-pack_1.0/PNG/Weapons/Tiles/tile_0011.png
  artifactKey: Guid(2032baa656278e449805440d2547bc61) Importer(2089858483,b0f066a214c2f5e87bad3c948f4d605d)
Start importing Assets/3.UI/kenney_desert-shooter-pack_1.0/PNG/Weapons/Tiles/tile_0011.png using Guid(2032baa656278e449805440d2547bc61) Importer(2089858483,b0f066a214c2f5e87bad3c948f4d605d) (ScriptedImporter) -> (artifact id: 'cb052c2f36f2bf7f567e95957dc8e802') in 0.0249896 seconds
Number of updated asset objects reloaded before import = 0Number of asset objects unloaded after import = 1

========================================================================
Received Import Request.
  Time since last request: 0.000021 seconds.
  path: Assets/3.UI/kenney_desert-shooter-pack_1.0/PNG/Tiles/Tiles/tile_0163.png
  artifactKey: Guid(16f7d3bf001b2ee4ea3145ecc00c7d05) Importer(2089858483,b0f066a214c2f5e87bad3c948f4d605d)
Start importing Assets/3.UI/kenney_desert-shooter-pack_1.0/PNG/Tiles/Tiles/tile_0163.png using Guid(16f7d3bf001b2ee4ea3145ecc00c7d05) Importer(2089858483,b0f066a214c2f5e87bad3c948f4d605d) (ScriptedImporter) -> (artifact id: 'd2abc2b11b1c29aed3001e9ae90cc2c9') in 0.0220119 seconds
Number of updated asset objects reloaded before import = 0Number of asset objects unloaded after import = 1

========================================================================
Received Import Request.
  Time since last request: 0.000015 seconds.
  path: Assets/3.UI/kenney_desert-shooter-pack_1.0/PNG/Tiles/Tiles/tile_0034.png
  artifactKey: Guid(63001cf37b1697e44a92123f13fc9e6b) Importer(2089858483,b0f066a214c2f5e87bad3c948f4d605d)
Start importing Assets/3.UI/kenney_desert-shooter-pack_1.0/PNG/Tiles/Tiles/tile_0034.png using Guid(63001cf37b1697e44a92123f13fc9e6b) Importer(2089858483,b0f066a214c2f5e87bad3c948f4d605d) (ScriptedImporter) -> (artifact id: '946c4fb8dac33032d79f835ca94b0e13') in 0.0290401 seconds
Number of updated asset objects reloaded before import = 0Number of asset objects unloaded after import = 1

========================================================================
Received Import Request.
  Time since last request: 0.000018 seconds.
  path: Assets/3.UI/kenney_board-game-icons/PNG/Default (64px)/card_remove.png
  artifactKey: Guid(574d8482119d12648b8e9e01d8429407) Importer(2089858483,b0f066a214c2f5e87bad3c948f4d605d)
Start importing Assets/3.UI/kenney_board-game-icons/PNG/Default (64px)/card_remove.png using Guid(574d8482119d12648b8e9e01d8429407) Importer(2089858483,b0f066a214c2f5e87bad3c948f4d605d) (ScriptedImporter) -> (artifact id: 'f53c96e5adecce789a8312fa23467a1b') in 0.0246789 seconds
Number of updated asset objects reloaded before import = 0Number of asset objects unloaded after import = 1

========================================================================
Received Import Request.
  Time since last request: 0.000030 seconds.
  path: Assets/3.UI/kenney_desert-shooter-pack_1.0/PNG/Interface/Tiles/tile_0080.png
  artifactKey: Guid(e8a14103ba2cad84c82d6bcf40f6d703) Importer(2089858483,b0f066a214c2f5e87bad3c948f4d605d)
Start importing Assets/3.UI/kenney_desert-shooter-pack_1.0/PNG/Interface/Tiles/tile_0080.png using Guid(e8a14103ba2cad84c82d6bcf40f6d703) Importer(2089858483,b0f066a214c2f5e87bad3c948f4d605d) (ScriptedImporter) -> (artifact id: '502ce82781280c00b777949182490ee5') in 0.0225814 seconds
Number of updated asset objects reloaded before import = 0Number of asset objects unloaded after import = 1

========================================================================
Received Import Request.
  Time since last request: 0.000015 seconds.
  path: Assets/3.UI/kenney_board-game-icons/PNG/Double (128px)/dice_6.png
  artifactKey: Guid(e7b145d682500da4db444edc32b79626) Importer(2089858483,b0f066a214c2f5e87bad3c948f4d605d)
Start importing Assets/3.UI/kenney_board-game-icons/PNG/Double (128px)/dice_6.png using Guid(e7b145d682500da4db444edc32b79626) Importer(2089858483,b0f066a214c2f5e87bad3c948f4d605d) (ScriptedImporter) -> (artifact id: '9575e79b6429b2e472d71219f0f02852') in 0.0214287 seconds
Number of updated asset objects reloaded before import = 0Number of asset objects unloaded after import = 1

========================================================================
Received Import Request.
  Time since last request: 0.000054 seconds.
  path: Assets/3.UI/kenney_desert-shooter-pack_1.0/PNG/Tiles/Tiles/tile_0052.png
  artifactKey: Guid(0c8a654488c31dc40ae1a7ed30cb7177) Importer(2089858483,b0f066a214c2f5e87bad3c948f4d605d)
Start importing Assets/3.UI/kenney_desert-shooter-pack_1.0/PNG/Tiles/Tiles/tile_0052.png using Guid(0c8a654488c31dc40ae1a7ed30cb7177) Importer(2089858483,b0f066a214c2f5e87bad3c948f4d605d) (ScriptedImporter) -> (artifact id: '3edf38c8b2fb4bb0384f78a5f71029cd') in 0.0208601 seconds
Number of updated asset objects reloaded before import = 0Number of asset objects unloaded after import = 1

========================================================================
Received Import Request.
  Time since last request: 0.000021 seconds.
  path: Assets/3.UI/kenney_board-game-icons/Vector/Icons/skull.svg
  artifactKey: Guid(46b71a88e6de7e04693f3073a69c74a7) Importer(2089858483,b0f066a214c2f5e87bad3c948f4d605d)
Start importing Assets/3.UI/kenney_board-game-icons/Vector/Icons/skull.svg using Guid(46b71a88e6de7e04693f3073a69c74a7) Importer(2089858483,b0f066a214c2f5e87bad3c948f4d605d) (ScriptedImporter) -> (artifact id: '0a7681e5d2cb69236e0454269424cb9e') in 0.0168774 seconds
Number of updated asset objects reloaded before import = 0Number of asset objects unloaded after import = 1

========================================================================
Received Import Request.
  Time since last request: 0.000027 seconds.
  path: Assets/3.UI/kenney_desert-shooter-pack_1.0/PNG/Tiles/Tiles/tile_0074.png
  artifactKey: Guid(6899bd02a9a19e44db225f9636d466eb) Importer(2089858483,b0f066a214c2f5e87bad3c948f4d605d)
Start importing Assets/3.UI/kenney_desert-shooter-pack_1.0/PNG/Tiles/Tiles/tile_0074.png using Guid(6899bd02a9a19e44db225f9636d466eb) Importer(2089858483,b0f066a214c2f5e87bad3c948f4d605d) (ScriptedImporter) -> (artifact id: '425a3d97e7e899e568e5d63f4a8d9c07') in 0.0172526 seconds
Number of updated asset objects reloaded before import = 0Number of asset objects unloaded after import = 1

========================================================================
Received Import Request.
  Time since last request: 0.000016 seconds.
  path: Assets/3.UI/kenney_board-game-icons/PNG/Default (64px)/suit_clubs.png
  artifactKey: Guid(a4d37e495f314d6438d9a205f2729e01) Importer(2089858483,b0f066a214c2f5e87bad3c948f4d605d)
Start importing Assets/3.UI/kenney_board-game-icons/PNG/Default (64px)/suit_clubs.png using Guid(a4d37e495f314d6438d9a205f2729e01) Importer(2089858483,b0f066a214c2f5e87bad3c948f4d605d) (ScriptedImporter) -> (artifact id: '3f9cd224461c171259d41975b1b596a3') in 0.0191916 seconds
Number of updated asset objects reloaded before import = 0Number of asset objects unloaded after import = 1

========================================================================
Received Import Request.
  Time since last request: 0.000026 seconds.
  path: Assets/3.UI/kenney_cursor-pixel-pack/Tiles/tile_0079.png
  artifactKey: Guid(7878eff318d79e641aa66306847d7196) Importer(2089858483,b0f066a214c2f5e87bad3c948f4d605d)
Start importing Assets/3.UI/kenney_cursor-pixel-pack/Tiles/tile_0079.png using Guid(7878eff318d79e641aa66306847d7196) Importer(2089858483,b0f066a214c2f5e87bad3c948f4d605d) (ScriptedImporter) -> (artifact id: '1ffc5b8f4b4bc86f0b4dbe65fcf24568') in 0.0173535 seconds
Number of updated asset objects reloaded before import = 0Number of asset objects unloaded after import = 1

========================================================================
Received Import Request.
  Time since last request: 0.000023 seconds.
  path: Assets/3.UI/kenney_desert-shooter-pack_1.0/PNG/Tiles/Tiles/tile_0130.png
  artifactKey: Guid(5c87a620dda50c8459b36ad74181a49b) Importer(2089858483,b0f066a214c2f5e87bad3c948f4d605d)
Start importing Assets/3.UI/kenney_desert-shooter-pack_1.0/PNG/Tiles/Tiles/tile_0130.png using Guid(5c87a620dda50c8459b36ad74181a49b) Importer(2089858483,b0f066a214c2f5e87bad3c948f4d605d) (ScriptedImporter) -> (artifact id: '2222c9ef7c91c729039ff25683230cef') in 0.0234615 seconds
Number of updated asset objects reloaded before import = 0Number of asset objects unloaded after import = 1

========================================================================
Received Import Request.
  Time since last request: 0.000019 seconds.
  path: Assets/3.UI/kenney_cursor-pixel-pack/Tiles/tile_0152.png
  artifactKey: Guid(c36ef1ecd8fd16c47acfc6b5ae67ad60) Importer(2089858483,b0f066a214c2f5e87bad3c948f4d605d)
Start importing Assets/3.UI/kenney_cursor-pixel-pack/Tiles/tile_0152.png using Guid(c36ef1ecd8fd16c47acfc6b5ae67ad60) Importer(2089858483,b0f066a214c2f5e87bad3c948f4d605d) (ScriptedImporter) -> (artifact id: '00ec406e8855ee853250459e73203c51') in 0.0194501 seconds
Number of updated asset objects reloaded before import = 0Number of asset objects unloaded after import = 1

========================================================================
Received Import Request.
  Time since last request: 0.000027 seconds.
  path: Assets/3.UI/kenney_cursor-pixel-pack/Tiles/tile_0180.png
  artifactKey: Guid(c1f8b9b0b9bbcff4a9aa6b15370fbfe3) Importer(2089858483,b0f066a214c2f5e87bad3c948f4d605d)
Start importing Assets/3.UI/kenney_cursor-pixel-pack/Tiles/tile_0180.png using Guid(c1f8b9b0b9bbcff4a9aa6b15370fbfe3) Importer(2089858483,b0f066a214c2f5e87bad3c948f4d605d) (ScriptedImporter) -> (artifact id: '2367a884514ab26601d81462b594662b') in 0.0221216 seconds
Number of updated asset objects reloaded before import = 0Number of asset objects unloaded after import = 1

========================================================================
Received Import Request.
  Time since last request: 0.000019 seconds.
  path: Assets/3.UI/kenney_board-game-icons/PNG/Default (64px)/cards_stack_high.png
  artifactKey: Guid(fa810e953f1ca4e49ba6fa01d56b7337) Importer(2089858483,b0f066a214c2f5e87bad3c948f4d605d)
Start importing Assets/3.UI/kenney_board-game-icons/PNG/Default (64px)/cards_stack_high.png using Guid(fa810e953f1ca4e49ba6fa01d56b7337) Importer(2089858483,b0f066a214c2f5e87bad3c948f4d605d) (ScriptedImporter) -> (artifact id: '4743cdd4729b48ac5c461a5498897c85') in 0.0231248 seconds
Number of updated asset objects reloaded before import = 0Number of asset objects unloaded after import = 1

========================================================================
Received Import Request.
  Time since last request: 0.000018 seconds.
  path: Assets/3.UI/kenney_desert-shooter-pack_1.0/PNG/Interface/Tiles/tile_0129.png
  artifactKey: Guid(28e5e94cb924da747ace53ceb990180a) Importer(2089858483,b0f066a214c2f5e87bad3c948f4d605d)
Start importing Assets/3.UI/kenney_desert-shooter-pack_1.0/PNG/Interface/Tiles/tile_0129.png using Guid(28e5e94cb924da747ace53ceb990180a) Importer(2089858483,b0f066a214c2f5e87bad3c948f4d605d) (ScriptedImporter) -> (artifact id: '9c6288e7c919b060dc5f75764f85d963') in 0.0226216 seconds
Number of updated asset objects reloaded before import = 0Number of asset objects unloaded after import = 1

========================================================================
Received Import Request.
  Time since last request: 0.000019 seconds.
  path: Assets/3.UI/kenney_desert-shooter-pack_1.0/PNG/Weapons/Tiles/tile_0028.png
  artifactKey: Guid(d66801d5512066b45805250f3252bc29) Importer(2089858483,b0f066a214c2f5e87bad3c948f4d605d)
Start importing Assets/3.UI/kenney_desert-shooter-pack_1.0/PNG/Weapons/Tiles/tile_0028.png using Guid(d66801d5512066b45805250f3252bc29) Importer(2089858483,b0f066a214c2f5e87bad3c948f4d605d) (ScriptedImporter) -> (artifact id: '69ab65139a48e0c1fae3ec320e3dd8f0') in 0.0165514 seconds
Number of updated asset objects reloaded before import = 0Number of asset objects unloaded after import = 1

========================================================================
Received Import Request.
  Time since last request: 0.000114 seconds.
  path: Assets/3.UI/kenney_board-game-icons/PNG/Default (64px)/dice_empty.png
  artifactKey: Guid(041c7f6d38338af4fbfb83f0deb9132e) Importer(2089858483,b0f066a214c2f5e87bad3c948f4d605d)
Start importing Assets/3.UI/kenney_board-game-icons/PNG/Default (64px)/dice_empty.png using Guid(041c7f6d38338af4fbfb83f0deb9132e) Importer(2089858483,b0f066a214c2f5e87bad3c948f4d605d) (ScriptedImporter) -> (artifact id: '7e6848fa6518ee4b32c079e31b687397') in 0.0158065 seconds
Number of updated asset objects reloaded before import = 0Number of asset objects unloaded after import = 1

========================================================================
Received Import Request.
  Time since last request: 0.000016 seconds.
  path: Assets/3.UI/kenney_board-game-icons/Vector/Icons/hourglass_top.svg
  artifactKey: Guid(cc0d53e6468336746a74bbe71f975336) Importer(2089858483,b0f066a214c2f5e87bad3c948f4d605d)
Start importing Assets/3.UI/kenney_board-game-icons/Vector/Icons/hourglass_top.svg using Guid(cc0d53e6468336746a74bbe71f975336) Importer(2089858483,b0f066a214c2f5e87bad3c948f4d605d) (ScriptedImporter) -> (artifact id: '8b874d0a311dc0013e4c1bf1f1ad6731') in 0.0141404 seconds
Number of updated asset objects reloaded before import = 0Number of asset objects unloaded after import = 1

========================================================================
Received Import Request.
  Time since last request: 0.000018 seconds.
  path: Assets/3.UI/kenney_board-game-icons/PNG/Double (128px)/shield.png
  artifactKey: Guid(f74fd737b2a5bc54089f5681090f03a4) Importer(2089858483,b0f066a214c2f5e87bad3c948f4d605d)
Start importing Assets/3.UI/kenney_board-game-icons/PNG/Double (128px)/shield.png using Guid(f74fd737b2a5bc54089f5681090f03a4) Importer(2089858483,b0f066a214c2f5e87bad3c948f4d605d) (ScriptedImporter) -> (artifact id: '4249ee5ff84138bcd8ac9d08e00bb4af') in 0.0207225 seconds
Number of updated asset objects reloaded before import = 0Number of asset objects unloaded after import = 1

========================================================================
Received Import Request.
  Time since last request: 0.000026 seconds.
  path: Assets/3.UI/kenney_board-game-icons/PNG/Double (128px)/suit_spades.png
  artifactKey: Guid(322581644eb0bf941ac368f036e225c9) Importer(2089858483,b0f066a214c2f5e87bad3c948f4d605d)
Start importing Assets/3.UI/kenney_board-game-icons/PNG/Double (128px)/suit_spades.png using Guid(322581644eb0bf941ac368f036e225c9) Importer(2089858483,b0f066a214c2f5e87bad3c948f4d605d) (ScriptedImporter) -> (artifact id: '3495b11e29054ffe1eee3daa57f6387e') in 0.0269058 seconds
Number of updated asset objects reloaded before import = 0Number of asset objects unloaded after import = 1

========================================================================
Received Import Request.
  Time since last request: 0.000040 seconds.
  path: Assets/3.UI/kenney_board-game-icons/PNG/Double (128px)/tag_8.png
  artifactKey: Guid(801a6b19a4a87e44ba4889788642eeb5) Importer(2089858483,b0f066a214c2f5e87bad3c948f4d605d)
Start importing Assets/3.UI/kenney_board-game-icons/PNG/Double (128px)/tag_8.png using Guid(801a6b19a4a87e44ba4889788642eeb5) Importer(2089858483,b0f066a214c2f5e87bad3c948f4d605d) (ScriptedImporter) -> (artifact id: '3a22fd1b8a434d78cc97eae0618f2069') in 0.0208705 seconds
Number of updated asset objects reloaded before import = 0Number of asset objects unloaded after import = 1

========================================================================
Received Import Request.
  Time since last request: 0.000033 seconds.
  path: Assets/3.UI/kenney_desert-shooter-pack_1.0/Sounds/move-c.ogg
  artifactKey: Guid(39eeac2411aa17842b5760d4342d0c1e) Importer(2089858483,b0f066a214c2f5e87bad3c948f4d605d)
Start importing Assets/3.UI/kenney_desert-shooter-pack_1.0/Sounds/move-c.ogg using Guid(39eeac2411aa17842b5760d4342d0c1e) Importer(2089858483,b0f066a214c2f5e87bad3c948f4d605d) (ScriptedImporter) -> (artifact id: 'a11bf853b52aa886117f6e8d091c9cea') in 0.039035 seconds
Number of updated asset objects reloaded before import = 0Number of asset objects unloaded after import = 1

========================================================================
Received Import Request.
  Time since last request: 0.000019 seconds.
  path: Assets/3.UI/kenney_desert-shooter-pack_1.0/PNG/Tiles/Tiles/tile_0064.png
  artifactKey: Guid(20ee7414f5a29374e9939862e79a45f4) Importer(2089858483,b0f066a214c2f5e87bad3c948f4d605d)
Start importing Assets/3.UI/kenney_desert-shooter-pack_1.0/PNG/Tiles/Tiles/tile_0064.png using Guid(20ee7414f5a29374e9939862e79a45f4) Importer(2089858483,b0f066a214c2f5e87bad3c948f4d605d) (ScriptedImporter) -> (artifact id: '4caebb3617d6a684354d2727f8e69fab') in 0.0253159 seconds
Number of updated asset objects reloaded before import = 0Number of asset objects unloaded after import = 1

========================================================================
Received Import Request.
  Time since last request: 0.000018 seconds.
  path: Assets/3.UI/kenney_board-game-icons/PNG/Default (64px)/direction_w.png
  artifactKey: Guid(699621b4b587d234fb6dc6ba94a1365a) Importer(2089858483,b0f066a214c2f5e87bad3c948f4d605d)
Start importing Assets/3.UI/kenney_board-game-icons/PNG/Default (64px)/direction_w.png using Guid(699621b4b587d234fb6dc6ba94a1365a) Importer(2089858483,b0f066a214c2f5e87bad3c948f4d605d) (ScriptedImporter) -> (artifact id: '3185572a7b2a0c4c2337825991f156db') in 0.0212395 seconds
Number of updated asset objects reloaded before import = 0Number of asset objects unloaded after import = 1

========================================================================
Received Import Request.
  Time since last request: 0.000019 seconds.
  path: Assets/3.UI/kenney_desert-shooter-pack_1.0/PNG/Tiles/Tiles/tile_0121.png
  artifactKey: Guid(6e4feae772f905c488d6027a00095bfd) Importer(2089858483,b0f066a214c2f5e87bad3c948f4d605d)
Start importing Assets/3.UI/kenney_desert-shooter-pack_1.0/PNG/Tiles/Tiles/tile_0121.png using Guid(6e4feae772f905c488d6027a00095bfd) Importer(2089858483,b0f066a214c2f5e87bad3c948f4d605d) (ScriptedImporter) -> (artifact id: 'a47e39cc4857ad4e203147e4064909c1') in 0.0237926 seconds
Number of updated asset objects reloaded before import = 0Number of asset objects unloaded after import = 1

========================================================================
Received Import Request.
  Time since last request: 0.000026 seconds.
  path: Assets/3.UI/kenney_board-game-icons/PNG/Double (128px)/dice_4.png
  artifactKey: Guid(35b8805d67c128f40bcbd52256ec66b1) Importer(2089858483,b0f066a214c2f5e87bad3c948f4d605d)
Start importing Assets/3.UI/kenney_board-game-icons/PNG/Double (128px)/dice_4.png using Guid(35b8805d67c128f40bcbd52256ec66b1) Importer(2089858483,b0f066a214c2f5e87bad3c948f4d605d) (ScriptedImporter) -> (artifact id: '841c3db593a7fcf4b14603cffc3adc56') in 0.0180268 seconds
Number of updated asset objects reloaded before import = 0Number of asset objects unloaded after import = 1

========================================================================
Received Import Request.
  Time since last request: 0.000017 seconds.
  path: Assets/3.UI/kenney_board-game-icons/PNG/Double (128px)/dice_skull.png
  artifactKey: Guid(315d0541e8735c14c82a2df56bced2e8) Importer(2089858483,b0f066a214c2f5e87bad3c948f4d605d)
Start importing Assets/3.UI/kenney_board-game-icons/PNG/Double (128px)/dice_skull.png using Guid(315d0541e8735c14c82a2df56bced2e8) Importer(2089858483,b0f066a214c2f5e87bad3c948f4d605d) (ScriptedImporter) -> (artifact id: '6b7d6f8db186ed6286f2ef4ba1bdeafd') in 0.023315 seconds
Number of updated asset objects reloaded before import = 0Number of asset objects unloaded after import = 1

========================================================================
Received Import Request.
  Time since last request: 0.000030 seconds.
  path: Assets/3.UI/kenney_board-game-icons/PNG/Double (128px)/dice_empty.png
  artifactKey: Guid(d3da4ba2bdf4aa844911521fe1b8620e) Importer(2089858483,b0f066a214c2f5e87bad3c948f4d605d)
Start importing Assets/3.UI/kenney_board-game-icons/PNG/Double (128px)/dice_empty.png using Guid(d3da4ba2bdf4aa844911521fe1b8620e) Importer(2089858483,b0f066a214c2f5e87bad3c948f4d605d) (ScriptedImporter) -> (artifact id: 'a5a82ff25061fa7f98c2895bedf82272') in 0.0157934 seconds
Number of updated asset objects reloaded before import = 0Number of asset objects unloaded after import = 1

========================================================================
Received Import Request.
  Time since last request: 0.000042 seconds.
  path: Assets/3.UI/kenney_board-game-icons/PNG/Default (64px)/tag_5.png
  artifactKey: Guid(c4c1d22b5893dda4e96a0e4833fe6f5c) Importer(2089858483,b0f066a214c2f5e87bad3c948f4d605d)
Start importing Assets/3.UI/kenney_board-game-icons/PNG/Default (64px)/tag_5.png using Guid(c4c1d22b5893dda4e96a0e4833fe6f5c) Importer(2089858483,b0f066a214c2f5e87bad3c948f4d605d) (ScriptedImporter) -> (artifact id: '30b6a10647c5d415492950e0653f87a4') in 0.0206238 seconds
Number of updated asset objects reloaded before import = 0Number of asset objects unloaded after import = 1

========================================================================
Received Import Request.
  Time since last request: 0.000050 seconds.
  path: Assets/3.UI/kenney_board-game-icons/PNG/Default (64px)/dice_close.png
  artifactKey: Guid(6c60f95e47fec124ea045461f12ee857) Importer(2089858483,b0f066a214c2f5e87bad3c948f4d605d)
Start importing Assets/3.UI/kenney_board-game-icons/PNG/Default (64px)/dice_close.png using Guid(6c60f95e47fec124ea045461f12ee857) Importer(2089858483,b0f066a214c2f5e87bad3c948f4d605d) (ScriptedImporter) -> (artifact id: '751beeeba54ce6594ca90124c5d0383f') in 0.0200124 seconds
Number of updated asset objects reloaded before import = 0Number of asset objects unloaded after import = 1

========================================================================
Received Import Request.
  Time since last request: 0.000036 seconds.
  path: Assets/3.UI/kenney_cursor-pixel-pack/Tiles/tile_0023.png
  artifactKey: Guid(e5ce28226ca1f72489e8743c84089398) Importer(2089858483,b0f066a214c2f5e87bad3c948f4d605d)
Start importing Assets/3.UI/kenney_cursor-pixel-pack/Tiles/tile_0023.png using Guid(e5ce28226ca1f72489e8743c84089398) Importer(2089858483,b0f066a214c2f5e87bad3c948f4d605d) (ScriptedImporter) -> (artifact id: 'd9234241cd8a5d1e335bafec897ca57e') in 0.0204475 seconds
Number of updated asset objects reloaded before import = 0Number of asset objects unloaded after import = 1

========================================================================
Received Import Request.
  Time since last request: 0.000076 seconds.
  path: Assets/3.UI/kenney_desert-shooter-pack_1.0/PNG/Enemies/Tiles/tile_0009.png
  artifactKey: Guid(d2d7ca3d59ff22a4ea03847d15c8a34a) Importer(2089858483,b0f066a214c2f5e87bad3c948f4d605d)
Start importing Assets/3.UI/kenney_desert-shooter-pack_1.0/PNG/Enemies/Tiles/tile_0009.png using Guid(d2d7ca3d59ff22a4ea03847d15c8a34a) Importer(2089858483,b0f066a214c2f5e87bad3c948f4d605d) (ScriptedImporter) -> (artifact id: '3cd0461322a429d35d961b1c1fe86213') in 0.0193158 seconds
Number of updated asset objects reloaded before import = 0Number of asset objects unloaded after import = 1

========================================================================
Received Import Request.
  Time since last request: 0.000020 seconds.
  path: Assets/3.UI/kenney_desert-shooter-pack_1.0/PNG/Tiles/Tiles/tile_0113.png
  artifactKey: Guid(e66d6c14bb2ff5349ba7f8e1549e2d41) Importer(2089858483,b0f066a214c2f5e87bad3c948f4d605d)
Start importing Assets/3.UI/kenney_desert-shooter-pack_1.0/PNG/Tiles/Tiles/tile_0113.png using Guid(e66d6c14bb2ff5349ba7f8e1549e2d41) Importer(2089858483,b0f066a214c2f5e87bad3c948f4d605d) (ScriptedImporter) -> (artifact id: 'be952d0e4f3fc24ded3cfcfac3070bb6') in 0.0196427 seconds
Number of updated asset objects reloaded before import = 0Number of asset objects unloaded after import = 1

========================================================================
Received Import Request.
  Time since last request: 0.000039 seconds.
  path: Assets/3.UI/kenney_board-game-icons/PNG/Double (128px)/d8_outline.png
  artifactKey: Guid(2eba68feae41b2b48884ba69e29df22a) Importer(2089858483,b0f066a214c2f5e87bad3c948f4d605d)
Start importing Assets/3.UI/kenney_board-game-icons/PNG/Double (128px)/d8_outline.png using Guid(2eba68feae41b2b48884ba69e29df22a) Importer(2089858483,b0f066a214c2f5e87bad3c948f4d605d) (ScriptedImporter) -> (artifact id: '68c8ba62f568c68f31e266a5fcb8a9e1') in 0.0235178 seconds
Number of updated asset objects reloaded before import = 0Number of asset objects unloaded after import = 1

========================================================================
Received Import Request.
  Time since last request: 0.000034 seconds.
  path: Assets/3.UI/kenney_board-game-icons/PNG/Double (128px)/timer_CCW_25.png
  artifactKey: Guid(ec4d353d95fac894b853c92fea741fc4) Importer(2089858483,b0f066a214c2f5e87bad3c948f4d605d)
Start importing Assets/3.UI/kenney_board-game-icons/PNG/Double (128px)/timer_CCW_25.png using Guid(ec4d353d95fac894b853c92fea741fc4) Importer(2089858483,b0f066a214c2f5e87bad3c948f4d605d) (ScriptedImporter) -> (artifact id: 'bb4255a3bafd58e49e02948ed1d87191') in 0.0233007 seconds
Number of updated asset objects reloaded before import = 0Number of asset objects unloaded after import = 1

========================================================================
Received Import Request.
  Time since last request: 0.000017 seconds.
  path: Assets/3.UI/kenney_board-game-icons/PNG/Double (128px)/chess_pawn.png
  artifactKey: Guid(d4979ff4305da4d4db7283862c64eb3e) Importer(2089858483,b0f066a214c2f5e87bad3c948f4d605d)
Start importing Assets/3.UI/kenney_board-game-icons/PNG/Double (128px)/chess_pawn.png using Guid(d4979ff4305da4d4db7283862c64eb3e) Importer(2089858483,b0f066a214c2f5e87bad3c948f4d605d) (ScriptedImporter) -> (artifact id: 'b675959bb5ea250cbd499a0fdb1fe1fa') in 0.0180904 seconds
Number of updated asset objects reloaded before import = 0Number of asset objects unloaded after import = 1

========================================================================
Received Import Request.
  Time since last request: 0.000027 seconds.
  path: Assets/3.UI/kenney_board-game-icons/Vector/Icons/pentagon.svg
  artifactKey: Guid(03d14a7816cd71c4f8883eba79208517) Importer(2089858483,b0f066a214c2f5e87bad3c948f4d605d)
Start importing Assets/3.UI/kenney_board-game-icons/Vector/Icons/pentagon.svg using Guid(03d14a7816cd71c4f8883eba79208517) Importer(2089858483,b0f066a214c2f5e87bad3c948f4d605d) (ScriptedImporter) -> (artifact id: '2de5288b8d089e457737c1170ea6cfa5') in 0.0169006 seconds
Number of updated asset objects reloaded before import = 0Number of asset objects unloaded after import = 1

========================================================================
Received Import Request.
  Time since last request: 0.000051 seconds.
  path: Assets/3.UI/kenney_desert-shooter-pack_1.0/PNG/Tiles/Tiles/tile_0091.png
  artifactKey: Guid(6ca9bf6e93f6325478dbd7f9bbb27965) Importer(2089858483,b0f066a214c2f5e87bad3c948f4d605d)
Start importing Assets/3.UI/kenney_desert-shooter-pack_1.0/PNG/Tiles/Tiles/tile_0091.png using Guid(6ca9bf6e93f6325478dbd7f9bbb27965) Importer(2089858483,b0f066a214c2f5e87bad3c948f4d605d) (ScriptedImporter) -> (artifact id: '47e9219b66d5f73da107c84606f7ebc7') in 0.0198759 seconds
Number of updated asset objects reloaded before import = 0Number of asset objects unloaded after import = 1

========================================================================
Received Import Request.
  Time since last request: 0.000015 seconds.
  path: Assets/3.UI/kenney_desert-shooter-pack_1.0/PNG/Tiles/Tiles/tile_0225.png
  artifactKey: Guid(9049a33e09c9aa942b7ae4c20930cbf1) Importer(2089858483,b0f066a214c2f5e87bad3c948f4d605d)
Start importing Assets/3.UI/kenney_desert-shooter-pack_1.0/PNG/Tiles/Tiles/tile_0225.png using Guid(9049a33e09c9aa942b7ae4c20930cbf1) Importer(2089858483,b0f066a214c2f5e87bad3c948f4d605d) (ScriptedImporter) -> (artifact id: '08c8640e73db34637ac144d0e1364b4d') in 0.0198992 seconds
Number of updated asset objects reloaded before import = 0Number of asset objects unloaded after import = 1

========================================================================
Received Import Request.
  Time since last request: 0.000015 seconds.
  path: Assets/3.UI/kenney_desert-shooter-pack_1.0/PNG/Tiles/Tiles/tile_0170.png
  artifactKey: Guid(5f6fc41655b7a114ba96da6ca0282ad1) Importer(2089858483,b0f066a214c2f5e87bad3c948f4d605d)
Start importing Assets/3.UI/kenney_desert-shooter-pack_1.0/PNG/Tiles/Tiles/tile_0170.png using Guid(5f6fc41655b7a114ba96da6ca0282ad1) Importer(2089858483,b0f066a214c2f5e87bad3c948f4d605d) (ScriptedImporter) -> (artifact id: '24be3420bd5d20da954252c6daf553a8') in 0.0210061 seconds
Number of updated asset objects reloaded before import = 0Number of asset objects unloaded after import = 1

========================================================================
Received Import Request.
  Time since last request: 0.000032 seconds.
  path: Assets/3.UI/kenney_desert-shooter-pack_1.0/PNG/Interface/Tiles/tile_0009.png
  artifactKey: Guid(173fce813bbd5b0408a55489b28da599) Importer(2089858483,b0f066a214c2f5e87bad3c948f4d605d)
Start importing Assets/3.UI/kenney_desert-shooter-pack_1.0/PNG/Interface/Tiles/tile_0009.png using Guid(173fce813bbd5b0408a55489b28da599) Importer(2089858483,b0f066a214c2f5e87bad3c948f4d605d) (ScriptedImporter) -> (artifact id: 'd242adf81714461d70426379d225368e') in 0.0237578 seconds
Number of updated asset objects reloaded before import = 0Number of asset objects unloaded after import = 1

========================================================================
Received Import Request.
  Time since last request: 0.000034 seconds.
  path: Assets/3.UI/kenney_board-game-icons/PNG/Double (128px)/hexagon_in.png
  artifactKey: Guid(3e192f88710f01d4db44c41a1281e071) Importer(2089858483,b0f066a214c2f5e87bad3c948f4d605d)
Start importing Assets/3.UI/kenney_board-game-icons/PNG/Double (128px)/hexagon_in.png using Guid(3e192f88710f01d4db44c41a1281e071) Importer(2089858483,b0f066a214c2f5e87bad3c948f4d605d) (ScriptedImporter) -> (artifact id: 'a5f8bb6addf972a3bb86f6cea1879025') in 0.0216981 seconds
Number of updated asset objects reloaded before import = 0Number of asset objects unloaded after import = 1

========================================================================
Received Import Request.
  Time since last request: 0.000045 seconds.
  path: Assets/3.UI/kenney_board-game-icons/Vector/Icons/cards_take.svg
  artifactKey: Guid(48194ed6b57bfef419ebf45c95d5dd07) Importer(2089858483,b0f066a214c2f5e87bad3c948f4d605d)
Start importing Assets/3.UI/kenney_board-game-icons/Vector/Icons/cards_take.svg using Guid(48194ed6b57bfef419ebf45c95d5dd07) Importer(2089858483,b0f066a214c2f5e87bad3c948f4d605d) (ScriptedImporter) -> (artifact id: 'dd3c4b7dc772824cbf5292644b1924fc') in 0.0214835 seconds
Number of updated asset objects reloaded before import = 0Number of asset objects unloaded after import = 1

========================================================================
Received Import Request.
  Time since last request: 0.000025 seconds.
  path: Assets/3.UI/kenney_desert-shooter-pack_1.0/PNG/Interface/Tiles/tile_0127.png
  artifactKey: Guid(19cade3913982864c8f924da612e9c5b) Importer(2089858483,b0f066a214c2f5e87bad3c948f4d605d)
Start importing Assets/3.UI/kenney_desert-shooter-pack_1.0/PNG/Interface/Tiles/tile_0127.png using Guid(19cade3913982864c8f924da612e9c5b) Importer(2089858483,b0f066a214c2f5e87bad3c948f4d605d) (ScriptedImporter) -> (artifact id: '11fe9733cb2243bb5f7f9bfec6cf791f') in 0.0221775 seconds
Number of updated asset objects reloaded before import = 0Number of asset objects unloaded after import = 1

========================================================================
Received Import Request.
  Time since last request: 0.000018 seconds.
  path: Assets/3.UI/kenney_desert-shooter-pack_1.0/PNG/Tiles/Tiles/tile_0204.png
  artifactKey: Guid(1308475fdcfd8734faf0258eb37a5532) Importer(2089858483,b0f066a214c2f5e87bad3c948f4d605d)
Start importing Assets/3.UI/kenney_desert-shooter-pack_1.0/PNG/Tiles/Tiles/tile_0204.png using Guid(1308475fdcfd8734faf0258eb37a5532) Importer(2089858483,b0f066a214c2f5e87bad3c948f4d605d) (ScriptedImporter) -> (artifact id: '6cb99fd6a5ae30f3fa2dcf71e4b952ab') in 0.0220466 seconds
Number of updated asset objects reloaded before import = 0Number of asset objects unloaded after import = 1

========================================================================
Received Import Request.
  Time since last request: 0.000040 seconds.
  path: Assets/3.UI/kenney_cursor-pixel-pack/Tiles/tile_0007.png
  artifactKey: Guid(b21a28aafc5f9954099e4f426e34e349) Importer(2089858483,b0f066a214c2f5e87bad3c948f4d605d)
Start importing Assets/3.UI/kenney_cursor-pixel-pack/Tiles/tile_0007.png using Guid(b21a28aafc5f9954099e4f426e34e349) Importer(2089858483,b0f066a214c2f5e87bad3c948f4d605d) (ScriptedImporter) -> (artifact id: 'e60eb691a0425c3fe256887795fdbf4e') in 0.0247921 seconds
Number of updated asset objects reloaded before import = 0Number of asset objects unloaded after import = 1

========================================================================
Received Import Request.
  Time since last request: 0.000016 seconds.
  path: Assets/3.UI/kenney_desert-shooter-pack_1.0/PNG/Tiles/Tiles/tile_0044.png
  artifactKey: Guid(3b855b1679f93df499d4922caa8022d2) Importer(2089858483,b0f066a214c2f5e87bad3c948f4d605d)
Start importing Assets/3.UI/kenney_desert-shooter-pack_1.0/PNG/Tiles/Tiles/tile_0044.png using Guid(3b855b1679f93df499d4922caa8022d2) Importer(2089858483,b0f066a214c2f5e87bad3c948f4d605d) (ScriptedImporter) -> (artifact id: '6561688f5a5c492c61a76cfb8c33a334') in 0.0210749 seconds
Number of updated asset objects reloaded before import = 0Number of asset objects unloaded after import = 1

========================================================================
Received Import Request.
  Time since last request: 0.000036 seconds.
  path: Assets/3.UI/kenney_board-game-icons/PNG/Default (64px)/hand_token_open.png
  artifactKey: Guid(deabf91787cf59d4580ed0b9e1d339f3) Importer(2089858483,b0f066a214c2f5e87bad3c948f4d605d)
Start importing Assets/3.UI/kenney_board-game-icons/PNG/Default (64px)/hand_token_open.png using Guid(deabf91787cf59d4580ed0b9e1d339f3) Importer(2089858483,b0f066a214c2f5e87bad3c948f4d605d) (ScriptedImporter) -> (artifact id: '476be0258bd45431d23cf4a4d9336603') in 0.0274016 seconds
Number of updated asset objects reloaded before import = 0Number of asset objects unloaded after import = 1

========================================================================
Received Import Request.
  Time since last request: 0.000024 seconds.
  path: Assets/3.UI/kenney_board-game-icons/Vector/Icons/tag_shield_1.svg
  artifactKey: Guid(9bb72df1cef4b954bb3b07429c6abcf3) Importer(2089858483,b0f066a214c2f5e87bad3c948f4d605d)
Start importing Assets/3.UI/kenney_board-game-icons/Vector/Icons/tag_shield_1.svg using Guid(9bb72df1cef4b954bb3b07429c6abcf3) Importer(2089858483,b0f066a214c2f5e87bad3c948f4d605d) (ScriptedImporter) -> (artifact id: '9018f3329d533707998b9e148047e2cc') in 0.024767 seconds
Number of updated asset objects reloaded before import = 0Number of asset objects unloaded after import = 1

========================================================================
Received Import Request.
  Time since last request: 0.000027 seconds.
  path: Assets/3.UI/kenney_board-game-icons/PNG/Double (128px)/token_give.png
  artifactKey: Guid(390456eefdf15724e81b4a340eb66f5c) Importer(2089858483,b0f066a214c2f5e87bad3c948f4d605d)
Start importing Assets/3.UI/kenney_board-game-icons/PNG/Double (128px)/token_give.png using Guid(390456eefdf15724e81b4a340eb66f5c) Importer(2089858483,b0f066a214c2f5e87bad3c948f4d605d) (ScriptedImporter) -> (artifact id: '27bed81766b3339d4778a5956e42c7b2') in 0.0237897 seconds
Number of updated asset objects reloaded before import = 0Number of asset objects unloaded after import = 1

========================================================================
Received Import Request.
  Time since last request: 0.000016 seconds.
  path: Assets/3.UI/kenney_board-game-icons/PNG/Default (64px)/tag_d6_6.png
  artifactKey: Guid(ab5bb0d0b14c14b4ab9d7847ab1c514d) Importer(2089858483,b0f066a214c2f5e87bad3c948f4d605d)
Start importing Assets/3.UI/kenney_board-game-icons/PNG/Default (64px)/tag_d6_6.png using Guid(ab5bb0d0b14c14b4ab9d7847ab1c514d) Importer(2089858483,b0f066a214c2f5e87bad3c948f4d605d) (ScriptedImporter) -> (artifact id: '53d612fbc772dadc59f6156f0a2a58e5') in 0.025028 seconds
Number of updated asset objects reloaded before import = 0Number of asset objects unloaded after import = 1

========================================================================
Received Import Request.
  Time since last request: 0.000018 seconds.
  path: Assets/3.UI/kenney_cursor-pixel-pack/Tiles/tile_0025.png
  artifactKey: Guid(8d04d1b9a635a2f4998505e03d822b24) Importer(2089858483,b0f066a214c2f5e87bad3c948f4d605d)
Start importing Assets/3.UI/kenney_cursor-pixel-pack/Tiles/tile_0025.png using Guid(8d04d1b9a635a2f4998505e03d822b24) Importer(2089858483,b0f066a214c2f5e87bad3c948f4d605d) (ScriptedImporter) -> (artifact id: '8c346a3a98f57f6c8e292a97877bb261') in 0.0250801 seconds
Number of updated asset objects reloaded before import = 0Number of asset objects unloaded after import = 1

========================================================================
Received Import Request.
  Time since last request: 0.000023 seconds.
  path: Assets/3.UI/kenney_desert-shooter-pack_1.0/PNG/Tiles/Tilesheet.txt
  artifactKey: Guid(6fa2d861333dc3c45aff800e91d60504) Importer(2089858483,b0f066a214c2f5e87bad3c948f4d605d)
Start importing Assets/3.UI/kenney_desert-shooter-pack_1.0/PNG/Tiles/Tilesheet.txt using Guid(6fa2d861333dc3c45aff800e91d60504) Importer(2089858483,b0f066a214c2f5e87bad3c948f4d605d) (ScriptedImporter) -> (artifact id: 'd1d813dc693be3892af90dd2bc0d76ec') in 0.0170756 seconds
Number of updated asset objects reloaded before import = 0Number of asset objects unloaded after import = 1

========================================================================
Received Import Request.
  Time since last request: 0.000027 seconds.
  path: Assets/3.UI/kenney_cursor-pixel-pack/Tilemap
  artifactKey: Guid(c3fb5a9dafed99748b46dea6f85de1cf) Importer(2089858483,b0f066a214c2f5e87bad3c948f4d605d)
Start importing Assets/3.UI/kenney_cursor-pixel-pack/Tilemap using Guid(c3fb5a9dafed99748b46dea6f85de1cf) Importer(2089858483,b0f066a214c2f5e87bad3c948f4d605d) (ScriptedImporter) -> (artifact id: '1d4dbd653c4d86e339003a4dcb866c0d') in 0.0117052 seconds
Number of updated asset objects reloaded before import = 0Number of asset objects unloaded after import = 1

========================================================================
Received Import Request.
  Time since last request: 0.000017 seconds.
  path: Assets/3.UI/kenney_desert-shooter-pack_1.0/PNG/Interface/Tiles/tile_0171.png
  artifactKey: Guid(04fa06471cc070e4a9e79a61e14e22d8) Importer(2089858483,b0f066a214c2f5e87bad3c948f4d605d)
Start importing Assets/3.UI/kenney_desert-shooter-pack_1.0/PNG/Interface/Tiles/tile_0171.png using Guid(04fa06471cc070e4a9e79a61e14e22d8) Importer(2089858483,b0f066a214c2f5e87bad3c948f4d605d) (ScriptedImporter) -> (artifact id: 'd58b51768ed8d46afb3e30e0b5f976ea') in 0.0182948 seconds
Number of updated asset objects reloaded before import = 0Number of asset objects unloaded after import = 1

========================================================================
Received Import Request.
  Time since last request: 0.000017 seconds.
  path: Assets/3.UI/kenney_board-game-icons/Vector/Icons/timer_0.svg
  artifactKey: Guid(6b99b2f8f06eada4ebd171d57def1fb7) Importer(2089858483,b0f066a214c2f5e87bad3c948f4d605d)
Start importing Assets/3.UI/kenney_board-game-icons/Vector/Icons/timer_0.svg using Guid(6b99b2f8f06eada4ebd171d57def1fb7) Importer(2089858483,b0f066a214c2f5e87bad3c948f4d605d) (ScriptedImporter) -> (artifact id: '9d695b2b089681f6dee16e35c4d49f30') in 0.0187297 seconds
Number of updated asset objects reloaded before import = 0Number of asset objects unloaded after import = 1

========================================================================
Received Import Request.
  Time since last request: 0.000018 seconds.
  path: Assets/3.UI/kenney_board-game-icons/PNG/Double (128px)/d6_number.png
  artifactKey: Guid(44c285ba54e808143a77cbe21bc19598) Importer(2089858483,b0f066a214c2f5e87bad3c948f4d605d)
Start importing Assets/3.UI/kenney_board-game-icons/PNG/Double (128px)/d6_number.png using Guid(44c285ba54e808143a77cbe21bc19598) Importer(2089858483,b0f066a214c2f5e87bad3c948f4d605d) (ScriptedImporter) -> (artifact id: 'd3fcbbb20057c70b80ec248c3404a2ad') in 0.0155113 seconds
Number of updated asset objects reloaded before import = 0Number of asset objects unloaded after import = 1

========================================================================
Received Import Request.
  Time since last request: 0.000035 seconds.
  path: Assets/3.UI/kenney_board-game-icons/Vector/Icons/tag_d6_1.svg
  artifactKey: Guid(d985d7d3aba32ba42924f77b2549f3c3) Importer(2089858483,b0f066a214c2f5e87bad3c948f4d605d)
Start importing Assets/3.UI/kenney_board-game-icons/Vector/Icons/tag_d6_1.svg using Guid(d985d7d3aba32ba42924f77b2549f3c3) Importer(2089858483,b0f066a214c2f5e87bad3c948f4d605d) (ScriptedImporter) -> (artifact id: 'f44f11c28dda439efe3bccdc35db6512') in 0.0171836 seconds
Number of updated asset objects reloaded before import = 0Number of asset objects unloaded after import = 1

========================================================================
Received Import Request.
  Time since last request: 0.000030 seconds.
  path: Assets/3.UI/kenney_desert-shooter-pack_1.0/PNG/Interface/Tiles/tile_0055.png
  artifactKey: Guid(f0ad75cf576fb584ab3079b242778963) Importer(2089858483,b0f066a214c2f5e87bad3c948f4d605d)
Start importing Assets/3.UI/kenney_desert-shooter-pack_1.0/PNG/Interface/Tiles/tile_0055.png using Guid(f0ad75cf576fb584ab3079b242778963) Importer(2089858483,b0f066a214c2f5e87bad3c948f4d605d) (ScriptedImporter) -> (artifact id: 'ac20c9ccd66a86f850ba5f235b46cb9c') in 0.0191511 seconds
Number of updated asset objects reloaded before import = 0Number of asset objects unloaded after import = 1

========================================================================
Received Import Request.
  Time since last request: 0.000028 seconds.
  path: Assets/3.UI/kenney_board-game-icons/PNG/Default (64px)/exploding_6.png
  artifactKey: Guid(8bfacea5cc673be4db8f63034478b5ed) Importer(2089858483,b0f066a214c2f5e87bad3c948f4d605d)
Start importing Assets/3.UI/kenney_board-game-icons/PNG/Default (64px)/exploding_6.png using Guid(8bfacea5cc673be4db8f63034478b5ed) Importer(2089858483,b0f066a214c2f5e87bad3c948f4d605d) (ScriptedImporter) -> (artifact id: '408b34b72e263e803aac371639bbbf15') in 0.019683 seconds
Number of updated asset objects reloaded before import = 0Number of asset objects unloaded after import = 1

========================================================================
Received Import Request.
  Time since last request: 0.000018 seconds.
  path: Assets/3.UI/kenney_board-game-icons/PNG/Double (128px)/cards_fan.png
  artifactKey: Guid(d482a858b01ee1c4190210e405a900ed) Importer(2089858483,b0f066a214c2f5e87bad3c948f4d605d)
Start importing Assets/3.UI/kenney_board-game-icons/PNG/Double (128px)/cards_fan.png using Guid(d482a858b01ee1c4190210e405a900ed) Importer(2089858483,b0f066a214c2f5e87bad3c948f4d605d) (ScriptedImporter) -> (artifact id: 'a5a7fbd4d1979ee74a780fe657706dad') in 0.01717 seconds
Number of updated asset objects reloaded before import = 0Number of asset objects unloaded after import = 1

========================================================================
Received Import Request.
  Time since last request: 0.000022 seconds.
  path: Assets/3.UI/kenney_cursor-pixel-pack/Tiles/tile_0156.png
  artifactKey: Guid(db386f111aa22f447ab88c9a2070de18) Importer(2089858483,b0f066a214c2f5e87bad3c948f4d605d)
Start importing Assets/3.UI/kenney_cursor-pixel-pack/Tiles/tile_0156.png using Guid(db386f111aa22f447ab88c9a2070de18) Importer(2089858483,b0f066a214c2f5e87bad3c948f4d605d) (ScriptedImporter) -> (artifact id: '960b94fd37623c815d3d069119339150') in 0.019513 seconds
Number of updated asset objects reloaded before import = 0Number of asset objects unloaded after import = 1

========================================================================
Received Import Request.
  Time since last request: 0.000026 seconds.
  path: Assets/3.UI/kenney_desert-shooter-pack_1.0/PNG/Interface/Tiles/tile_0029.png
  artifactKey: Guid(7dfedaef6e753cf43bf1ce15f312539b) Importer(2089858483,b0f066a214c2f5e87bad3c948f4d605d)
Start importing Assets/3.UI/kenney_desert-shooter-pack_1.0/PNG/Interface/Tiles/tile_0029.png using Guid(7dfedaef6e753cf43bf1ce15f312539b) Importer(2089858483,b0f066a214c2f5e87bad3c948f4d605d) (ScriptedImporter) -> (artifact id: 'f6f86cf83c44940c36e410a5497ea07d') in 0.0172109 seconds
Number of updated asset objects reloaded before import = 0Number of asset objects unloaded after import = 1

========================================================================
Received Import Request.
  Time since last request: 0.000021 seconds.
  path: Assets/3.UI/kenney_board-game-icons/PNG/Double (128px)/hexagon_switch.png
  artifactKey: Guid(d4541994f3838fa48847133675873ef2) Importer(2089858483,b0f066a214c2f5e87bad3c948f4d605d)
Start importing Assets/3.UI/kenney_board-game-icons/PNG/Double (128px)/hexagon_switch.png using Guid(d4541994f3838fa48847133675873ef2) Importer(2089858483,b0f066a214c2f5e87bad3c948f4d605d) (ScriptedImporter) -> (artifact id: '3e419813c5841cb6154630f0bbbdc53c') in 0.0192648 seconds
Number of updated asset objects reloaded before import = 0Number of asset objects unloaded after import = 1

========================================================================
Received Import Request.
  Time since last request: 0.000024 seconds.
  path: Assets/3.UI/kenney_board-game-icons/Vector/Icons/cards_stack_cross.svg
  artifactKey: Guid(801354280794d73409059552237dbe75) Importer(2089858483,b0f066a214c2f5e87bad3c948f4d605d)
Start importing Assets/3.UI/kenney_board-game-icons/Vector/Icons/cards_stack_cross.svg using Guid(801354280794d73409059552237dbe75) Importer(2089858483,b0f066a214c2f5e87bad3c948f4d605d) (ScriptedImporter) -> (artifact id: '81b2ee0cb128a2b94dbf925f5232db09') in 0.0174589 seconds
Number of updated asset objects reloaded before import = 0Number of asset objects unloaded after import = 1

========================================================================
Received Import Request.
  Time since last request: 0.000025 seconds.
  path: Assets/3.UI/kenney_board-game-icons/Vector/Icons/dice_close.svg
  artifactKey: Guid(9e31b8ae1f8d44e41bf7f1b9455b7f26) Importer(2089858483,b0f066a214c2f5e87bad3c948f4d605d)
Start importing Assets/3.UI/kenney_board-game-icons/Vector/Icons/dice_close.svg using Guid(9e31b8ae1f8d44e41bf7f1b9455b7f26) Importer(2089858483,b0f066a214c2f5e87bad3c948f4d605d) (ScriptedImporter) -> (artifact id: '85c2f41f506d9af448f332eee40b32a9') in 0.0160832 seconds
Number of updated asset objects reloaded before import = 0Number of asset objects unloaded after import = 1

========================================================================
Received Import Request.
  Time since last request: 0.000032 seconds.
  path: Assets/3.UI/kenney_cursor-pixel-pack/Tiles/tile_0182.png
  artifactKey: Guid(d097603c13cb2294dbc1ac494c6c0c50) Importer(2089858483,b0f066a214c2f5e87bad3c948f4d605d)
Start importing Assets/3.UI/kenney_cursor-pixel-pack/Tiles/tile_0182.png using Guid(d097603c13cb2294dbc1ac494c6c0c50) Importer(2089858483,b0f066a214c2f5e87bad3c948f4d605d) (ScriptedImporter) -> (artifact id: '66e50a3059c029413c713f8412dba11d') in 0.0234867 seconds
Number of updated asset objects reloaded before import = 0Number of asset objects unloaded after import = 1

========================================================================
Received Import Request.
  Time since last request: 0.000017 seconds.
  path: Assets/3.UI/kenney_desert-shooter-pack_1.0/PNG/Enemies/Tiles/tile_0006.png
  artifactKey: Guid(7c022b66a2dbeab4ab1fad4a56e503ca) Importer(2089858483,b0f066a214c2f5e87bad3c948f4d605d)
Start importing Assets/3.UI/kenney_desert-shooter-pack_1.0/PNG/Enemies/Tiles/tile_0006.png using Guid(7c022b66a2dbeab4ab1fad4a56e503ca) Importer(2089858483,b0f066a214c2f5e87bad3c948f4d605d) (ScriptedImporter) -> (artifact id: '7e27eac417164d3ea894843c4a4eb23f') in 0.0169779 seconds
Number of updated asset objects reloaded before import = 0Number of asset objects unloaded after import = 1

========================================================================
Received Import Request.
  Time since last request: 0.000025 seconds.
  path: Assets/3.UI/kenney_desert-shooter-pack_1.0/PNG/Tiles/Tiles/tile_0228.png
  artifactKey: Guid(d57b895b14270944c97ae86dae4940cb) Importer(2089858483,b0f066a214c2f5e87bad3c948f4d605d)
Start importing Assets/3.UI/kenney_desert-shooter-pack_1.0/PNG/Tiles/Tiles/tile_0228.png using Guid(d57b895b14270944c97ae86dae4940cb) Importer(2089858483,b0f066a214c2f5e87bad3c948f4d605d) (ScriptedImporter) -> (artifact id: '157d028e196c646223e9659634811574') in 0.0213859 seconds
Number of updated asset objects reloaded before import = 0Number of asset objects unloaded after import = 1

========================================================================
Received Import Request.
  Time since last request: 0.000032 seconds.
  path: Assets/3.UI/kenney_board-game-icons/PNG/Double (128px)/suit_hearts.png
  artifactKey: Guid(a21ed4e14b1df5e4b94dc96cfb96fc7b) Importer(2089858483,b0f066a214c2f5e87bad3c948f4d605d)
Start importing Assets/3.UI/kenney_board-game-icons/PNG/Double (128px)/suit_hearts.png using Guid(a21ed4e14b1df5e4b94dc96cfb96fc7b) Importer(2089858483,b0f066a214c2f5e87bad3c948f4d605d) (ScriptedImporter) -> (artifact id: 'bd706d18bc343aef6dd08133bb04d210') in 0.0162097 seconds
Number of updated asset objects reloaded before import = 0Number of asset objects unloaded after import = 1

========================================================================
Received Import Request.
  Time since last request: 0.000034 seconds.
  path: Assets/3.UI/kenney_desert-shooter-pack_1.0/PNG/Interface/Tiles/tile_0148.png
  artifactKey: Guid(4e12a02cb152ebb4e93c76c1326bd8dc) Importer(2089858483,b0f066a214c2f5e87bad3c948f4d605d)
Start importing Assets/3.UI/kenney_desert-shooter-pack_1.0/PNG/Interface/Tiles/tile_0148.png using Guid(4e12a02cb152ebb4e93c76c1326bd8dc) Importer(2089858483,b0f066a214c2f5e87bad3c948f4d605d) (ScriptedImporter) -> (artifact id: 'c72cf425870b315b8e186b7a915c309a') in 0.0436192 seconds
Number of updated asset objects reloaded before import = 0Number of asset objects unloaded after import = 1

========================================================================
Received Import Request.
  Time since last request: 0.000025 seconds.
  path: Assets/3.UI/kenney_board-game-icons/PNG/Default (64px)/bow.png
  artifactKey: Guid(8a8f559e80023d5489ede49e5aa9296e) Importer(2089858483,b0f066a214c2f5e87bad3c948f4d605d)
Start importing Assets/3.UI/kenney_board-game-icons/PNG/Default (64px)/bow.png using Guid(8a8f559e80023d5489ede49e5aa9296e) Importer(2089858483,b0f066a214c2f5e87bad3c948f4d605d) (ScriptedImporter) -> (artifact id: '9cf51305974c9b65f667f5cdd31f9e4e') in 0.0194563 seconds
Number of updated asset objects reloaded before import = 0Number of asset objects unloaded after import = 1

========================================================================
Received Import Request.
  Time since last request: 0.000016 seconds.
  path: Assets/3.UI/kenney_desert-shooter-pack_1.0/PNG/Weapons/Tiles/tile_0004.png
  artifactKey: Guid(100de25191cbd7a46924d3dc0b0bd6b7) Importer(2089858483,b0f066a214c2f5e87bad3c948f4d605d)
Start importing Assets/3.UI/kenney_desert-shooter-pack_1.0/PNG/Weapons/Tiles/tile_0004.png using Guid(100de25191cbd7a46924d3dc0b0bd6b7) Importer(2089858483,b0f066a214c2f5e87bad3c948f4d605d) (ScriptedImporter) -> (artifact id: 'd2071bd83fb2b43fdacb0ba592df4aa1') in 0.021538 seconds
Number of updated asset objects reloaded before import = 0Number of asset objects unloaded after import = 1

========================================================================
Received Import Request.
  Time since last request: 0.000019 seconds.
  path: Assets/3.UI/kenney_desert-shooter-pack_1.0/PNG/Tiles/Tiles/tile_0084.png
  artifactKey: Guid(4741fa35713d02a4c9e3049aa054edaa) Importer(2089858483,b0f066a214c2f5e87bad3c948f4d605d)
Start importing Assets/3.UI/kenney_desert-shooter-pack_1.0/PNG/Tiles/Tiles/tile_0084.png using Guid(4741fa35713d02a4c9e3049aa054edaa) Importer(2089858483,b0f066a214c2f5e87bad3c948f4d605d) (ScriptedImporter) -> (artifact id: 'fd0c80e9c13bb23dfc55e15a32c84057') in 0.0275574 seconds
Number of updated asset objects reloaded before import = 0Number of asset objects unloaded after import = 1

========================================================================
Received Import Request.
  Time since last request: 0.000029 seconds.
  path: Assets/3.UI/kenney_cursor-pixel-pack/Tiles/tile_0041.png
  artifactKey: Guid(2d6086fcd60124d428fa750ef39012f7) Importer(2089858483,b0f066a214c2f5e87bad3c948f4d605d)
Start importing Assets/3.UI/kenney_cursor-pixel-pack/Tiles/tile_0041.png using Guid(2d6086fcd60124d428fa750ef39012f7) Importer(2089858483,b0f066a214c2f5e87bad3c948f4d605d) (ScriptedImporter) -> (artifact id: '46223be2acc5c726f045b01fd1ebfb35') in 0.0208445 seconds
Number of updated asset objects reloaded before import = 0Number of asset objects unloaded after import = 1

========================================================================
Received Import Request.
  Time since last request: 0.000036 seconds.
  path: Assets/3.UI/kenney_cursor-pixel-pack/Tiles/tile_0083.png
  artifactKey: Guid(188bc48641836bd46959513f7aefe66b) Importer(2089858483,b0f066a214c2f5e87bad3c948f4d605d)
Start importing Assets/3.UI/kenney_cursor-pixel-pack/Tiles/tile_0083.png using Guid(188bc48641836bd46959513f7aefe66b) Importer(2089858483,b0f066a214c2f5e87bad3c948f4d605d) (ScriptedImporter) -> (artifact id: '377864d6cb11a5140add16533ed63809') in 0.0214671 seconds
Number of updated asset objects reloaded before import = 0Number of asset objects unloaded after import = 1

========================================================================
Received Import Request.
  Time since last request: 0.000017 seconds.
  path: Assets/3.UI/kenney_cursor-pixel-pack/Tiles/tile_0098.png
  artifactKey: Guid(86a42fe67cd5055458b23392b98d945b) Importer(2089858483,b0f066a214c2f5e87bad3c948f4d605d)
Start importing Assets/3.UI/kenney_cursor-pixel-pack/Tiles/tile_0098.png using Guid(86a42fe67cd5055458b23392b98d945b) Importer(2089858483,b0f066a214c2f5e87bad3c948f4d605d) (ScriptedImporter) -> (artifact id: '9e7820951285a95b573231f8dcb91c9a') in 0.0294216 seconds
Number of updated asset objects reloaded before import = 0Number of asset objects unloaded after import = 1

========================================================================
Received Import Request.
  Time since last request: 0.000021 seconds.
  path: Assets/3.UI/kenney_board-game-icons/PNG/Double (128px)/character_lift.png
  artifactKey: Guid(c2433d1da6988df41abbce8090a69af0) Importer(2089858483,b0f066a214c2f5e87bad3c948f4d605d)
Start importing Assets/3.UI/kenney_board-game-icons/PNG/Double (128px)/character_lift.png using Guid(c2433d1da6988df41abbce8090a69af0) Importer(2089858483,b0f066a214c2f5e87bad3c948f4d605d) (ScriptedImporter) -> (artifact id: '0216107df686fcb362cb81bad3165232') in 0.0265312 seconds
Number of updated asset objects reloaded before import = 0Number of asset objects unloaded after import = 1

========================================================================
Received Import Request.
  Time since last request: 0.000025 seconds.
  path: Assets/3.UI/kenney_board-game-icons/PNG/Double (128px)/cards_seek_top.png
  artifactKey: Guid(dea58e73f56e37f48bbb8ad01e5a9015) Importer(2089858483,b0f066a214c2f5e87bad3c948f4d605d)
Start importing Assets/3.UI/kenney_board-game-icons/PNG/Double (128px)/cards_seek_top.png using Guid(dea58e73f56e37f48bbb8ad01e5a9015) Importer(2089858483,b0f066a214c2f5e87bad3c948f4d605d) (ScriptedImporter) -> (artifact id: 'a2e688a1ba2fa70b8de4716138e3acab') in 0.0184311 seconds
Number of updated asset objects reloaded before import = 0Number of asset objects unloaded after import = 1

========================================================================
Received Import Request.
  Time since last request: 0.000019 seconds.
  path: Assets/3.UI/kenney_board-game-icons/PNG/Double (128px)/resource_iron.png
  artifactKey: Guid(96e8e3cbeaf29a5438c0472bfd1023a7) Importer(2089858483,b0f066a214c2f5e87bad3c948f4d605d)
Start importing Assets/3.UI/kenney_board-game-icons/PNG/Double (128px)/resource_iron.png using Guid(96e8e3cbeaf29a5438c0472bfd1023a7) Importer(2089858483,b0f066a214c2f5e87bad3c948f4d605d) (ScriptedImporter) -> (artifact id: 'e474dbb76914e3f7a52b641b46c02dcb') in 0.0269911 seconds
Number of updated asset objects reloaded before import = 0Number of asset objects unloaded after import = 1

========================================================================
Received Import Request.
  Time since last request: 0.000015 seconds.
  path: Assets/3.UI/kenney_board-game-icons/PNG/Default (64px)/token_remove.png
  artifactKey: Guid(c38b567960ea72e4ba9f1c80d4ae9491) Importer(2089858483,b0f066a214c2f5e87bad3c948f4d605d)
Start importing Assets/3.UI/kenney_board-game-icons/PNG/Default (64px)/token_remove.png using Guid(c38b567960ea72e4ba9f1c80d4ae9491) Importer(2089858483,b0f066a214c2f5e87bad3c948f4d605d) (ScriptedImporter) -> (artifact id: 'ee67046c85f47e11af5bf4fd5453a682') in 0.0268473 seconds
Number of updated asset objects reloaded before import = 0Number of asset objects unloaded after import = 1

========================================================================
Received Import Request.
  Time since last request: 0.000019 seconds.
  path: Assets/3.UI/kenney_desert-shooter-pack_1.0/Sounds/coin-c.ogg
  artifactKey: Guid(04eaf9557f308ca42b11f793ee98c308) Importer(2089858483,b0f066a214c2f5e87bad3c948f4d605d)
Start importing Assets/3.UI/kenney_desert-shooter-pack_1.0/Sounds/coin-c.ogg using Guid(04eaf9557f308ca42b11f793ee98c308) Importer(2089858483,b0f066a214c2f5e87bad3c948f4d605d) (ScriptedImporter) -> (artifact id: 'f6a4432efa38922cfc1f0a78d132eeb1') in 0.0409739 seconds
Number of updated asset objects reloaded before import = 0Number of asset objects unloaded after import = 1

========================================================================
Received Import Request.
  Time since last request: 0.000051 seconds.
  path: Assets/3.UI/kenney_desert-shooter-pack_1.0/PNG/Tiles/Tiles/tile_0009.png
  artifactKey: Guid(dfa4450ca7503e34e98996f02cba9e15) Importer(2089858483,b0f066a214c2f5e87bad3c948f4d605d)
Start importing Assets/3.UI/kenney_desert-shooter-pack_1.0/PNG/Tiles/Tiles/tile_0009.png using Guid(dfa4450ca7503e34e98996f02cba9e15) Importer(2089858483,b0f066a214c2f5e87bad3c948f4d605d) (ScriptedImporter) -> (artifact id: '15c83d6863ed1f3beeb30013d710d2e2') in 0.0277864 seconds
Number of updated asset objects reloaded before import = 0Number of asset objects unloaded after import = 1

========================================================================
Received Import Request.
  Time since last request: 0.000017 seconds.
  path: Assets/3.UI/kenney_desert-shooter-pack_1.0/PNG/Tiles/Tiles/tile_0082.png
  artifactKey: Guid(edac99dde241d264584d2a7d8a639e82) Importer(2089858483,b0f066a214c2f5e87bad3c948f4d605d)
Start importing Assets/3.UI/kenney_desert-shooter-pack_1.0/PNG/Tiles/Tiles/tile_0082.png using Guid(edac99dde241d264584d2a7d8a639e82) Importer(2089858483,b0f066a214c2f5e87bad3c948f4d605d) (ScriptedImporter) -> (artifact id: 'bc51b3782c05c00ab616089210f6198c') in 0.0261213 seconds
Number of updated asset objects reloaded before import = 0Number of asset objects unloaded after import = 1

========================================================================
Received Import Request.
  Time since last request: 0.000017 seconds.
  path: Assets/3.UI/kenney_cursor-pixel-pack/Tiles/tile_0000.png
  artifactKey: Guid(f0e0021d79db19f4eba3cbd34995b209) Importer(2089858483,b0f066a214c2f5e87bad3c948f4d605d)
Start importing Assets/3.UI/kenney_cursor-pixel-pack/Tiles/tile_0000.png using Guid(f0e0021d79db19f4eba3cbd34995b209) Importer(2089858483,b0f066a214c2f5e87bad3c948f4d605d) (ScriptedImporter) -> (artifact id: '9bd95df71431f211242e0edc8801fe80') in 0.0264065 seconds
Number of updated asset objects reloaded before import = 0Number of asset objects unloaded after import = 1

========================================================================
Received Import Request.
  Time since last request: 0.000022 seconds.
  path: Assets/3.UI/kenney_cursor-pixel-pack/Tiles/tile_0181.png
  artifactKey: Guid(878a5141aa599664eaa5f740c7004630) Importer(2089858483,b0f066a214c2f5e87bad3c948f4d605d)
Start importing Assets/3.UI/kenney_cursor-pixel-pack/Tiles/tile_0181.png using Guid(878a5141aa599664eaa5f740c7004630) Importer(2089858483,b0f066a214c2f5e87bad3c948f4d605d) (ScriptedImporter) -> (artifact id: '4d64682e53cca36d624189544a5feed1') in 0.0285066 seconds
Number of updated asset objects reloaded before import = 0Number of asset objects unloaded after import = 1

========================================================================
Received Import Request.
  Time since last request: 0.000026 seconds.
  path: Assets/3.UI/kenney_cursor-pixel-pack/Tiles/tile_0164.png
  artifactKey: Guid(23b21d6d22bddc643b8777b8cc94dcec) Importer(2089858483,b0f066a214c2f5e87bad3c948f4d605d)
Start importing Assets/3.UI/kenney_cursor-pixel-pack/Tiles/tile_0164.png using Guid(23b21d6d22bddc643b8777b8cc94dcec) Importer(2089858483,b0f066a214c2f5e87bad3c948f4d605d) (ScriptedImporter) -> (artifact id: '3bba46f09884555bccfdffd81a7dc04c') in 0.0226529 seconds
Number of updated asset objects reloaded before import = 0Number of asset objects unloaded after import = 1

========================================================================
Received Import Request.
  Time since last request: 0.000022 seconds.
  path: Assets/3.UI/kenney_board-game-icons/Vector/Icons/puzzle.svg
  artifactKey: Guid(8e231b4c60c838044b92ad20cb915816) Importer(2089858483,b0f066a214c2f5e87bad3c948f4d605d)
Start importing Assets/3.UI/kenney_board-game-icons/Vector/Icons/puzzle.svg using Guid(8e231b4c60c838044b92ad20cb915816) Importer(2089858483,b0f066a214c2f5e87bad3c948f4d605d) (ScriptedImporter) -> (artifact id: '648493fc9eb5cd5f65892156ff80109d') in 0.0186789 seconds
Number of updated asset objects reloaded before import = 0Number of asset objects unloaded after import = 1

========================================================================
Received Import Request.
  Time since last request: 0.000018 seconds.
  path: Assets/3.UI/kenney_board-game-icons/PNG/Double (128px)/d3.png
  artifactKey: Guid(2a3ffea6dca519f47b136cd8a004e34f) Importer(2089858483,b0f066a214c2f5e87bad3c948f4d605d)
Start importing Assets/3.UI/kenney_board-game-icons/PNG/Double (128px)/d3.png using Guid(2a3ffea6dca519f47b136cd8a004e34f) Importer(2089858483,b0f066a214c2f5e87bad3c948f4d605d) (ScriptedImporter) -> (artifact id: '63e210bea99a9f851508f0c41ae54403') in 0.0237476 seconds
Number of updated asset objects reloaded before import = 0Number of asset objects unloaded after import = 1

========================================================================
Received Import Request.
  Time since last request: 0.000023 seconds.
  path: Assets/3.UI/kenney_board-game-icons/PNG/Default (64px)/token_in.png
  artifactKey: Guid(a762faa129f46c04d8c002e1cbbd51e7) Importer(2089858483,b0f066a214c2f5e87bad3c948f4d605d)
Start importing Assets/3.UI/kenney_board-game-icons/PNG/Default (64px)/token_in.png using Guid(a762faa129f46c04d8c002e1cbbd51e7) Importer(2089858483,b0f066a214c2f5e87bad3c948f4d605d) (ScriptedImporter) -> (artifact id: 'f33171644923f1631cba64b2af4e0b06') in 0.0203676 seconds
Number of updated asset objects reloaded before import = 0Number of asset objects unloaded after import = 1

========================================================================
Received Import Request.
  Time since last request: 0.000035 seconds.
  path: Assets/3.UI/kenney_desert-shooter-pack_1.0/PNG/Players/Tiles/tile_0014.png
  artifactKey: Guid(83e6afc8479c24a418edb4ed30ad463d) Importer(2089858483,b0f066a214c2f5e87bad3c948f4d605d)
Start importing Assets/3.UI/kenney_desert-shooter-pack_1.0/PNG/Players/Tiles/tile_0014.png using Guid(83e6afc8479c24a418edb4ed30ad463d) Importer(2089858483,b0f066a214c2f5e87bad3c948f4d605d) (ScriptedImporter) -> (artifact id: '97d19347a64981fb5e3e8aa4c174bb82') in 0.0232007 seconds
Number of updated asset objects reloaded before import = 0Number of asset objects unloaded after import = 1

========================================================================
Received Import Request.
  Time since last request: 0.000020 seconds.
  path: Assets/3.UI/kenney_board-game-icons/PNG/Double (128px)/tag_shield_infinite.png
  artifactKey: Guid(233a256268be5f74dac30e24ed16b7fe) Importer(2089858483,b0f066a214c2f5e87bad3c948f4d605d)
Start importing Assets/3.UI/kenney_board-game-icons/PNG/Double (128px)/tag_shield_infinite.png using Guid(233a256268be5f74dac30e24ed16b7fe) Importer(2089858483,b0f066a214c2f5e87bad3c948f4d605d) (ScriptedImporter) -> (artifact id: 'c7073f44974c77d4b0e3f7d4d67759c1') in 0.0244856 seconds
Number of updated asset objects reloaded before import = 0Number of asset objects unloaded after import = 1

========================================================================
Received Import Request.
  Time since last request: 0.000018 seconds.
  path: Assets/3.UI/kenney_cursor-pixel-pack/Tiles/tile_0013.png
  artifactKey: Guid(173cabb60b8629f4f834e3bd300ef731) Importer(2089858483,b0f066a214c2f5e87bad3c948f4d605d)
Start importing Assets/3.UI/kenney_cursor-pixel-pack/Tiles/tile_0013.png using Guid(173cabb60b8629f4f834e3bd300ef731) Importer(2089858483,b0f066a214c2f5e87bad3c948f4d605d) (ScriptedImporter) -> (artifact id: 'ae9c35c7a39114ace404f54386d95003') in 0.0227431 seconds
Number of updated asset objects reloaded before import = 0Number of asset objects unloaded after import = 1

========================================================================
Received Import Request.
  Time since last request: 0.000020 seconds.
  path: Assets/3.UI/kenney_board-game-icons/PNG/Double (128px)/lock_open.png
  artifactKey: Guid(0731b8353c757a54ab5da697691a4e29) Importer(2089858483,b0f066a214c2f5e87bad3c948f4d605d)
Start importing Assets/3.UI/kenney_board-game-icons/PNG/Double (128px)/lock_open.png using Guid(0731b8353c757a54ab5da697691a4e29) Importer(2089858483,b0f066a214c2f5e87bad3c948f4d605d) (ScriptedImporter) -> (artifact id: '906a432bccf5ff06e3cd2f896186114f') in 0.0245064 seconds
Number of updated asset objects reloaded before import = 0Number of asset objects unloaded after import = 1

========================================================================
Received Import Request.
  Time since last request: 0.000045 seconds.
  path: Assets/3.UI/kenney_board-game-icons/PNG/Default (64px)/character_remove.png
  artifactKey: Guid(f5afa07fbc8946e429da948d6e6f9327) Importer(2089858483,b0f066a214c2f5e87bad3c948f4d605d)
Start importing Assets/3.UI/kenney_board-game-icons/PNG/Default (64px)/character_remove.png using Guid(f5afa07fbc8946e429da948d6e6f9327) Importer(2089858483,b0f066a214c2f5e87bad3c948f4d605d) (ScriptedImporter) -> (artifact id: '5b7d455138421b23720d11a226411724') in 0.0180866 seconds
Number of updated asset objects reloaded before import = 0Number of asset objects unloaded after import = 1

========================================================================
Received Import Request.
  Time since last request: 0.000016 seconds.
  path: Assets/3.UI/kenney_desert-shooter-pack_1.0/PNG/Weapons/Tiles/tile_0033.png
  artifactKey: Guid(78064999b9413814e8b34faf4feeb8bc) Importer(2089858483,b0f066a214c2f5e87bad3c948f4d605d)
Start importing Assets/3.UI/kenney_desert-shooter-pack_1.0/PNG/Weapons/Tiles/tile_0033.png using Guid(78064999b9413814e8b34faf4feeb8bc) Importer(2089858483,b0f066a214c2f5e87bad3c948f4d605d) (ScriptedImporter) -> (artifact id: 'c88cc7ee8388ec8dcee578fd55987ecb') in 0.0167818 seconds
Number of updated asset objects reloaded before import = 0Number of asset objects unloaded after import = 1

========================================================================
Received Import Request.
  Time since last request: 0.000025 seconds.
  path: Assets/3.UI/kenney_board-game-icons/PNG/Default (64px)/hourglass_bottom.png
  artifactKey: Guid(b72d709928a13134f8bf6de6d11b17be) Importer(2089858483,b0f066a214c2f5e87bad3c948f4d605d)
Start importing Assets/3.UI/kenney_board-game-icons/PNG/Default (64px)/hourglass_bottom.png using Guid(b72d709928a13134f8bf6de6d11b17be) Importer(2089858483,b0f066a214c2f5e87bad3c948f4d605d) (ScriptedImporter) -> (artifact id: '66755c32d5a9cc61b1b5b72a6a4ead5f') in 0.0206731 seconds
Number of updated asset objects reloaded before import = 0Number of asset objects unloaded after import = 1

========================================================================
Received Import Request.
  Time since last request: 0.000024 seconds.
  path: Assets/3.UI/kenney_desert-shooter-pack_1.0/PNG/Interface/Tiles/tile_0179.png
  artifactKey: Guid(451096e9aa4c42343917a05eecf8508b) Importer(2089858483,b0f066a214c2f5e87bad3c948f4d605d)
Start importing Assets/3.UI/kenney_desert-shooter-pack_1.0/PNG/Interface/Tiles/tile_0179.png using Guid(451096e9aa4c42343917a05eecf8508b) Importer(2089858483,b0f066a214c2f5e87bad3c948f4d605d) (ScriptedImporter) -> (artifact id: '252e14c62751f521f46b404af788deec') in 0.0158287 seconds
Number of updated asset objects reloaded before import = 0Number of asset objects unloaded after import = 1

========================================================================
Received Import Request.
  Time since last request: 0.000057 seconds.
  path: Assets/3.UI/kenney_desert-shooter-pack_1.0/PNG/Interface/Tiles/tile_0158.png
  artifactKey: Guid(88c6a058bc52dd6458d9ebb8405c0fde) Importer(2089858483,b0f066a214c2f5e87bad3c948f4d605d)
Start importing Assets/3.UI/kenney_desert-shooter-pack_1.0/PNG/Interface/Tiles/tile_0158.png using Guid(88c6a058bc52dd6458d9ebb8405c0fde) Importer(2089858483,b0f066a214c2f5e87bad3c948f4d605d) (ScriptedImporter) -> (artifact id: '9f2d82f8f0dac53b89e968dade61f063') in 0.0183927 seconds
Number of updated asset objects reloaded before import = 0Number of asset objects unloaded after import = 1

========================================================================
Received Import Request.
  Time since last request: 0.000020 seconds.
  path: Assets/3.UI/kenney_desert-shooter-pack_1.0/PNG/Interface/Tiles/tile_0022.png
  artifactKey: Guid(db0102c7ee0ec7246a7bfad3c53d5c03) Importer(2089858483,b0f066a214c2f5e87bad3c948f4d605d)
Start importing Assets/3.UI/kenney_desert-shooter-pack_1.0/PNG/Interface/Tiles/tile_0022.png using Guid(db0102c7ee0ec7246a7bfad3c53d5c03) Importer(2089858483,b0f066a214c2f5e87bad3c948f4d605d) (ScriptedImporter) -> (artifact id: '5687857a28b5d86d0eea4722fd3b0ef0') in 0.0158017 seconds
Number of updated asset objects reloaded before import = 0Number of asset objects unloaded after import = 1

========================================================================
Received Import Request.
  Time since last request: 0.000028 seconds.
  path: Assets/3.UI/kenney_desert-shooter-pack_1.0/PNG/Interface/Tiles/tile_0142.png
  artifactKey: Guid(cf8ec10054d39a540bc60a47d6a15e41) Importer(2089858483,b0f066a214c2f5e87bad3c948f4d605d)
Start importing Assets/3.UI/kenney_desert-shooter-pack_1.0/PNG/Interface/Tiles/tile_0142.png using Guid(cf8ec10054d39a540bc60a47d6a15e41) Importer(2089858483,b0f066a214c2f5e87bad3c948f4d605d) (ScriptedImporter) -> (artifact id: 'b6480ab1888d5891bf9a036755dbe45f') in 0.0165133 seconds
Number of updated asset objects reloaded before import = 0Number of asset objects unloaded after import = 1

========================================================================
Received Import Request.
  Time since last request: 0.000022 seconds.
  path: Assets/3.UI/kenney_cursor-pixel-pack/Tiles/tile_0110.png
  artifactKey: Guid(15294cdfbf5bf7e4ebf8381fb5c56481) Importer(2089858483,b0f066a214c2f5e87bad3c948f4d605d)
Start importing Assets/3.UI/kenney_cursor-pixel-pack/Tiles/tile_0110.png using Guid(15294cdfbf5bf7e4ebf8381fb5c56481) Importer(2089858483,b0f066a214c2f5e87bad3c948f4d605d) (ScriptedImporter) -> (artifact id: 'c9ec09213910e66cd94c96a51ebcd928') in 0.0174747 seconds
Number of updated asset objects reloaded before import = 0Number of asset objects unloaded after import = 1

========================================================================
Received Import Request.
  Time since last request: 0.000027 seconds.
  path: Assets/3.UI/kenney_desert-shooter-pack_1.0/Sounds/jump-b.ogg
  artifactKey: Guid(1ad56fc7ec0a4824b94d07de9933335a) Importer(2089858483,b0f066a214c2f5e87bad3c948f4d605d)
Start importing Assets/3.UI/kenney_desert-shooter-pack_1.0/Sounds/jump-b.ogg using Guid(1ad56fc7ec0a4824b94d07de9933335a) Importer(2089858483,b0f066a214c2f5e87bad3c948f4d605d) (ScriptedImporter) -> (artifact id: '384be08a6c96ae499f93eee5f7546197') in 0.0342543 seconds
Number of updated asset objects reloaded before import = 0Number of asset objects unloaded after import = 1

========================================================================
Received Import Request.
  Time since last request: 0.000026 seconds.
  path: Assets/3.UI/kenney_desert-shooter-pack_1.0/PNG/Interface/Tiles/tile_0116.png
  artifactKey: Guid(045e597fc9570184ca3033bcf8545573) Importer(2089858483,b0f066a214c2f5e87bad3c948f4d605d)
Start importing Assets/3.UI/kenney_desert-shooter-pack_1.0/PNG/Interface/Tiles/tile_0116.png using Guid(045e597fc9570184ca3033bcf8545573) Importer(2089858483,b0f066a214c2f5e87bad3c948f4d605d) (ScriptedImporter) -> (artifact id: '0598fce6fc3b6977732f5991dabdfa09') in 0.0203408 seconds
Number of updated asset objects reloaded before import = 0Number of asset objects unloaded after import = 1

========================================================================
Received Import Request.
  Time since last request: 0.000019 seconds.
  path: Assets/3.UI/kenney_desert-shooter-pack_1.0/PNG/Interface/Tiles/tile_0082.png
  artifactKey: Guid(9f4db12a9890b96449febfec5ea34215) Importer(2089858483,b0f066a214c2f5e87bad3c948f4d605d)
Start importing Assets/3.UI/kenney_desert-shooter-pack_1.0/PNG/Interface/Tiles/tile_0082.png using Guid(9f4db12a9890b96449febfec5ea34215) Importer(2089858483,b0f066a214c2f5e87bad3c948f4d605d) (ScriptedImporter) -> (artifact id: '0637bb391fcd52f75cbda9869b644c86') in 0.0185388 seconds
Number of updated asset objects reloaded before import = 0Number of asset objects unloaded after import = 1

========================================================================
Received Import Request.
  Time since last request: 0.000037 seconds.
  path: Assets/3.UI/kenney_desert-shooter-pack_1.0/Sounds/lose-d.ogg
  artifactKey: Guid(62df7988004e54e47bce68989d33e66d) Importer(2089858483,b0f066a214c2f5e87bad3c948f4d605d)
Start importing Assets/3.UI/kenney_desert-shooter-pack_1.0/Sounds/lose-d.ogg using Guid(62df7988004e54e47bce68989d33e66d) Importer(2089858483,b0f066a214c2f5e87bad3c948f4d605d) (ScriptedImporter) -> (artifact id: '0cc86329a0e45bae07927b6fcbb048e0') in 0.0260999 seconds
Number of updated asset objects reloaded before import = 0Number of asset objects unloaded after import = 1

========================================================================
Received Import Request.
  Time since last request: 0.000087 seconds.
  path: Assets/3.UI/kenney_desert-shooter-pack_1.0/Sounds/shoot-h.ogg
  artifactKey: Guid(94dd6eaed0c929744a7525cf4a2376b2) Importer(2089858483,b0f066a214c2f5e87bad3c948f4d605d)
Start importing Assets/3.UI/kenney_desert-shooter-pack_1.0/Sounds/shoot-h.ogg using Guid(94dd6eaed0c929744a7525cf4a2376b2) Importer(2089858483,b0f066a214c2f5e87bad3c948f4d605d) (ScriptedImporter) -> (artifact id: '456d37644b1be53c29986a9dfb06e397') in 0.0285303 seconds
Number of updated asset objects reloaded before import = 0Number of asset objects unloaded after import = 1

========================================================================
Received Import Request.
  Time since last request: 0.000033 seconds.
  path: Assets/3.UI/kenney_desert-shooter-pack_1.0/PNG/Interface/Tiles/tile_0011.png
  artifactKey: Guid(ef27be7c977e4974c8ecd3530bca738f) Importer(2089858483,b0f066a214c2f5e87bad3c948f4d605d)
Start importing Assets/3.UI/kenney_desert-shooter-pack_1.0/PNG/Interface/Tiles/tile_0011.png using Guid(ef27be7c977e4974c8ecd3530bca738f) Importer(2089858483,b0f066a214c2f5e87bad3c948f4d605d) (ScriptedImporter) -> (artifact id: '280ce1a92f3a24a7057c7b4cad637575') in 0.0186313 seconds
Number of updated asset objects reloaded before import = 0Number of asset objects unloaded after import = 1

========================================================================
Received Import Request.
  Time since last request: 0.000018 seconds.
  path: Assets/3.UI/kenney_board-game-icons/Vector/Icons/timer_CW_75.svg
  artifactKey: Guid(4c08e9a56ebcc3b43a2fad255a0c9e39) Importer(2089858483,b0f066a214c2f5e87bad3c948f4d605d)
Start importing Assets/3.UI/kenney_board-game-icons/Vector/Icons/timer_CW_75.svg using Guid(4c08e9a56ebcc3b43a2fad255a0c9e39) Importer(2089858483,b0f066a214c2f5e87bad3c948f4d605d) (ScriptedImporter) -> (artifact id: '61aa9275c57aa4572fe181ce0a43e19c') in 0.0181854 seconds
Number of updated asset objects reloaded before import = 0Number of asset objects unloaded after import = 1

========================================================================
Received Import Request.
  Time since last request: 0.000016 seconds.
  path: Assets/3.UI/kenney_board-game-icons/Vector/Icons/structure_watchtower.svg
  artifactKey: Guid(540978466bc16cb44aa86c4498bdf20f) Importer(2089858483,b0f066a214c2f5e87bad3c948f4d605d)
Start importing Assets/3.UI/kenney_board-game-icons/Vector/Icons/structure_watchtower.svg using Guid(540978466bc16cb44aa86c4498bdf20f) Importer(2089858483,b0f066a214c2f5e87bad3c948f4d605d) (ScriptedImporter) -> (artifact id: 'aa66675349216e0b671f00302b8f354f') in 0.0144981 seconds
Number of updated asset objects reloaded before import = 0Number of asset objects unloaded after import = 1

========================================================================
Received Import Request.
  Time since last request: 0.000022 seconds.
  path: Assets/3.UI/kenney_desert-shooter-pack_1.0/PNG/Interface/Tiles/tile_0163.png
  artifactKey: Guid(d54633b09d3c89c459271801a6114951) Importer(2089858483,b0f066a214c2f5e87bad3c948f4d605d)
Start importing Assets/3.UI/kenney_desert-shooter-pack_1.0/PNG/Interface/Tiles/tile_0163.png using Guid(d54633b09d3c89c459271801a6114951) Importer(2089858483,b0f066a214c2f5e87bad3c948f4d605d) (ScriptedImporter) -> (artifact id: '01c8fde408e6b2ae1b78dd058130f118') in 0.019622 seconds
Number of updated asset objects reloaded before import = 0Number of asset objects unloaded after import = 1

========================================================================
Received Import Request.
  Time since last request: 0.000026 seconds.
  path: Assets/3.UI/kenney_board-game-icons/PNG/Double (128px)/d12_outline_number.png
  artifactKey: Guid(a555ed412ee9cbe49bc9349a6bc967b2) Importer(2089858483,b0f066a214c2f5e87bad3c948f4d605d)
Start importing Assets/3.UI/kenney_board-game-icons/PNG/Double (128px)/d12_outline_number.png using Guid(a555ed412ee9cbe49bc9349a6bc967b2) Importer(2089858483,b0f066a214c2f5e87bad3c948f4d605d) (ScriptedImporter) -> (artifact id: '0d5eaa5a0ab64b4016ab9b51fa4d482e') in 0.0202052 seconds
Number of updated asset objects reloaded before import = 0Number of asset objects unloaded after import = 1

========================================================================
Received Import Request.
  Time since last request: 0.000032 seconds.
  path: Assets/3.UI/kenney_desert-shooter-pack_1.0/PNG/Tiles/Tiles/tile_0230.png
  artifactKey: Guid(0a2f950f0a122604b8dd6466eae8c047) Importer(2089858483,b0f066a214c2f5e87bad3c948f4d605d)
Start importing Assets/3.UI/kenney_desert-shooter-pack_1.0/PNG/Tiles/Tiles/tile_0230.png using Guid(0a2f950f0a122604b8dd6466eae8c047) Importer(2089858483,b0f066a214c2f5e87bad3c948f4d605d) (ScriptedImporter) -> (artifact id: '8dcc72436b8e043df938b6eeff24f1b9') in 0.0199502 seconds
Number of updated asset objects reloaded before import = 0Number of asset objects unloaded after import = 1

========================================================================
Received Import Request.
  Time since last request: 0.000019 seconds.
  path: Assets/3.UI/kenney_board-game-icons/Vector/Icons/card_target.svg
  artifactKey: Guid(22beebe480bcafb4c8c9ba6bbf8eb372) Importer(2089858483,b0f066a214c2f5e87bad3c948f4d605d)
Start importing Assets/3.UI/kenney_board-game-icons/Vector/Icons/card_target.svg using Guid(22beebe480bcafb4c8c9ba6bbf8eb372) Importer(2089858483,b0f066a214c2f5e87bad3c948f4d605d) (ScriptedImporter) -> (artifact id: 'd548375c52a842b57b947ad6ad01b117') in 0.0205536 seconds
Number of updated asset objects reloaded before import = 0Number of asset objects unloaded after import = 1

========================================================================
Received Import Request.
  Time since last request: 0.000015 seconds.
  path: Assets/3.UI/kenney_board-game-icons/PNG/Double (128px)/card_place.png
  artifactKey: Guid(5ebf42652de700744b96a822278c4e59) Importer(2089858483,b0f066a214c2f5e87bad3c948f4d605d)
Start importing Assets/3.UI/kenney_board-game-icons/PNG/Double (128px)/card_place.png using Guid(5ebf42652de700744b96a822278c4e59) Importer(2089858483,b0f066a214c2f5e87bad3c948f4d605d) (ScriptedImporter) -> (artifact id: '6eb1050ea9d7b5e10a2e0cfc2e7d3ed4') in 0.0260265 seconds
Number of updated asset objects reloaded before import = 0Number of asset objects unloaded after import = 1

========================================================================
Received Import Request.
  Time since last request: 0.000028 seconds.
  path: Assets/3.UI/kenney_desert-shooter-pack_1.0/PNG/Tiles/Tiles/tile_0062.png
  artifactKey: Guid(4de0647dba0a31b489192a07a9525de4) Importer(2089858483,b0f066a214c2f5e87bad3c948f4d605d)
Start importing Assets/3.UI/kenney_desert-shooter-pack_1.0/PNG/Tiles/Tiles/tile_0062.png using Guid(4de0647dba0a31b489192a07a9525de4) Importer(2089858483,b0f066a214c2f5e87bad3c948f4d605d) (ScriptedImporter) -> (artifact id: 'fb3c75f98cf28f57b6dee1ffdafba0e3') in 0.0214183 seconds
Number of updated asset objects reloaded before import = 0Number of asset objects unloaded after import = 1

