[Licensing::Module] Trying to connect to existing licensing client channel...
Built from '6000.3/respin/6000.3.6f1-732c1ec89f18' branch; Version is '6000.3.6f1 (bbb010bdb8a3) revision 12300304'; Using compiler version '194234433'; Build Type 'Release'
OS: 'Windows 10  (10.0.19045) 64bit Core' Language: 'ko' Physical Memory: 16269 MB
BatchMode: 1, IsHumanControllingUs: 0, StartBugReporterOnCrash: 0, Is64bit: 1
System  architecture: x64
Process architecture: x64
Date: 2026-03-08T07:32:04Z
[Licensing::IpcConnector] Successfully connected to: "LicenseClient-rgtt0" at "2026-03-08T07:32:04.8860568Z"

COMMAND LINE ARGUMENTS:
C:\Program Files\Unity\Hub\Editor\6000.3.6f1\Editor\Unity.exe
-adb2
-batchMode
-noUpm
-name
AssetImportWorker0
-projectPath
D:/Project/MergIdel
-logFile
Logs/AssetImportWorker0.log
-srvPort
49790
-licensingIpc
LicenseClient-rgtt0
-job-worker-count
3
-background-job-worker-count
8
-gc-helper-count
1
-name
AssetImport
Successfully changed project path to: D:/Project/MergIdel
D:/Project/MergIdel
[UnityMemory] Configuration Parameters - Can be set up in boot.config
    "memorysetup-temp-allocator-size-nav-mesh-worker=65536"
    "memorysetup-temp-allocator-size-audio-worker=65536"
    "memorysetup-temp-allocator-size-gfx=262144"
    "memorysetup-allocator-temp-initial-block-size-main=262144"
    "memorysetup-allocator-temp-initial-block-size-worker=262144"
    "memorysetup-temp-allocator-size-background-worker=32768"
    "memorysetup-temp-allocator-size-job-worker=262144"
    "memorysetup-temp-allocator-size-preload-manager=33554432"
    "memorysetup-temp-allocator-size-gi-baking-worker=262144"
    "memorysetup-temp-allocator-size-gi-baking-worker=262144"
    "memorysetup-temp-allocator-size-gi-baking-worker=262144"
    "memorysetup-temp-allocator-size-gi-baking-worker=262144"
    "memorysetup-temp-allocator-size-gi-baking-worker=262144"
    "memorysetup-bucket-allocator-granularity=16"
    "memorysetup-bucket-allocator-bucket-count=8"
    "memorysetup-bucket-allocator-block-size=33554432"
    "memorysetup-bucket-allocator-block-count=8"
    "memorysetup-main-allocator-block-size=16777216"
    "memorysetup-thread-allocator-block-size=16777216"
    "memorysetup-gfx-main-allocator-block-size=16777216"
    "memorysetup-gfx-thread-allocator-block-size=16777216"
    "memorysetup-cache-allocator-block-size=4194304"
    "memorysetup-typetree-allocator-block-size=2097152"
    "memorysetup-profiler-bucket-allocator-granularity=16"
    "memorysetup-profiler-bucket-allocator-bucket-count=8"
    "memorysetup-profiler-bucket-allocator-block-size=33554432"
    "memorysetup-profiler-bucket-allocator-block-count=8"
    "memorysetup-profiler-allocator-block-size=16777216"
    "memorysetup-profiler-editor-allocator-block-size=1048576"
    "memorysetup-temp-allocator-size-main=16777216"
    "memorysetup-job-temp-allocator-block-size=2097152"
    "memorysetup-job-temp-allocator-block-size-background=1048576"
    "memorysetup-job-temp-allocator-reduction-small-platforms=262144"
    "memorysetup-temp-allocator-size-cloud-worker=32768"
Player connection [4748]  Target information:

Player connection [4748]  * "[IP] 192.168.45.189 [Port] 0 [Flags] 2 [Guid] 1502304805 [EditorId] 1502304805 [Version] 1048832 [Id] WindowsEditor(7,DESKTOP-BAE3L91) [Debug] 1 [PackageName] WindowsEditor [ProjectName] Editor" 

Player connection [4748] Host joined multi-casting on [225.0.0.222:54997]...
Player connection [4748] Host joined alternative multi-casting on [225.0.0.222:34997]...
JobSystem: Creating JobQueue using job-worker-count value 3
Input System module state changed to: Initialized.
[Physics::Module] Initialized fallback backend.
[Physics::Module] Id: 0xdecafbad
Library Redirect Path: Library/
[Physics::Module] Selected backend.
[Physics::Module] Name: PhysX
[Physics::Module] Id: 0xf2b8ea05
[Physics::Module] SDK Version: 4.1.2
[Physics::Module] Integration Version: 1.0.0
[Physics::Module] Threading Mode: Multi-Threaded
Refreshing native plugins compatible for Editor in 4.11 ms, found 3 plugins.
Preloading 0 native plugins for Editor in 0.00 ms.
Initialize engine version: 6000.3.6f1 (bbb010bdb8a3)
[Subsystems] Discovering subsystems at path C:/Program Files/Unity/Hub/Editor/6000.3.6f1/Editor/Data/Resources/UnitySubsystems
[Subsystems] Discovering subsystems at path D:/Project/MergIdel/Assets
GfxDevice: creating device client; kGfxThreadingModeNonThreaded
Direct3D:
    Version:  Direct3D 11.0 [level 11.1]
    Renderer: NVIDIA GeForce GTX 1050 (ID=0x1c8d)
    Vendor:   NVIDIA
    VRAM:     1977 MB
    Driver:   30.0.14.7219
Initialize mono
Mono path[0] = 'C:/Program Files/Unity/Hub/Editor/6000.3.6f1/Editor/Data/Managed'
Mono path[1] = 'C:/Program Files/Unity/Hub/Editor/6000.3.6f1/Editor/Data/MonoBleedingEdge/lib/mono/unityjit-win32'
Mono config path = 'C:/Program Files/Unity/Hub/Editor/6000.3.6f1/Editor/Data/MonoBleedingEdge/etc'
Using monoOptions --debugger-agent=transport=dt_socket,embedding=1,server=y,suspend=n,address=127.0.0.1:56012
Begin MonoManager ReloadAssembly
Registering precompiled unity dll's ...
Register platform support module: C:/Program Files/Unity/Hub/Editor/6000.3.6f1/Editor/Data/PlaybackEngines/WebGLSupport/UnityEditor.WebGL.Extensions.dll
Register platform support module: C:/Program Files/Unity/Hub/Editor/6000.3.6f1/Editor/Data/PlaybackEngines/WindowsStandaloneSupport/UnityEditor.WindowsStandalone.Extensions.dll
Registered in 0.005883 seconds.
- Loaded All Assemblies, in  1.692 seconds
Native extension for WindowsStandalone target not found
Native extension for WebGL target not found
[Licensing::Client] Handshaking with LicensingClient:
  Version:                 1.17.4+4293ba1
  Session Id:              9ea39b544dc64314a74652ffe867bd27
  Correlation Id:          387d0a4a80d2c6a84c281caed59ed934
  External correlation Id: 6622932175555059490
  Machine Id:              xJiAPwrQIqva+u7bFi6KnfCkHk4=
[Licensing::Module] Successfully connected to LicensingClient on channel: "LicenseClient-rgtt0" (connect: 0.00s, validation: 0.00s, handshake: 4.33s)
[Licensing::IpcConnector] Successfully connected to: "LicenseClient-rgtt0-notifications" at "2026-03-08T07:32:09.2162418Z"
[Licensing::Module] Licensing Background thread has ended after 4.33s
ScheduleIndexationOnStartup MainProcess:False IndexOnStartup:True
Mono: successfully reloaded assembly
- Finished resetting the current domain, in  1.778 seconds
Domain Reload Profiling: 3460ms
	BeginReloadAssembly (567ms)
		ExecutionOrderSort (0ms)
		DisableScriptedObjects (0ms)
		BackupInstance (0ms)
		ReleaseScriptingObjects (0ms)
		CreateAndSetChildDomain (2ms)
	RebuildCommonClasses (126ms)
	RebuildNativeTypeToScriptingClass (46ms)
	initialDomainReloadingComplete (186ms)
	LoadAllAssembliesAndSetupDomain (756ms)
		LoadAssemblies (556ms)
		RebuildTransferFunctionScriptingTraits (0ms)
		AnalyzeDomain (742ms)
			TypeCache.Refresh (739ms)
				TypeCache.ScanAssembly (680ms)
			BuildScriptInfoCaches (0ms)
			ResolveRequiredComponents (1ms)
	FinalizeReload (1779ms)
		ReleaseScriptCaches (0ms)
		RebuildScriptCaches (0ms)
		SetupLoadedEditorAssemblies (1569ms)
			LogAssemblyErrors (0ms)
			InitializePlatformSupportModulesInManaged (239ms)
			SetLoadedEditorAssemblies (19ms)
			BeforeProcessingInitializeOnLoad (687ms)
			ProcessInitializeOnLoadAttributes (353ms)
			ProcessInitializeOnLoadMethodAttributes (270ms)
			AfterProcessingInitializeOnLoad (0ms)
			EditorAssembliesLoaded (0ms)
		ExecutionOrderSort2 (0ms)
		AwakeInstancesAfterBackupRestoration (0ms)
========================================================================
Worker process is ready to serve import requests
Import Worker Mode flag is 0x00
Begin MonoManager ReloadAssembly
[Licensing::Client] Successfully resolved entitlement details
[Licensing::Module] License group:
  Id: 14569662510675-UnityPersXXXX
  Product: Unity Personal
  Type: Assigned
  Expiration: Unlimited
- Loaded All Assemblies, in  3.247 seconds
Refreshing native plugins compatible for Editor in 1.39 ms, found 3 plugins.
Native extension for WindowsStandalone target not found
Native extension for WebGL target not found
Package Manager log level set to [2]
[Package Manager] Failed to launch server process. Reason: Unity was launched with the -noUpm command-line argument
[Package Manager] Unable to send message (not connected to server process).
[Package Manager] Cannot connect to Unity Package Manager local server
ScheduleIndexationOnStartup MainProcess:False IndexOnStartup:True
Mono: successfully reloaded assembly
- Finished resetting the current domain, in  2.595 seconds
Domain Reload Profiling: 5831ms
	BeginReloadAssembly (796ms)
		ExecutionOrderSort (0ms)
		DisableScriptedObjects (24ms)
		BackupInstance (0ms)
		ReleaseScriptingObjects (0ms)
		CreateAndSetChildDomain (204ms)
	RebuildCommonClasses (126ms)
	RebuildNativeTypeToScriptingClass (54ms)
	initialDomainReloadingComplete (158ms)
	LoadAllAssembliesAndSetupDomain (2100ms)
		LoadAssemblies (1504ms)
		RebuildTransferFunctionScriptingTraits (0ms)
		AnalyzeDomain (994ms)
			TypeCache.Refresh (702ms)
				TypeCache.ScanAssembly (611ms)
			BuildScriptInfoCaches (227ms)
			ResolveRequiredComponents (55ms)
	FinalizeReload (2596ms)
		ReleaseScriptCaches (0ms)
		RebuildScriptCaches (0ms)
		SetupLoadedEditorAssemblies (1995ms)
			LogAssemblyErrors (0ms)
			InitializePlatformSupportModulesInManaged (8ms)
			SetLoadedEditorAssemblies (11ms)
			BeforeProcessingInitializeOnLoad (500ms)
			ProcessInitializeOnLoadAttributes (1248ms)
			ProcessInitializeOnLoadMethodAttributes (210ms)
			AfterProcessingInitializeOnLoad (19ms)
			EditorAssembliesLoaded (0ms)
		ExecutionOrderSort2 (0ms)
		AwakeInstancesAfterBackupRestoration (14ms)
Launched and connected shader compiler UnityShaderCompiler.exe after 0.03 seconds
Refreshing native plugins compatible for Editor in 2.00 ms, found 3 plugins.
Preloading 0 native plugins for Editor in 0.00 ms.
Unloading 16 Unused Serialized files (Serialized files now loaded: 0)
Unloading 6242 unused Assets / (3.9 MB). Loaded Objects now: 7040.
Memory consumption went from 141.9 MB to 138.0 MB.
Total: 58.143900 ms (FindLiveObjects: 3.538500 ms CreateObjectMapping: 4.151600 ms MarkObjects: 28.871800 ms  DeleteObjects: 21.579200 ms)

========================================================================
Received Import Request.
  Time since last request: 334.159043 seconds.
  path: Assets/Scripts/Core/GameBootstrap.cs
  artifactKey: Guid(cd1c2657aa48d5d47ba3103d0fea56e5) Importer(815301076,1909f56bfc062723c751e8b465ee728b)
Start importing Assets/Scripts/Core/GameBootstrap.cs using Guid(cd1c2657aa48d5d47ba3103d0fea56e5) Importer(815301076,1909f56bfc062723c751e8b465ee728b) (PreviewImporter) -> (artifact id: 'f0cc3a1a7f0c1e6a357d3428f8610bc5') in 0.012025 seconds
Number of updated asset objects reloaded before import = 0Number of asset objects unloaded after import = 0

========================================================================
Received Import Request.
  Time since last request: 0.000122 seconds.
  path: Assets/Scripts/Managers
  artifactKey: Guid(fa060913626bb3848a67b589fc0e6cd1) Importer(815301076,1909f56bfc062723c751e8b465ee728b)
Start importing Assets/Scripts/Managers using Guid(fa060913626bb3848a67b589fc0e6cd1) Importer(815301076,1909f56bfc062723c751e8b465ee728b) (PreviewImporter) -> (artifact id: 'f2be2dd7882bf3eb09bb44f46b0143e3') in 0.0010356 seconds
Number of updated asset objects reloaded before import = 0Number of asset objects unloaded after import = 0

========================================================================
Received Import Request.
  Time since last request: 0.000027 seconds.
  path: Assets/Scenes/SampleScene.unity
  artifactKey: Guid(99c9720ab356a0642a771bea13969a05) Importer(815301076,1909f56bfc062723c751e8b465ee728b)
Start importing Assets/Scenes/SampleScene.unity using Guid(99c9720ab356a0642a771bea13969a05) Importer(815301076,1909f56bfc062723c751e8b465ee728b) (PreviewImporter) -> (artifact id: '092f7974db3fb175701bdf9959c1e23b') in 0.0011949 seconds
Number of updated asset objects reloaded before import = 0Number of asset objects unloaded after import = 0

========================================================================
Received Import Request.
  Time since last request: 0.000025 seconds.
  path: Assets/Scripts/Gameplay
  artifactKey: Guid(53b37a08ab3813145a9a9c65f82409bc) Importer(815301076,1909f56bfc062723c751e8b465ee728b)
Start importing Assets/Scripts/Gameplay using Guid(53b37a08ab3813145a9a9c65f82409bc) Importer(815301076,1909f56bfc062723c751e8b465ee728b) (PreviewImporter) -> (artifact id: '93f5947afeee4fee8bf206cea77e6cdf') in 0.0009499 seconds
Number of updated asset objects reloaded before import = 0Number of asset objects unloaded after import = 0

========================================================================
Received Import Request.
  Time since last request: 1410.314910 seconds.
  path: Assets/Scenes/Lobby.unity
  artifactKey: Guid(99c9720ab356a0642a771bea13969a05) Importer(815301076,1909f56bfc062723c751e8b465ee728b)
Start importing Assets/Scenes/Lobby.unity using Guid(99c9720ab356a0642a771bea13969a05) Importer(815301076,1909f56bfc062723c751e8b465ee728b) (PreviewImporter) -> (artifact id: 'fca8919bf4cd459e73106c198503c581') in 0.0012407 seconds
Number of updated asset objects reloaded before import = 0Number of asset objects unloaded after import = 0

========================================================================
Received Prepare
Begin MonoManager ReloadAssembly
[Licensing::Client] Successfully resolved entitlement details
- Loaded All Assemblies, in  3.500 seconds
Refreshing native plugins compatible for Editor in 0.84 ms, found 3 plugins.
Native extension for WindowsStandalone target not found
Native extension for WebGL target not found
[Package Manager] Failed to launch server process. Reason: Unity was launched with the -noUpm command-line argument
[Package Manager] Unable to send message (not connected to server process).
[Package Manager] Cannot connect to Unity Package Manager local server
ScheduleIndexationOnStartup MainProcess:False IndexOnStartup:True
Mono: successfully reloaded assembly
- Finished resetting the current domain, in  1.327 seconds
Domain Reload Profiling: 4827ms
	BeginReloadAssembly (739ms)
		ExecutionOrderSort (0ms)
		DisableScriptedObjects (11ms)
		BackupInstance (0ms)
		ReleaseScriptingObjects (0ms)
		CreateAndSetChildDomain (75ms)
	RebuildCommonClasses (183ms)
	RebuildNativeTypeToScriptingClass (35ms)
	initialDomainReloadingComplete (42ms)
	LoadAllAssembliesAndSetupDomain (2501ms)
		LoadAssemblies (2711ms)
		RebuildTransferFunctionScriptingTraits (0ms)
		AnalyzeDomain (354ms)
			TypeCache.Refresh (14ms)
				TypeCache.ScanAssembly (1ms)
			BuildScriptInfoCaches (322ms)
			ResolveRequiredComponents (13ms)
	FinalizeReload (1327ms)
		ReleaseScriptCaches (0ms)
		RebuildScriptCaches (0ms)
		SetupLoadedEditorAssemblies (1034ms)
			LogAssemblyErrors (0ms)
			InitializePlatformSupportModulesInManaged (3ms)
			SetLoadedEditorAssemblies (6ms)
			BeforeProcessingInitializeOnLoad (248ms)
			ProcessInitializeOnLoadAttributes (676ms)
			ProcessInitializeOnLoadMethodAttributes (91ms)
			AfterProcessingInitializeOnLoad (10ms)
			EditorAssembliesLoaded (0ms)
		ExecutionOrderSort2 (0ms)
		AwakeInstancesAfterBackupRestoration (22ms)
Refreshing native plugins compatible for Editor in 1.64 ms, found 3 plugins.
Preloading 0 native plugins for Editor in 0.00 ms.
Unloading 16 Unused Serialized files (Serialized files now loaded: 0)
Unloading 6241 unused Assets / (4.4 MB). Loaded Objects now: 7061.
Memory consumption went from 147.4 MB to 143.0 MB.
Total: 15.234400 ms (FindLiveObjects: 0.869600 ms CreateObjectMapping: 1.322200 ms MarkObjects: 9.700500 ms  DeleteObjects: 3.340400 ms)

Prepare: number of updated asset objects reloaded= 0
========================================================================
Received Prepare
Begin MonoManager ReloadAssembly
[Licensing::Client] Successfully resolved entitlement details
- Loaded All Assemblies, in  2.066 seconds
Refreshing native plugins compatible for Editor in 1.19 ms, found 3 plugins.
Assertion failed on expression: 'pred(*previous, *i)'
Assertion failed on expression: 'pred(*previous, *i)'
Native extension for WindowsStandalone target not found
Native extension for WebGL target not found
[Package Manager] Failed to launch server process. Reason: Unity was launched with the -noUpm command-line argument
[Package Manager] Unable to send message (not connected to server process).
[Package Manager] Cannot connect to Unity Package Manager local server
ScheduleIndexationOnStartup MainProcess:False IndexOnStartup:True
Mono: successfully reloaded assembly
- Finished resetting the current domain, in  1.192 seconds
Domain Reload Profiling: 3252ms
	BeginReloadAssembly (508ms)
		ExecutionOrderSort (0ms)
		DisableScriptedObjects (14ms)
		BackupInstance (0ms)
		ReleaseScriptingObjects (0ms)
		CreateAndSetChildDomain (113ms)
	RebuildCommonClasses (109ms)
	RebuildNativeTypeToScriptingClass (57ms)
	initialDomainReloadingComplete (78ms)
	LoadAllAssembliesAndSetupDomain (1308ms)
		LoadAssemblies (1265ms)
		RebuildTransferFunctionScriptingTraits (0ms)
		AnalyzeDomain (325ms)
			TypeCache.Refresh (21ms)
				TypeCache.ScanAssembly (2ms)
			BuildScriptInfoCaches (281ms)
			ResolveRequiredComponents (18ms)
	FinalizeReload (1192ms)
		ReleaseScriptCaches (0ms)
		RebuildScriptCaches (0ms)
		SetupLoadedEditorAssemblies (936ms)
			LogAssemblyErrors (0ms)
			InitializePlatformSupportModulesInManaged (3ms)
			SetLoadedEditorAssemblies (5ms)
			BeforeProcessingInitializeOnLoad (217ms)
			ProcessInitializeOnLoadAttributes (608ms)
			ProcessInitializeOnLoadMethodAttributes (93ms)
			AfterProcessingInitializeOnLoad (10ms)
			EditorAssembliesLoaded (0ms)
		ExecutionOrderSort2 (0ms)
		AwakeInstancesAfterBackupRestoration (19ms)
Refreshing native plugins compatible for Editor in 1.03 ms, found 3 plugins.
Preloading 0 native plugins for Editor in 0.00 ms.
Unloading 16 Unused Serialized files (Serialized files now loaded: 0)
Unloading 6254 unused Assets / (4.2 MB). Loaded Objects now: 7077.
Memory consumption went from 147.4 MB to 143.2 MB.
Total: 14.524200 ms (FindLiveObjects: 0.897900 ms CreateObjectMapping: 1.584400 ms MarkObjects: 8.792500 ms  DeleteObjects: 3.248200 ms)

Prepare: number of updated asset objects reloaded= 0
========================================================================
Received Import Request.
  Time since last request: 1761.794521 seconds.
  path: Assets/Scripts/UI
  artifactKey: Guid(253ab5ee66ca2a44b848662421f3270a) Importer(815301076,1909f56bfc062723c751e8b465ee728b)
Start importing Assets/Scripts/UI using Guid(253ab5ee66ca2a44b848662421f3270a) Importer(815301076,1909f56bfc062723c751e8b465ee728b) (PreviewImporter) -> (artifact id: '72265687220badc8ad2ef0be6b304bef') in 0.0681884 seconds
Number of updated asset objects reloaded before import = 0Number of asset objects unloaded after import = 0

========================================================================
Received Import Request.
  Time since last request: 3.053690 seconds.
  path: Assets/Scripts/Docs
  artifactKey: Guid(b53e693baac6f494884f12fa92bbf97e) Importer(815301076,1909f56bfc062723c751e8b465ee728b)
Start importing Assets/Scripts/Docs using Guid(b53e693baac6f494884f12fa92bbf97e) Importer(815301076,1909f56bfc062723c751e8b465ee728b) (PreviewImporter) -> (artifact id: 'ba8231f5bd7586cff92e6bf8d0a9a3dc') in 0.0014417 seconds
Number of updated asset objects reloaded before import = 0Number of asset objects unloaded after import = 0

========================================================================
Received Import Request.
  Time since last request: 5.637637 seconds.
  path: Assets
  artifactKey: Guid(00000000000000001000000000000000) Importer(815301076,1909f56bfc062723c751e8b465ee728b)
Start importing Assets using Guid(00000000000000001000000000000000) Importer(815301076,1909f56bfc062723c751e8b465ee728b) (PreviewImporter) -> (artifact id: 'c391582d739b6e62a5220f35cbb167ac') in 0.0009259 seconds
Number of updated asset objects reloaded before import = 0Number of asset objects unloaded after import = 0

========================================================================
Received Import Request.
  Time since last request: 4.711370 seconds.
  path: Assets/Scripts/Managers/GameManager.cs
  artifactKey: Guid(e4edb9f14e488fb429be340b52f299f6) Importer(2089858483,b0f066a214c2f5e87bad3c948f4d605d)
Start importing Assets/Scripts/Managers/GameManager.cs using Guid(e4edb9f14e488fb429be340b52f299f6) Importer(2089858483,b0f066a214c2f5e87bad3c948f4d605d) (ScriptedImporter) -> (artifact id: '3aa80c4164b07761ad644803a59ace74') in 0.1247525 seconds
Number of updated asset objects reloaded before import = 0Number of asset objects unloaded after import = 0

========================================================================
Received Import Request.
  Time since last request: 0.000029 seconds.
  path: Assets/Scripts/Data/ItemData.cs
  artifactKey: Guid(a41de718095675441b22337bd5380495) Importer(2089858483,b0f066a214c2f5e87bad3c948f4d605d)
Start importing Assets/Scripts/Data/ItemData.cs using Guid(a41de718095675441b22337bd5380495) Importer(2089858483,b0f066a214c2f5e87bad3c948f4d605d) (ScriptedImporter) -> (artifact id: '2d4e2b5f01a06cb56fd354d04f76d5a7') in 0.012268 seconds
Number of updated asset objects reloaded before import = 0Number of asset objects unloaded after import = 0

========================================================================
Received Import Request.
  Time since last request: 0.000028 seconds.
  path: Assets/Scripts/Managers/BaseHealthManager.cs
  artifactKey: Guid(371b4396e8e02c349b88b199d14d34d7) Importer(2089858483,b0f066a214c2f5e87bad3c948f4d605d)
Start importing Assets/Scripts/Managers/BaseHealthManager.cs using Guid(371b4396e8e02c349b88b199d14d34d7) Importer(2089858483,b0f066a214c2f5e87bad3c948f4d605d) (ScriptedImporter) -> (artifact id: 'd617b8189381f25d32d26c57de42fcdd') in 0.0176562 seconds
Number of updated asset objects reloaded before import = 0Number of asset objects unloaded after import = 0

========================================================================
Received Import Request.
  Time since last request: 0.000026 seconds.
  path: Assets/Scripts/Managers/EconomyManager.cs
  artifactKey: Guid(dc01b59df46d448499e8b768c7af8bfe) Importer(2089858483,b0f066a214c2f5e87bad3c948f4d605d)
Start importing Assets/Scripts/Managers/EconomyManager.cs using Guid(dc01b59df46d448499e8b768c7af8bfe) Importer(2089858483,b0f066a214c2f5e87bad3c948f4d605d) (ScriptedImporter) -> (artifact id: '3feb956e3a23acbf87665dbf91b084c3') in 0.0178685 seconds
Number of updated asset objects reloaded before import = 0Number of asset objects unloaded after import = 0

========================================================================
Received Import Request.
  Time since last request: 0.000021 seconds.
  path: Assets/Scripts/UI/UIDefenseGameOver.cs
  artifactKey: Guid(0d7c3a9fe3dda51478d4beeb70d1c03e) Importer(2089858483,b0f066a214c2f5e87bad3c948f4d605d)
Start importing Assets/Scripts/UI/UIDefenseGameOver.cs using Guid(0d7c3a9fe3dda51478d4beeb70d1c03e) Importer(2089858483,b0f066a214c2f5e87bad3c948f4d605d) (ScriptedImporter) -> (artifact id: '13720ccc5ce159bd1a3b18417eeef503') in 0.0154799 seconds
Number of updated asset objects reloaded before import = 0Number of asset objects unloaded after import = 0

========================================================================
Received Import Request.
  Time since last request: 0.000021 seconds.
  path: Assets/Scripts/Editor/CreateMergeFactoryDefaults.cs
  artifactKey: Guid(285c8a46698b6db499497eb5ab41529f) Importer(2089858483,b0f066a214c2f5e87bad3c948f4d605d)
Start importing Assets/Scripts/Editor/CreateMergeFactoryDefaults.cs using Guid(285c8a46698b6db499497eb5ab41529f) Importer(2089858483,b0f066a214c2f5e87bad3c948f4d605d) (ScriptedImporter) -> (artifact id: 'dc1b2e14581bf53d28910bab056d7630') in 0.0194253 seconds
Number of updated asset objects reloaded before import = 0Number of asset objects unloaded after import = 0

========================================================================
Received Import Request.
  Time since last request: 0.000029 seconds.
  path: Assets/Scripts/Gameplay/MergeBoard.cs
  artifactKey: Guid(50b8193014802424e98113fdaa513ac9) Importer(2089858483,b0f066a214c2f5e87bad3c948f4d605d)
Start importing Assets/Scripts/Gameplay/MergeBoard.cs using Guid(50b8193014802424e98113fdaa513ac9) Importer(2089858483,b0f066a214c2f5e87bad3c948f4d605d) (ScriptedImporter) -> (artifact id: '75c4eccc78af4e801e3a6208a4bdc694') in 0.016644 seconds
Number of updated asset objects reloaded before import = 0Number of asset objects unloaded after import = 0

========================================================================
Received Import Request.
  Time since last request: 0.000016 seconds.
  path: Assets/Scripts/UI/UIUpgradePanel.cs
  artifactKey: Guid(fcd9e0c2e9cac7a47b9f78814964dc49) Importer(2089858483,b0f066a214c2f5e87bad3c948f4d605d)
Start importing Assets/Scripts/UI/UIUpgradePanel.cs using Guid(fcd9e0c2e9cac7a47b9f78814964dc49) Importer(2089858483,b0f066a214c2f5e87bad3c948f4d605d) (ScriptedImporter) -> (artifact id: 'a179511ee43c4acc3472b63dd0d1fe5c') in 0.0195785 seconds
Number of updated asset objects reloaded before import = 0Number of asset objects unloaded after import = 0

========================================================================
Received Import Request.
  Time since last request: 0.000020 seconds.
  path: Assets/Scripts/Managers/MergeManager.cs
  artifactKey: Guid(d75a2c3587fd88f409f186748b164c9d) Importer(2089858483,b0f066a214c2f5e87bad3c948f4d605d)
Start importing Assets/Scripts/Managers/MergeManager.cs using Guid(d75a2c3587fd88f409f186748b164c9d) Importer(2089858483,b0f066a214c2f5e87bad3c948f4d605d) (ScriptedImporter) -> (artifact id: '0e21c137ed0c285499471f92610e9908') in 0.0147201 seconds
Number of updated asset objects reloaded before import = 0Number of asset objects unloaded after import = 0

========================================================================
Received Import Request.
  Time since last request: 0.000049 seconds.
  path: Assets/Scripts/Managers/UpgradeManager.cs
  artifactKey: Guid(a1798df907745394a9194f2828da2fc7) Importer(2089858483,b0f066a214c2f5e87bad3c948f4d605d)
Start importing Assets/Scripts/Managers/UpgradeManager.cs using Guid(a1798df907745394a9194f2828da2fc7) Importer(2089858483,b0f066a214c2f5e87bad3c948f4d605d) (ScriptedImporter) -> (artifact id: '59a844e0ede5381e139f349c84d181cc') in 0.0204469 seconds
Number of updated asset objects reloaded before import = 0Number of asset objects unloaded after import = 0

========================================================================
Received Import Request.
  Time since last request: 0.000031 seconds.
  path: Assets/Scripts/UI/UIDefenseStartWave.cs
  artifactKey: Guid(3e9b22a9ecf1eb84ea503a37222270e6) Importer(2089858483,b0f066a214c2f5e87bad3c948f4d605d)
Start importing Assets/Scripts/UI/UIDefenseStartWave.cs using Guid(3e9b22a9ecf1eb84ea503a37222270e6) Importer(2089858483,b0f066a214c2f5e87bad3c948f4d605d) (ScriptedImporter) -> (artifact id: '4219aa5706ef2b9a8f5e11b9389c392c') in 0.0243379 seconds
Number of updated asset objects reloaded before import = 0Number of asset objects unloaded after import = 0

========================================================================
Received Import Request.
  Time since last request: 0.000043 seconds.
  path: Assets/Scripts/UI/UIDefenseWave.cs
  artifactKey: Guid(f826f3aa00217dc4896513875ff92d60) Importer(2089858483,b0f066a214c2f5e87bad3c948f4d605d)
Start importing Assets/Scripts/UI/UIDefenseWave.cs using Guid(f826f3aa00217dc4896513875ff92d60) Importer(2089858483,b0f066a214c2f5e87bad3c948f4d605d) (ScriptedImporter) -> (artifact id: 'beb9b9e6e59982613b382e2426bb05a7') in 0.0149642 seconds
Number of updated asset objects reloaded before import = 0Number of asset objects unloaded after import = 0

========================================================================
Received Import Request.
  Time since last request: 0.000030 seconds.
  path: Assets/Scripts/Editor/CanvasScalerSetup.cs
  artifactKey: Guid(d28befecc4d16ed44952269c66fd7efb) Importer(2089858483,b0f066a214c2f5e87bad3c948f4d605d)
Start importing Assets/Scripts/Editor/CanvasScalerSetup.cs using Guid(d28befecc4d16ed44952269c66fd7efb) Importer(2089858483,b0f066a214c2f5e87bad3c948f4d605d) (ScriptedImporter) -> (artifact id: 'f54962a59b19f1cfeffea8a06fe5868f') in 0.0151091 seconds
Number of updated asset objects reloaded before import = 0Number of asset objects unloaded after import = 0

========================================================================
Received Import Request.
  Time since last request: 0.000022 seconds.
  path: Assets/Scripts/Managers/DefenseManager.cs
  artifactKey: Guid(b3429b8c14b7df743b3e066b80b9c5ee) Importer(2089858483,b0f066a214c2f5e87bad3c948f4d605d)
Start importing Assets/Scripts/Managers/DefenseManager.cs using Guid(b3429b8c14b7df743b3e066b80b9c5ee) Importer(2089858483,b0f066a214c2f5e87bad3c948f4d605d) (ScriptedImporter) -> (artifact id: 'e5be59cc4db9dfd4014d0f96946b2cf8') in 0.0142398 seconds
Number of updated asset objects reloaded before import = 0Number of asset objects unloaded after import = 0

========================================================================
Received Import Request.
  Time since last request: 0.000033 seconds.
  path: Assets/Scripts/Docs/UI_화면비율_설정.md
  artifactKey: Guid(9fe1d49c3f5d9384d81213f11fb9d1af) Importer(2089858483,b0f066a214c2f5e87bad3c948f4d605d)
Start importing Assets/Scripts/Docs/UI_화면비율_설정.md using Guid(9fe1d49c3f5d9384d81213f11fb9d1af) Importer(2089858483,b0f066a214c2f5e87bad3c948f4d605d) (ScriptedImporter) -> (artifact id: '718f6b03f2748ccde6457218d8d43e55') in 0.0142243 seconds
Number of updated asset objects reloaded before import = 0Number of asset objects unloaded after import = 1

========================================================================
Received Import Request.
  Time since last request: 0.000031 seconds.
  path: Assets/Scripts/UI/UIScreenScaler.cs
  artifactKey: Guid(3d34afac52865d6429847d52aab11dfa) Importer(2089858483,b0f066a214c2f5e87bad3c948f4d605d)
Start importing Assets/Scripts/UI/UIScreenScaler.cs using Guid(3d34afac52865d6429847d52aab11dfa) Importer(2089858483,b0f066a214c2f5e87bad3c948f4d605d) (ScriptedImporter) -> (artifact id: 'bd096bb188b876f809b6f8741046381b') in 0.0147855 seconds
Number of updated asset objects reloaded before import = 0Number of asset objects unloaded after import = 0

========================================================================
Received Import Request.
  Time since last request: 0.000019 seconds.
  path: Assets/Scripts/UI/UIShopPanel.cs
  artifactKey: Guid(e8617d9d8d13fe04ea14ea33e430203d) Importer(2089858483,b0f066a214c2f5e87bad3c948f4d605d)
Start importing Assets/Scripts/UI/UIShopPanel.cs using Guid(e8617d9d8d13fe04ea14ea33e430203d) Importer(2089858483,b0f066a214c2f5e87bad3c948f4d605d) (ScriptedImporter) -> (artifact id: 'b7021c15668d0a574deebc15c418e470') in 0.0125506 seconds
Number of updated asset objects reloaded before import = 0Number of asset objects unloaded after import = 0

========================================================================
Received Import Request.
  Time since last request: 0.025373 seconds.
  path: Assets/UI
  artifactKey: Guid(c17d1d139691a3e43add905c8a82a569) Importer(815301076,1909f56bfc062723c751e8b465ee728b)
Start importing Assets/UI using Guid(c17d1d139691a3e43add905c8a82a569) Importer(815301076,1909f56bfc062723c751e8b465ee728b) (PreviewImporter) -> (artifact id: '7f988564d621d7325e3183ffbe381b29') in 0.0008715 seconds
Number of updated asset objects reloaded before import = 0Number of asset objects unloaded after import = 0

========================================================================
Received Import Request.
  Time since last request: 4.858175 seconds.
  path: Assets/0.Scenes
  artifactKey: Guid(65c20d452038d88419d8175b666b1a10) Importer(815301076,1909f56bfc062723c751e8b465ee728b)
Start importing Assets/0.Scenes using Guid(65c20d452038d88419d8175b666b1a10) Importer(815301076,1909f56bfc062723c751e8b465ee728b) (PreviewImporter) -> (artifact id: 'c22512cdd4fe0909cc8928994216ff34') in 0.0008724 seconds
Number of updated asset objects reloaded before import = 0Number of asset objects unloaded after import = 0

========================================================================
Received Import Request.
  Time since last request: 3.720696 seconds.
  path: Assets/Scripts/UI/UIFactorySlot.cs
  artifactKey: Guid(7b8b58a29f7ae3a4380b3dec36ab5922) Importer(2089858483,b0f066a214c2f5e87bad3c948f4d605d)
Start importing Assets/Scripts/UI/UIFactorySlot.cs using Guid(7b8b58a29f7ae3a4380b3dec36ab5922) Importer(2089858483,b0f066a214c2f5e87bad3c948f4d605d) (ScriptedImporter) -> (artifact id: '2b98ffb7aa86662912c09f1b3f466198') in 0.0149153 seconds
Number of updated asset objects reloaded before import = 0Number of asset objects unloaded after import = 0

========================================================================
Received Import Request.
  Time since last request: 0.000014 seconds.
  path: Assets/Scripts/Managers/SaveManager.cs
  artifactKey: Guid(cd38ef6ed102b2e49af12c47367e0b39) Importer(2089858483,b0f066a214c2f5e87bad3c948f4d605d)
Start importing Assets/Scripts/Managers/SaveManager.cs using Guid(cd38ef6ed102b2e49af12c47367e0b39) Importer(2089858483,b0f066a214c2f5e87bad3c948f4d605d) (ScriptedImporter) -> (artifact id: '796daf77441e78d0ba65749d9d4c2559') in 0.0180839 seconds
Number of updated asset objects reloaded before import = 0Number of asset objects unloaded after import = 0

========================================================================
Received Import Request.
  Time since last request: 0.000021 seconds.
  path: Assets/Scripts/Gameplay/Enemy.cs
  artifactKey: Guid(23dddf56ba3c08d448f8836e744939c7) Importer(2089858483,b0f066a214c2f5e87bad3c948f4d605d)
Start importing Assets/Scripts/Gameplay/Enemy.cs using Guid(23dddf56ba3c08d448f8836e744939c7) Importer(2089858483,b0f066a214c2f5e87bad3c948f4d605d) (ScriptedImporter) -> (artifact id: '023b6aa7a601ce2c042fa6611fb81de9') in 0.0166392 seconds
Number of updated asset objects reloaded before import = 0Number of asset objects unloaded after import = 0

========================================================================
Received Import Request.
  Time since last request: 0.000036 seconds.
  path: Assets/Scripts/UI/UIMergeSlot.cs
  artifactKey: Guid(eb55849c0a98cfe4c8e72925f38fc080) Importer(2089858483,b0f066a214c2f5e87bad3c948f4d605d)
Start importing Assets/Scripts/UI/UIMergeSlot.cs using Guid(eb55849c0a98cfe4c8e72925f38fc080) Importer(2089858483,b0f066a214c2f5e87bad3c948f4d605d) (ScriptedImporter) -> (artifact id: 'c7b6ae73df1dcc95227ffb3f41f3c216') in 0.0145333 seconds
Number of updated asset objects reloaded before import = 0Number of asset objects unloaded after import = 0

========================================================================
Received Import Request.
  Time since last request: 0.000043 seconds.
  path: Assets/Scripts/Managers/FactoryManager.cs
  artifactKey: Guid(5195d4f4d1dd0274080d8173f8c589ed) Importer(2089858483,b0f066a214c2f5e87bad3c948f4d605d)
Start importing Assets/Scripts/Managers/FactoryManager.cs using Guid(5195d4f4d1dd0274080d8173f8c589ed) Importer(2089858483,b0f066a214c2f5e87bad3c948f4d605d) (ScriptedImporter) -> (artifact id: '093c49cff16ff875885d330e428aa376') in 0.0166625 seconds
Number of updated asset objects reloaded before import = 0Number of asset objects unloaded after import = 0

========================================================================
Received Import Request.
  Time since last request: 0.000017 seconds.
  path: Assets/Scripts/UI/UIDefenseBaseHP.cs
  artifactKey: Guid(b5a619808018d894e9d6d1c37eb3eeac) Importer(2089858483,b0f066a214c2f5e87bad3c948f4d605d)
Start importing Assets/Scripts/UI/UIDefenseBaseHP.cs using Guid(b5a619808018d894e9d6d1c37eb3eeac) Importer(2089858483,b0f066a214c2f5e87bad3c948f4d605d) (ScriptedImporter) -> (artifact id: 'b54cf48cd6672a7a213a771ff03fdbe7') in 0.0166206 seconds
Number of updated asset objects reloaded before import = 0Number of asset objects unloaded after import = 0

========================================================================
Received Import Request.
  Time since last request: 0.000019 seconds.
  path: Assets/Scripts/Docs/씬_및_스크립트_배치_가이드.md
  artifactKey: Guid(79d211729c2d2bf4a8d042981c4d5694) Importer(2089858483,b0f066a214c2f5e87bad3c948f4d605d)
Start importing Assets/Scripts/Docs/씬_및_스크립트_배치_가이드.md using Guid(79d211729c2d2bf4a8d042981c4d5694) Importer(2089858483,b0f066a214c2f5e87bad3c948f4d605d) (ScriptedImporter) -> (artifact id: 'a457f3f0e2a9c37b0c9ab045e33f05be') in 0.0161946 seconds
Number of updated asset objects reloaded before import = 0Number of asset objects unloaded after import = 1

========================================================================
Received Import Request.
  Time since last request: 0.118365 seconds.
  path: Assets/0.Scenes
  artifactKey: Guid(65c20d452038d88419d8175b666b1a10) Importer(2089858483,b0f066a214c2f5e87bad3c948f4d605d)
Start importing Assets/0.Scenes using Guid(65c20d452038d88419d8175b666b1a10) Importer(2089858483,b0f066a214c2f5e87bad3c948f4d605d) (ScriptedImporter) -> (artifact id: '4050e750437a571b31e6a6db050a84b9') in 0.0105774 seconds
Number of updated asset objects reloaded before import = 0Number of asset objects unloaded after import = 1

========================================================================
Received Import Request.
  Time since last request: 0.520981 seconds.
  path: Assets/UI
  artifactKey: Guid(c17d1d139691a3e43add905c8a82a569) Importer(2089858483,b0f066a214c2f5e87bad3c948f4d605d)
Start importing Assets/UI using Guid(c17d1d139691a3e43add905c8a82a569) Importer(2089858483,b0f066a214c2f5e87bad3c948f4d605d) (ScriptedImporter) -> (artifact id: '7aca9049924c5f102f315b75f3430a25') in 0.0100421 seconds
Number of updated asset objects reloaded before import = 0Number of asset objects unloaded after import = 1

========================================================================
Received Prepare
Refreshing native plugins compatible for Editor in 1.01 ms, found 3 plugins.
Preloading 0 native plugins for Editor in 0.00 ms.
Unloading 16 Unused Serialized files (Serialized files now loaded: 0)
Unloading 6248 unused Assets / (4.3 MB). Loaded Objects now: 7077.
Memory consumption went from 147.6 MB to 143.3 MB.
Total: 18.670800 ms (FindLiveObjects: 0.952700 ms CreateObjectMapping: 1.486500 ms MarkObjects: 11.721000 ms  DeleteObjects: 4.509300 ms)

Prepare: number of updated asset objects reloaded= 0
========================================================================
Received Import Request.
  Time since last request: 1.220502 seconds.
  path: Assets/1.Scripts
  artifactKey: Guid(0a1c3da8cb63d274a9628914dc9284aa) Importer(815301076,1909f56bfc062723c751e8b465ee728b)
Start importing Assets/1.Scripts using Guid(0a1c3da8cb63d274a9628914dc9284aa) Importer(815301076,1909f56bfc062723c751e8b465ee728b) (PreviewImporter) -> (artifact id: '67fcc4a9ec35340ee7ebc0a47636c85d') in 0.0129372 seconds
Number of updated asset objects reloaded before import = 0Number of asset objects unloaded after import = 0

========================================================================
Received Import Request.
  Time since last request: 0.293460 seconds.
  path: Assets/1.Scripts/Editor
  artifactKey: Guid(699646fae707a674cb3c249c2c88bc3e) Importer(2089858483,b0f066a214c2f5e87bad3c948f4d605d)
Start importing Assets/1.Scripts/Editor using Guid(699646fae707a674cb3c249c2c88bc3e) Importer(2089858483,b0f066a214c2f5e87bad3c948f4d605d) (ScriptedImporter) -> (artifact id: '8f28e755ac7d19e8ae6543333ce2c2f3') in 0.0142441 seconds
Number of updated asset objects reloaded before import = 0Number of asset objects unloaded after import = 1

========================================================================
Received Import Request.
  Time since last request: 0.000057 seconds.
  path: Assets/1.Scripts/Gameplay
  artifactKey: Guid(53b37a08ab3813145a9a9c65f82409bc) Importer(2089858483,b0f066a214c2f5e87bad3c948f4d605d)
Start importing Assets/1.Scripts/Gameplay using Guid(53b37a08ab3813145a9a9c65f82409bc) Importer(2089858483,b0f066a214c2f5e87bad3c948f4d605d) (ScriptedImporter) -> (artifact id: '1c3d7a4349e20e001f52bd96a8abcfd7') in 0.0142914 seconds
Number of updated asset objects reloaded before import = 0Number of asset objects unloaded after import = 1

========================================================================
Received Import Request.
  Time since last request: 0.000069 seconds.
  path: Assets/1.Scripts/Managers/BaseHealthManager.cs
  artifactKey: Guid(371b4396e8e02c349b88b199d14d34d7) Importer(2089858483,b0f066a214c2f5e87bad3c948f4d605d)
Start importing Assets/1.Scripts/Managers/BaseHealthManager.cs using Guid(371b4396e8e02c349b88b199d14d34d7) Importer(2089858483,b0f066a214c2f5e87bad3c948f4d605d) (ScriptedImporter) -> (artifact id: 'dfffdbef2acd1df0f5fae3b43e7eca08') in 0.0121001 seconds
Number of updated asset objects reloaded before import = 0Number of asset objects unloaded after import = 0

========================================================================
Received Import Request.
  Time since last request: 0.000023 seconds.
  path: Assets/1.Scripts/UI
  artifactKey: Guid(253ab5ee66ca2a44b848662421f3270a) Importer(2089858483,b0f066a214c2f5e87bad3c948f4d605d)
Start importing Assets/1.Scripts/UI using Guid(253ab5ee66ca2a44b848662421f3270a) Importer(2089858483,b0f066a214c2f5e87bad3c948f4d605d) (ScriptedImporter) -> (artifact id: 'eae7af5db96d8b400f25db7643ec933a') in 0.0158549 seconds
Number of updated asset objects reloaded before import = 0Number of asset objects unloaded after import = 1

========================================================================
Received Import Request.
  Time since last request: 0.000026 seconds.
  path: Assets/1.Scripts/UI/UIDefenseGameOver.cs
  artifactKey: Guid(0d7c3a9fe3dda51478d4beeb70d1c03e) Importer(2089858483,b0f066a214c2f5e87bad3c948f4d605d)
Start importing Assets/1.Scripts/UI/UIDefenseGameOver.cs using Guid(0d7c3a9fe3dda51478d4beeb70d1c03e) Importer(2089858483,b0f066a214c2f5e87bad3c948f4d605d) (ScriptedImporter) -> (artifact id: 'e18ce8efa510b84123638bf8ce4a3b80') in 0.0159999 seconds
Number of updated asset objects reloaded before import = 0Number of asset objects unloaded after import = 0

========================================================================
Received Import Request.
  Time since last request: 0.000043 seconds.
  path: Assets/1.Scripts/Data/EnemyData.cs
  artifactKey: Guid(8a019d597f82fbc4481cdf6f242e4121) Importer(2089858483,b0f066a214c2f5e87bad3c948f4d605d)
Start importing Assets/1.Scripts/Data/EnemyData.cs using Guid(8a019d597f82fbc4481cdf6f242e4121) Importer(2089858483,b0f066a214c2f5e87bad3c948f4d605d) (ScriptedImporter) -> (artifact id: '8fc7830caab8f707821da1e6fc017c85') in 0.0138299 seconds
Number of updated asset objects reloaded before import = 0Number of asset objects unloaded after import = 0

========================================================================
Received Import Request.
  Time since last request: 0.000035 seconds.
  path: Assets/1.Scripts/Editor/CreateMergeFactoryDefaults.cs
  artifactKey: Guid(285c8a46698b6db499497eb5ab41529f) Importer(2089858483,b0f066a214c2f5e87bad3c948f4d605d)
Start importing Assets/1.Scripts/Editor/CreateMergeFactoryDefaults.cs using Guid(285c8a46698b6db499497eb5ab41529f) Importer(2089858483,b0f066a214c2f5e87bad3c948f4d605d) (ScriptedImporter) -> (artifact id: '70f50af497a3b307519bfb7df942692b') in 0.0113633 seconds
Number of updated asset objects reloaded before import = 0Number of asset objects unloaded after import = 0

========================================================================
Received Import Request.
  Time since last request: 0.000030 seconds.
  path: Assets/1.Scripts/Gameplay/MergeBoard.cs
  artifactKey: Guid(50b8193014802424e98113fdaa513ac9) Importer(2089858483,b0f066a214c2f5e87bad3c948f4d605d)
Start importing Assets/1.Scripts/Gameplay/MergeBoard.cs using Guid(50b8193014802424e98113fdaa513ac9) Importer(2089858483,b0f066a214c2f5e87bad3c948f4d605d) (ScriptedImporter) -> (artifact id: '997120b7e8c4fee511bd48ca2f2d635a') in 0.0167093 seconds
Number of updated asset objects reloaded before import = 0Number of asset objects unloaded after import = 0

========================================================================
Received Import Request.
  Time since last request: 0.000020 seconds.
  path: Assets/1.Scripts/UI/UIFactorySlotPicker.cs
  artifactKey: Guid(ea3d9709835d7604f9bdec7e9ecaa838) Importer(2089858483,b0f066a214c2f5e87bad3c948f4d605d)
Start importing Assets/1.Scripts/UI/UIFactorySlotPicker.cs using Guid(ea3d9709835d7604f9bdec7e9ecaa838) Importer(2089858483,b0f066a214c2f5e87bad3c948f4d605d) (ScriptedImporter) -> (artifact id: '610d97e1dec7c36148310df2fa0dad73') in 0.0153284 seconds
Number of updated asset objects reloaded before import = 0Number of asset objects unloaded after import = 0

========================================================================
Received Import Request.
  Time since last request: 0.000024 seconds.
  path: Assets/1.Scripts/Managers/MergeManager.cs
  artifactKey: Guid(d75a2c3587fd88f409f186748b164c9d) Importer(2089858483,b0f066a214c2f5e87bad3c948f4d605d)
Start importing Assets/1.Scripts/Managers/MergeManager.cs using Guid(d75a2c3587fd88f409f186748b164c9d) Importer(2089858483,b0f066a214c2f5e87bad3c948f4d605d) (ScriptedImporter) -> (artifact id: 'd1fabdd238290f686f918d3b18210bc9') in 0.0198453 seconds
Number of updated asset objects reloaded before import = 0Number of asset objects unloaded after import = 0

========================================================================
Received Import Request.
  Time since last request: 0.000035 seconds.
  path: Assets/1.Scripts/UI/UIInventoryGrid.cs
  artifactKey: Guid(04358ea036154be4c9483b296f47b75e) Importer(2089858483,b0f066a214c2f5e87bad3c948f4d605d)
Start importing Assets/1.Scripts/UI/UIInventoryGrid.cs using Guid(04358ea036154be4c9483b296f47b75e) Importer(2089858483,b0f066a214c2f5e87bad3c948f4d605d) (ScriptedImporter) -> (artifact id: 'f94e19d8edd68b126f14d79d68fcdece') in 0.0171638 seconds
Number of updated asset objects reloaded before import = 0Number of asset objects unloaded after import = 0

========================================================================
Received Import Request.
  Time since last request: 0.000021 seconds.
  path: Assets/1.Scripts/Data/WaveData.cs
  artifactKey: Guid(8789f0f8f695fb140bf0763bd87313b8) Importer(2089858483,b0f066a214c2f5e87bad3c948f4d605d)
Start importing Assets/1.Scripts/Data/WaveData.cs using Guid(8789f0f8f695fb140bf0763bd87313b8) Importer(2089858483,b0f066a214c2f5e87bad3c948f4d605d) (ScriptedImporter) -> (artifact id: 'e1d6f54b120cae6a6e1e089d71586553') in 0.0165017 seconds
Number of updated asset objects reloaded before import = 0Number of asset objects unloaded after import = 0

========================================================================
Received Import Request.
  Time since last request: 0.000018 seconds.
  path: Assets/1.Scripts/Data
  artifactKey: Guid(bdbadd5946ef7d14fa276f52c055f61d) Importer(2089858483,b0f066a214c2f5e87bad3c948f4d605d)
Start importing Assets/1.Scripts/Data using Guid(bdbadd5946ef7d14fa276f52c055f61d) Importer(2089858483,b0f066a214c2f5e87bad3c948f4d605d) (ScriptedImporter) -> (artifact id: 'd3c144db974a46b981e4e810093d857f') in 0.0170463 seconds
Number of updated asset objects reloaded before import = 0Number of asset objects unloaded after import = 1

========================================================================
Received Import Request.
  Time since last request: 0.000020 seconds.
  path: Assets/1.Scripts/Data/UpgradeData.cs
  artifactKey: Guid(31c403f0f1b4fd34196496c6e642f5dd) Importer(2089858483,b0f066a214c2f5e87bad3c948f4d605d)
Start importing Assets/1.Scripts/Data/UpgradeData.cs using Guid(31c403f0f1b4fd34196496c6e642f5dd) Importer(2089858483,b0f066a214c2f5e87bad3c948f4d605d) (ScriptedImporter) -> (artifact id: '8367741c7ea3d9404519cbd471dab074') in 0.0124893 seconds
Number of updated asset objects reloaded before import = 0Number of asset objects unloaded after import = 0

========================================================================
Received Import Request.
  Time since last request: 0.000054 seconds.
  path: Assets/1.Scripts/README_MergeFactory.md
  artifactKey: Guid(c85d85613267ede4d9dd2c6cc84a60d2) Importer(2089858483,b0f066a214c2f5e87bad3c948f4d605d)
Start importing Assets/1.Scripts/README_MergeFactory.md using Guid(c85d85613267ede4d9dd2c6cc84a60d2) Importer(2089858483,b0f066a214c2f5e87bad3c948f4d605d) (ScriptedImporter) -> (artifact id: 'f085e0a4d0bea1f3f6229d7b8a9e1b25') in 0.0133017 seconds
Number of updated asset objects reloaded before import = 0Number of asset objects unloaded after import = 1

========================================================================
Received Import Request.
  Time since last request: 0.000020 seconds.
  path: Assets/1.Scripts/Managers/WaveManager.cs
  artifactKey: Guid(b479eda5246582c40ae348cd567964da) Importer(2089858483,b0f066a214c2f5e87bad3c948f4d605d)
Start importing Assets/1.Scripts/Managers/WaveManager.cs using Guid(b479eda5246582c40ae348cd567964da) Importer(2089858483,b0f066a214c2f5e87bad3c948f4d605d) (ScriptedImporter) -> (artifact id: 'ba8686ed96b6c25893c000b72714390e') in 0.0135859 seconds
Number of updated asset objects reloaded before import = 0Number of asset objects unloaded after import = 0

========================================================================
Received Import Request.
  Time since last request: 0.000030 seconds.
  path: Assets/1.Scripts/UI/UICurrencyBar.cs
  artifactKey: Guid(2d027b547d4a8ba4fa3a312a5a1fb7ef) Importer(2089858483,b0f066a214c2f5e87bad3c948f4d605d)
Start importing Assets/1.Scripts/UI/UICurrencyBar.cs using Guid(2d027b547d4a8ba4fa3a312a5a1fb7ef) Importer(2089858483,b0f066a214c2f5e87bad3c948f4d605d) (ScriptedImporter) -> (artifact id: 'b893d1e1d5559f857b3ee701f5bc804b') in 0.0157659 seconds
Number of updated asset objects reloaded before import = 0Number of asset objects unloaded after import = 0

========================================================================
Received Import Request.
  Time since last request: 0.000021 seconds.
  path: Assets/1.Scripts/Docs/UI_화면비율_설정.md
  artifactKey: Guid(9fe1d49c3f5d9384d81213f11fb9d1af) Importer(2089858483,b0f066a214c2f5e87bad3c948f4d605d)
Start importing Assets/1.Scripts/Docs/UI_화면비율_설정.md using Guid(9fe1d49c3f5d9384d81213f11fb9d1af) Importer(2089858483,b0f066a214c2f5e87bad3c948f4d605d) (ScriptedImporter) -> (artifact id: '666be09d8823e6feb7e0cf43f8e05340') in 0.0182225 seconds
Number of updated asset objects reloaded before import = 0Number of asset objects unloaded after import = 1

========================================================================
Received Import Request.
  Time since last request: 0.000036 seconds.
  path: Assets/1.Scripts/UI/UIScreenScaler.cs
  artifactKey: Guid(3d34afac52865d6429847d52aab11dfa) Importer(2089858483,b0f066a214c2f5e87bad3c948f4d605d)
Start importing Assets/1.Scripts/UI/UIScreenScaler.cs using Guid(3d34afac52865d6429847d52aab11dfa) Importer(2089858483,b0f066a214c2f5e87bad3c948f4d605d) (ScriptedImporter) -> (artifact id: 'e258c5b3d4859483e1184265ba2952dc') in 0.0126287 seconds
Number of updated asset objects reloaded before import = 0Number of asset objects unloaded after import = 0

========================================================================
Received Import Request.
  Time since last request: 0.000019 seconds.
  path: Assets/1.Scripts/UI/UIDefenseSlot.cs
  artifactKey: Guid(e26767e8bed512a4fb1458e3bcc41832) Importer(2089858483,b0f066a214c2f5e87bad3c948f4d605d)
Start importing Assets/1.Scripts/UI/UIDefenseSlot.cs using Guid(e26767e8bed512a4fb1458e3bcc41832) Importer(2089858483,b0f066a214c2f5e87bad3c948f4d605d) (ScriptedImporter) -> (artifact id: 'ff9dbbc7fc29ee4da0a02838b31eb059') in 0.0152919 seconds
Number of updated asset objects reloaded before import = 0Number of asset objects unloaded after import = 0

========================================================================
Received Import Request.
  Time since last request: 0.000019 seconds.
  path: Assets/1.Scripts/Core
  artifactKey: Guid(f50384c1eecd47341a8981a34d5c749f) Importer(2089858483,b0f066a214c2f5e87bad3c948f4d605d)
Start importing Assets/1.Scripts/Core using Guid(f50384c1eecd47341a8981a34d5c749f) Importer(2089858483,b0f066a214c2f5e87bad3c948f4d605d) (ScriptedImporter) -> (artifact id: '848af657dc2ac234fd9e42101e0ef4d1') in 0.0163512 seconds
Number of updated asset objects reloaded before import = 0Number of asset objects unloaded after import = 1

========================================================================
Received Import Request.
  Time since last request: 0.000029 seconds.
  path: Assets/1.Scripts/Gameplay/Enemy.cs
  artifactKey: Guid(23dddf56ba3c08d448f8836e744939c7) Importer(2089858483,b0f066a214c2f5e87bad3c948f4d605d)
Start importing Assets/1.Scripts/Gameplay/Enemy.cs using Guid(23dddf56ba3c08d448f8836e744939c7) Importer(2089858483,b0f066a214c2f5e87bad3c948f4d605d) (ScriptedImporter) -> (artifact id: 'd66fb1c929c55d6bab774bc21a96567c') in 0.0182806 seconds
Number of updated asset objects reloaded before import = 0Number of asset objects unloaded after import = 0

========================================================================
Received Import Request.
  Time since last request: 0.000049 seconds.
  path: Assets/1.Scripts/UI/UIMergeSlot.cs
  artifactKey: Guid(eb55849c0a98cfe4c8e72925f38fc080) Importer(2089858483,b0f066a214c2f5e87bad3c948f4d605d)
Start importing Assets/1.Scripts/UI/UIMergeSlot.cs using Guid(eb55849c0a98cfe4c8e72925f38fc080) Importer(2089858483,b0f066a214c2f5e87bad3c948f4d605d) (ScriptedImporter) -> (artifact id: '3200df34ad43d3e8cbdadf6b724c0a9c') in 0.0173729 seconds
Number of updated asset objects reloaded before import = 0Number of asset objects unloaded after import = 0

========================================================================
Received Import Request.
  Time since last request: 0.000022 seconds.
  path: Assets/1.Scripts/Managers/FactoryManager.cs
  artifactKey: Guid(5195d4f4d1dd0274080d8173f8c589ed) Importer(2089858483,b0f066a214c2f5e87bad3c948f4d605d)
Start importing Assets/1.Scripts/Managers/FactoryManager.cs using Guid(5195d4f4d1dd0274080d8173f8c589ed) Importer(2089858483,b0f066a214c2f5e87bad3c948f4d605d) (ScriptedImporter) -> (artifact id: 'd335e7425bb65ed4a37ddb10a3249403') in 0.0131051 seconds
Number of updated asset objects reloaded before import = 0Number of asset objects unloaded after import = 0

========================================================================
Received Import Request.
  Time since last request: 0.000031 seconds.
  path: Assets/1.Scripts/UI/UIDefenseBaseHP.cs
  artifactKey: Guid(b5a619808018d894e9d6d1c37eb3eeac) Importer(2089858483,b0f066a214c2f5e87bad3c948f4d605d)
Start importing Assets/1.Scripts/UI/UIDefenseBaseHP.cs using Guid(b5a619808018d894e9d6d1c37eb3eeac) Importer(2089858483,b0f066a214c2f5e87bad3c948f4d605d) (ScriptedImporter) -> (artifact id: '26d2fd2bf4480260f174ca4926e07385') in 0.0158088 seconds
Number of updated asset objects reloaded before import = 0Number of asset objects unloaded after import = 0

========================================================================
Received Import Request.
  Time since last request: 0.000049 seconds.
  path: Assets/1.Scripts/Docs/씬_및_스크립트_배치_가이드.md
  artifactKey: Guid(79d211729c2d2bf4a8d042981c4d5694) Importer(2089858483,b0f066a214c2f5e87bad3c948f4d605d)
Start importing Assets/1.Scripts/Docs/씬_및_스크립트_배치_가이드.md using Guid(79d211729c2d2bf4a8d042981c4d5694) Importer(2089858483,b0f066a214c2f5e87bad3c948f4d605d) (ScriptedImporter) -> (artifact id: '633b77329eb71f23510d45a3f9277208') in 0.0144057 seconds
Number of updated asset objects reloaded before import = 0Number of asset objects unloaded after import = 1

========================================================================
Received Prepare
Begin MonoManager ReloadAssembly
[Licensing::Client] Successfully resolved entitlement details
- Loaded All Assemblies, in  1.167 seconds
Refreshing native plugins compatible for Editor in 0.84 ms, found 3 plugins.
Assertion failed on expression: 'pred(*previous, *i)'
Assertion failed on expression: 'pred(*previous, *i)'
Assertion failed on expression: 'pred(*previous, *i)'
Assertion failed on expression: 'pred(*previous, *i)'
Assertion failed on expression: 'pred(*previous, *i)'
Assertion failed on expression: 'pred(*previous, *i)'
Assertion failed on expression: 'pred(*previous, *i)'
Assertion failed on expression: 'pred(*previous, *i)'
Assertion failed on expression: 'pred(*previous, *i)'
Native extension for WindowsStandalone target not found
Native extension for WebGL target not found
[Package Manager] Failed to launch server process. Reason: Unity was launched with the -noUpm command-line argument
[Package Manager] Unable to send message (not connected to server process).
[Package Manager] Cannot connect to Unity Package Manager local server
ScheduleIndexationOnStartup MainProcess:False IndexOnStartup:True
Mono: successfully reloaded assembly
- Finished resetting the current domain, in  1.191 seconds
Domain Reload Profiling: 2358ms
	BeginReloadAssembly (390ms)
		ExecutionOrderSort (0ms)
		DisableScriptedObjects (41ms)
		BackupInstance (0ms)
		ReleaseScriptingObjects (0ms)
		CreateAndSetChildDomain (91ms)
	RebuildCommonClasses (62ms)
	RebuildNativeTypeToScriptingClass (25ms)
	initialDomainReloadingComplete (54ms)
	LoadAllAssembliesAndSetupDomain (635ms)
		LoadAssemblies (520ms)
		RebuildTransferFunctionScriptingTraits (0ms)
		AnalyzeDomain (268ms)
			TypeCache.Refresh (14ms)
				TypeCache.ScanAssembly (2ms)
			BuildScriptInfoCaches (234ms)
			ResolveRequiredComponents (15ms)
	FinalizeReload (1192ms)
		ReleaseScriptCaches (0ms)
		RebuildScriptCaches (0ms)
		SetupLoadedEditorAssemblies (961ms)
			LogAssemblyErrors (0ms)
			InitializePlatformSupportModulesInManaged (3ms)
			SetLoadedEditorAssemblies (5ms)
			BeforeProcessingInitializeOnLoad (224ms)
			ProcessInitializeOnLoadAttributes (626ms)
			ProcessInitializeOnLoadMethodAttributes (92ms)
			AfterProcessingInitializeOnLoad (10ms)
			EditorAssembliesLoaded (0ms)
		ExecutionOrderSort2 (0ms)
		AwakeInstancesAfterBackupRestoration (21ms)
Refreshing native plugins compatible for Editor in 0.81 ms, found 3 plugins.
Preloading 0 native plugins for Editor in 0.00 ms.
Unloading 16 Unused Serialized files (Serialized files now loaded: 0)
Unloading 6254 unused Assets / (4.3 MB). Loaded Objects now: 7080.
Memory consumption went from 147.5 MB to 143.2 MB.
Total: 11.296300 ms (FindLiveObjects: 0.865700 ms CreateObjectMapping: 1.360300 ms MarkObjects: 6.355500 ms  DeleteObjects: 2.713800 ms)

Prepare: number of updated asset objects reloaded= 0
========================================================================
Received Import Request.
  Time since last request: 9.605021 seconds.
  path: Assets/3.UI
  artifactKey: Guid(c17d1d139691a3e43add905c8a82a569) Importer(815301076,1909f56bfc062723c751e8b465ee728b)
Start importing Assets/3.UI using Guid(c17d1d139691a3e43add905c8a82a569) Importer(815301076,1909f56bfc062723c751e8b465ee728b) (PreviewImporter) -> (artifact id: '3b6b5707eff82202bf0e3d731a5a45cb') in 0.0094867 seconds
Number of updated asset objects reloaded before import = 0Number of asset objects unloaded after import = 0

========================================================================
Received Import Request.
  Time since last request: 4.545464 seconds.
  path: Assets/3.UI
  artifactKey: Guid(c17d1d139691a3e43add905c8a82a569) Importer(2089858483,b0f066a214c2f5e87bad3c948f4d605d)
Start importing Assets/3.UI using Guid(c17d1d139691a3e43add905c8a82a569) Importer(2089858483,b0f066a214c2f5e87bad3c948f4d605d) (ScriptedImporter) -> (artifact id: '805e51b6355ce01b68519621550967cc') in 0.0665132 seconds
Number of updated asset objects reloaded before import = 0Number of asset objects unloaded after import = 1

========================================================================
Received Import Request.
  Time since last request: 63.734800 seconds.
  path: Assets/3.UI/kenney_board-game-icons/Vector/Icons/d4_number.svg
  artifactKey: Guid(93ad9764ade8e1b41a32436a045a1d67) Importer(2089858483,b0f066a214c2f5e87bad3c948f4d605d)
Start importing Assets/3.UI/kenney_board-game-icons/Vector/Icons/d4_number.svg using Guid(93ad9764ade8e1b41a32436a045a1d67) Importer(2089858483,b0f066a214c2f5e87bad3c948f4d605d) (ScriptedImporter) -> (artifact id: '87dd05e72affec5822f30cf73e6cec69') in 0.0878848 seconds
Number of updated asset objects reloaded before import = 0Number of asset objects unloaded after import = 1

========================================================================
Received Import Request.
  Time since last request: 0.000078 seconds.
  path: Assets/3.UI/kenney_board-game-icons/Vector/Icons/arrow_diagonal.svg
  artifactKey: Guid(2d32bc8bbff289a41b66880464f3fa61) Importer(2089858483,b0f066a214c2f5e87bad3c948f4d605d)
Start importing Assets/3.UI/kenney_board-game-icons/Vector/Icons/arrow_diagonal.svg using Guid(2d32bc8bbff289a41b66880464f3fa61) Importer(2089858483,b0f066a214c2f5e87bad3c948f4d605d) (ScriptedImporter) -> (artifact id: 'e31ffc4a851d5d7c9733c14e8ad5db4e') in 0.0200682 seconds
Number of updated asset objects reloaded before import = 0Number of asset objects unloaded after import = 1

========================================================================
Received Import Request.
  Time since last request: 0.000073 seconds.
  path: Assets/3.UI/kenney_desert-shooter-pack_1.0/PNG/Tiles/Tiles/tile_0151.png
  artifactKey: Guid(eb49c9f3483cd154e9bddbc2b4cc5eb8) Importer(2089858483,b0f066a214c2f5e87bad3c948f4d605d)
Start importing Assets/3.UI/kenney_desert-shooter-pack_1.0/PNG/Tiles/Tiles/tile_0151.png using Guid(eb49c9f3483cd154e9bddbc2b4cc5eb8) Importer(2089858483,b0f066a214c2f5e87bad3c948f4d605d) (ScriptedImporter) -> (artifact id: '40227a5f876148ee70e7a464790d9f55') in 0.0668303 seconds
Number of updated asset objects reloaded before import = 0Number of asset objects unloaded after import = 1

========================================================================
Received Import Request.
  Time since last request: 0.000018 seconds.
  path: Assets/3.UI/kenney_board-game-icons/PNG/Double (128px)/cards_stack.png
  artifactKey: Guid(1cbb1130b968d584e9478510be9a238e) Importer(2089858483,b0f066a214c2f5e87bad3c948f4d605d)
Start importing Assets/3.UI/kenney_board-game-icons/PNG/Double (128px)/cards_stack.png using Guid(1cbb1130b968d584e9478510be9a238e) Importer(2089858483,b0f066a214c2f5e87bad3c948f4d605d) (ScriptedImporter) -> (artifact id: 'b09486c80bf304c88b8f7cb081bef731') in 0.0359837 seconds
Number of updated asset objects reloaded before import = 0Number of asset objects unloaded after import = 1

========================================================================
Received Import Request.
  Time since last request: 0.000027 seconds.
  path: Assets/3.UI/kenney_board-game-icons/PNG/Default (64px)/timer_CCW_25.png
  artifactKey: Guid(4595b1970f597d5449916f75a4e01363) Importer(2089858483,b0f066a214c2f5e87bad3c948f4d605d)
Start importing Assets/3.UI/kenney_board-game-icons/PNG/Default (64px)/timer_CCW_25.png using Guid(4595b1970f597d5449916f75a4e01363) Importer(2089858483,b0f066a214c2f5e87bad3c948f4d605d) (ScriptedImporter) -> (artifact id: '6683d15baa795858f03e1ce49c8f88de') in 0.0187014 seconds
Number of updated asset objects reloaded before import = 0Number of asset objects unloaded after import = 1

========================================================================
Received Import Request.
  Time since last request: 0.000026 seconds.
  path: Assets/3.UI/kenney_board-game-icons/PNG/Default (64px)/card_tap_outline.png
  artifactKey: Guid(fc749dafc7cdd8242931e317f2cc82da) Importer(2089858483,b0f066a214c2f5e87bad3c948f4d605d)
Start importing Assets/3.UI/kenney_board-game-icons/PNG/Default (64px)/card_tap_outline.png using Guid(fc749dafc7cdd8242931e317f2cc82da) Importer(2089858483,b0f066a214c2f5e87bad3c948f4d605d) (ScriptedImporter) -> (artifact id: '662167a6a3a9602305fd5064fca677e7') in 0.0195993 seconds
Number of updated asset objects reloaded before import = 0Number of asset objects unloaded after import = 1

========================================================================
Received Import Request.
  Time since last request: 0.000032 seconds.
  path: Assets/3.UI/kenney_desert-shooter-pack_1.0/PNG/Tiles/Tiles/tile_0181.png
  artifactKey: Guid(1dd975b50ba78d249bba8ac5f683be65) Importer(2089858483,b0f066a214c2f5e87bad3c948f4d605d)
Start importing Assets/3.UI/kenney_desert-shooter-pack_1.0/PNG/Tiles/Tiles/tile_0181.png using Guid(1dd975b50ba78d249bba8ac5f683be65) Importer(2089858483,b0f066a214c2f5e87bad3c948f4d605d) (ScriptedImporter) -> (artifact id: '812231be798fc7055a5ad40cc49aafa6') in 0.0175116 seconds
Number of updated asset objects reloaded before import = 0Number of asset objects unloaded after import = 1

========================================================================
Received Import Request.
  Time since last request: 0.000019 seconds.
  path: Assets/3.UI/kenney_desert-shooter-pack_1.0/PNG/Interface/Tiles/tile_0092.png
  artifactKey: Guid(d6874aa369538904995f6372c6f033aa) Importer(2089858483,b0f066a214c2f5e87bad3c948f4d605d)
Start importing Assets/3.UI/kenney_desert-shooter-pack_1.0/PNG/Interface/Tiles/tile_0092.png using Guid(d6874aa369538904995f6372c6f033aa) Importer(2089858483,b0f066a214c2f5e87bad3c948f4d605d) (ScriptedImporter) -> (artifact id: 'bfd4b6f38673f5b825868ba533947c85') in 0.0236642 seconds
Number of updated asset objects reloaded before import = 0Number of asset objects unloaded after import = 1

========================================================================
Received Import Request.
  Time since last request: 0.000025 seconds.
  path: Assets/3.UI/kenney_board-game-icons/Vector/Icons/tag_6.svg
  artifactKey: Guid(a0d1d7af51648ac498a85fb633b172e3) Importer(2089858483,b0f066a214c2f5e87bad3c948f4d605d)
Start importing Assets/3.UI/kenney_board-game-icons/Vector/Icons/tag_6.svg using Guid(a0d1d7af51648ac498a85fb633b172e3) Importer(2089858483,b0f066a214c2f5e87bad3c948f4d605d) (ScriptedImporter) -> (artifact id: 'd109620cd060206faef66700462b1d4f') in 0.0210971 seconds
Number of updated asset objects reloaded before import = 0Number of asset objects unloaded after import = 1

========================================================================
Received Import Request.
  Time since last request: 0.000024 seconds.
  path: Assets/3.UI/kenney_board-game-icons/Vector/Icons/dice_question.svg
  artifactKey: Guid(4057e17bccfb26a4cab40fe3ac1269bc) Importer(2089858483,b0f066a214c2f5e87bad3c948f4d605d)
Start importing Assets/3.UI/kenney_board-game-icons/Vector/Icons/dice_question.svg using Guid(4057e17bccfb26a4cab40fe3ac1269bc) Importer(2089858483,b0f066a214c2f5e87bad3c948f4d605d) (ScriptedImporter) -> (artifact id: 'e5ac6cb1aa5c082837daa41c7d1dbcb8') in 0.0144111 seconds
Number of updated asset objects reloaded before import = 0Number of asset objects unloaded after import = 1

========================================================================
Received Import Request.
  Time since last request: 0.000054 seconds.
  path: Assets/3.UI/kenney_board-game-icons/PNG/Default (64px)/timer_0.png
  artifactKey: Guid(1600e2450ab2e2e43942b0b668c33ba6) Importer(2089858483,b0f066a214c2f5e87bad3c948f4d605d)
Start importing Assets/3.UI/kenney_board-game-icons/PNG/Default (64px)/timer_0.png using Guid(1600e2450ab2e2e43942b0b668c33ba6) Importer(2089858483,b0f066a214c2f5e87bad3c948f4d605d) (ScriptedImporter) -> (artifact id: 'f80aa847a0ddedfc8cf094d25e92b3ca') in 0.0173246 seconds
Number of updated asset objects reloaded before import = 0Number of asset objects unloaded after import = 1

========================================================================
Received Import Request.
  Time since last request: 0.000021 seconds.
  path: Assets/3.UI/kenney_desert-shooter-pack_1.0/PNG/Enemies
  artifactKey: Guid(90f35895e75980243aa3c67f4847df32) Importer(2089858483,b0f066a214c2f5e87bad3c948f4d605d)
Start importing Assets/3.UI/kenney_desert-shooter-pack_1.0/PNG/Enemies using Guid(90f35895e75980243aa3c67f4847df32) Importer(2089858483,b0f066a214c2f5e87bad3c948f4d605d) (ScriptedImporter) -> (artifact id: '3f5048964bc33024429c3d0de1e0843e') in 0.0122255 seconds
Number of updated asset objects reloaded before import = 0Number of asset objects unloaded after import = 1

========================================================================
Received Import Request.
  Time since last request: 0.000023 seconds.
  path: Assets/3.UI/kenney_desert-shooter-pack_1.0/PNG/Tiles/Tiles/tile_0200.png
  artifactKey: Guid(8445415d1669b6f4e802ccd2fed912e3) Importer(2089858483,b0f066a214c2f5e87bad3c948f4d605d)
Start importing Assets/3.UI/kenney_desert-shooter-pack_1.0/PNG/Tiles/Tiles/tile_0200.png using Guid(8445415d1669b6f4e802ccd2fed912e3) Importer(2089858483,b0f066a214c2f5e87bad3c948f4d605d) (ScriptedImporter) -> (artifact id: '1a671a4fa242cd80b854157d046d8847') in 0.0355908 seconds
Number of updated asset objects reloaded before import = 0Number of asset objects unloaded after import = 1

========================================================================
Received Import Request.
  Time since last request: 0.000049 seconds.
  path: Assets/3.UI/kenney_board-game-icons/PNG/Default (64px)/resource_planks.png
  artifactKey: Guid(d45f9d4359695f2429937470c6ea751c) Importer(2089858483,b0f066a214c2f5e87bad3c948f4d605d)
Start importing Assets/3.UI/kenney_board-game-icons/PNG/Default (64px)/resource_planks.png using Guid(d45f9d4359695f2429937470c6ea751c) Importer(2089858483,b0f066a214c2f5e87bad3c948f4d605d) (ScriptedImporter) -> (artifact id: '71baf9fdf563fca8a417efcae0fdd234') in 0.0320086 seconds
Number of updated asset objects reloaded before import = 0Number of asset objects unloaded after import = 1

========================================================================
Received Import Request.
  Time since last request: 0.000092 seconds.
  path: Assets/3.UI/kenney_desert-shooter-pack_1.0/PNG/Interface/Tiles/tile_0115.png
  artifactKey: Guid(62900e83987412745bb3b6a9a5d1dba3) Importer(2089858483,b0f066a214c2f5e87bad3c948f4d605d)
Start importing Assets/3.UI/kenney_desert-shooter-pack_1.0/PNG/Interface/Tiles/tile_0115.png using Guid(62900e83987412745bb3b6a9a5d1dba3) Importer(2089858483,b0f066a214c2f5e87bad3c948f4d605d) (ScriptedImporter) -> (artifact id: '3b68c0f0d328e02ac246f8a2fd95bb8e') in 0.024412 seconds
Number of updated asset objects reloaded before import = 0Number of asset objects unloaded after import = 1

========================================================================
Received Import Request.
  Time since last request: 0.000032 seconds.
  path: Assets/3.UI/kenney_board-game-icons/Vector/Icons/d10.svg
  artifactKey: Guid(a07e467ec2f909b4996097295b1befbd) Importer(2089858483,b0f066a214c2f5e87bad3c948f4d605d)
Start importing Assets/3.UI/kenney_board-game-icons/Vector/Icons/d10.svg using Guid(a07e467ec2f909b4996097295b1befbd) Importer(2089858483,b0f066a214c2f5e87bad3c948f4d605d) (ScriptedImporter) -> (artifact id: '3667bf8db5714574797b970c339e40cb') in 0.0182076 seconds
Number of updated asset objects reloaded before import = 0Number of asset objects unloaded after import = 1

========================================================================
Received Import Request.
  Time since last request: 0.000029 seconds.
  path: Assets/3.UI/kenney_desert-shooter-pack_1.0/PNG/Tiles/Tiles/tile_0075.png
  artifactKey: Guid(1c57e9da6e37944448f6219571e740e0) Importer(2089858483,b0f066a214c2f5e87bad3c948f4d605d)
Start importing Assets/3.UI/kenney_desert-shooter-pack_1.0/PNG/Tiles/Tiles/tile_0075.png using Guid(1c57e9da6e37944448f6219571e740e0) Importer(2089858483,b0f066a214c2f5e87bad3c948f4d605d) (ScriptedImporter) -> (artifact id: '4cb88a09a7733ba8da1bd92028dc0ed3') in 0.0261942 seconds
Number of updated asset objects reloaded before import = 0Number of asset objects unloaded after import = 1

========================================================================
Received Import Request.
  Time since last request: 0.000038 seconds.
  path: Assets/3.UI/kenney_desert-shooter-pack_1.0/Sounds
  artifactKey: Guid(28b91422bed69c3429bfe9df644ea747) Importer(2089858483,b0f066a214c2f5e87bad3c948f4d605d)
Start importing Assets/3.UI/kenney_desert-shooter-pack_1.0/Sounds using Guid(28b91422bed69c3429bfe9df644ea747) Importer(2089858483,b0f066a214c2f5e87bad3c948f4d605d) (ScriptedImporter) -> (artifact id: '13745dff5f34d86eb87e3607ae0405e6') in 0.0145045 seconds
Number of updated asset objects reloaded before import = 0Number of asset objects unloaded after import = 1

========================================================================
Received Import Request.
  Time since last request: 0.000039 seconds.
  path: Assets/3.UI/kenney_board-game-icons/PNG/Double (128px)/tag_d6_infinte.png
  artifactKey: Guid(7fc95861b00c1c04a83045bf1c491a91) Importer(2089858483,b0f066a214c2f5e87bad3c948f4d605d)
Start importing Assets/3.UI/kenney_board-game-icons/PNG/Double (128px)/tag_d6_infinte.png using Guid(7fc95861b00c1c04a83045bf1c491a91) Importer(2089858483,b0f066a214c2f5e87bad3c948f4d605d) (ScriptedImporter) -> (artifact id: 'eba3fba260949236e7daf04304e6079b') in 0.024784 seconds
Number of updated asset objects reloaded before import = 0Number of asset objects unloaded after import = 1

========================================================================
Received Import Request.
  Time since last request: 0.000023 seconds.
  path: Assets/3.UI/kenney_desert-shooter-pack_1.0/PNG/Interface/Tiles/tile_0141.png
  artifactKey: Guid(09bcb3080e2e49c49afd900ad8719885) Importer(2089858483,b0f066a214c2f5e87bad3c948f4d605d)
Start importing Assets/3.UI/kenney_desert-shooter-pack_1.0/PNG/Interface/Tiles/tile_0141.png using Guid(09bcb3080e2e49c49afd900ad8719885) Importer(2089858483,b0f066a214c2f5e87bad3c948f4d605d) (ScriptedImporter) -> (artifact id: 'c7d07d95ed9347166c2e21950109a427') in 0.0302627 seconds
Number of updated asset objects reloaded before import = 0Number of asset objects unloaded after import = 1

========================================================================
Received Import Request.
  Time since last request: 0.000024 seconds.
  path: Assets/3.UI/kenney_board-game-icons/Vector/Icons/structure_wall.svg
  artifactKey: Guid(800487b5a21af894089747cf8a71e379) Importer(2089858483,b0f066a214c2f5e87bad3c948f4d605d)
Start importing Assets/3.UI/kenney_board-game-icons/Vector/Icons/structure_wall.svg using Guid(800487b5a21af894089747cf8a71e379) Importer(2089858483,b0f066a214c2f5e87bad3c948f4d605d) (ScriptedImporter) -> (artifact id: '7d54a784d0793a90b74f80a1a4911643') in 0.0181124 seconds
Number of updated asset objects reloaded before import = 0Number of asset objects unloaded after import = 1

========================================================================
Received Import Request.
  Time since last request: 0.000069 seconds.
  path: Assets/3.UI/kenney_cursor-pixel-pack/Tiles/tile_0144.png
  artifactKey: Guid(8cfa70c2ba00f4d469cf9697f52b2fa4) Importer(2089858483,b0f066a214c2f5e87bad3c948f4d605d)
Start importing Assets/3.UI/kenney_cursor-pixel-pack/Tiles/tile_0144.png using Guid(8cfa70c2ba00f4d469cf9697f52b2fa4) Importer(2089858483,b0f066a214c2f5e87bad3c948f4d605d) (ScriptedImporter) -> (artifact id: '61016face0d59edf72ca618e42a87d67') in 0.0206535 seconds
Number of updated asset objects reloaded before import = 0Number of asset objects unloaded after import = 1

========================================================================
Received Import Request.
  Time since last request: 0.000047 seconds.
  path: Assets/3.UI/kenney_desert-shooter-pack_1.0/Sounds/lose-c.ogg
  artifactKey: Guid(2e2c93ac39803f142a6771589410fd18) Importer(2089858483,b0f066a214c2f5e87bad3c948f4d605d)
Start importing Assets/3.UI/kenney_desert-shooter-pack_1.0/Sounds/lose-c.ogg using Guid(2e2c93ac39803f142a6771589410fd18) Importer(2089858483,b0f066a214c2f5e87bad3c948f4d605d) (ScriptedImporter) -> (artifact id: '72e0d4511a580756ab94f3fb53494fb5') in 0.0409091 seconds
Number of updated asset objects reloaded before import = 0Number of asset objects unloaded after import = 1

========================================================================
Received Import Request.
  Time since last request: 0.000039 seconds.
  path: Assets/3.UI/kenney_desert-shooter-pack_1.0/PNG/Tiles/Tiles/tile_0099.png
  artifactKey: Guid(5a120714470717a4b8ca7e5dd3e1f9c3) Importer(2089858483,b0f066a214c2f5e87bad3c948f4d605d)
Start importing Assets/3.UI/kenney_desert-shooter-pack_1.0/PNG/Tiles/Tiles/tile_0099.png using Guid(5a120714470717a4b8ca7e5dd3e1f9c3) Importer(2089858483,b0f066a214c2f5e87bad3c948f4d605d) (ScriptedImporter) -> (artifact id: '6d99c5a512c7dfce798ea9a2a443ba28') in 0.0212309 seconds
Number of updated asset objects reloaded before import = 0Number of asset objects unloaded after import = 1

========================================================================
Received Import Request.
  Time since last request: 0.000027 seconds.
  path: Assets/3.UI/kenney_board-game-icons/PNG/Double (128px)/card_tap_outline.png
  artifactKey: Guid(23f6f0af76ebf57498580382bf06e546) Importer(2089858483,b0f066a214c2f5e87bad3c948f4d605d)
Start importing Assets/3.UI/kenney_board-game-icons/PNG/Double (128px)/card_tap_outline.png using Guid(23f6f0af76ebf57498580382bf06e546) Importer(2089858483,b0f066a214c2f5e87bad3c948f4d605d) (ScriptedImporter) -> (artifact id: 'bd71ecba9a3f55b89a366cafbc8fe190') in 0.0189802 seconds
Number of updated asset objects reloaded before import = 0Number of asset objects unloaded after import = 1

========================================================================
Received Import Request.
  Time since last request: 0.000051 seconds.
  path: Assets/3.UI/kenney_cursor-pixel-pack/Tiles/tile_0029.png
  artifactKey: Guid(9fb896e485b06cb4580fad581bcde947) Importer(2089858483,b0f066a214c2f5e87bad3c948f4d605d)
Start importing Assets/3.UI/kenney_cursor-pixel-pack/Tiles/tile_0029.png using Guid(9fb896e485b06cb4580fad581bcde947) Importer(2089858483,b0f066a214c2f5e87bad3c948f4d605d) (ScriptedImporter) -> (artifact id: '3bf76193d9a7853a065dcf258aae38c7') in 0.0194415 seconds
Number of updated asset objects reloaded before import = 0Number of asset objects unloaded after import = 1

========================================================================
Received Import Request.
  Time since last request: 0.000138 seconds.
  path: Assets/3.UI/kenney_desert-shooter-pack_1.0/PNG/Interface/Tiles/tile_0146.png
  artifactKey: Guid(685e2c2de70352b4a950ca2d009e0c39) Importer(2089858483,b0f066a214c2f5e87bad3c948f4d605d)
Start importing Assets/3.UI/kenney_desert-shooter-pack_1.0/PNG/Interface/Tiles/tile_0146.png using Guid(685e2c2de70352b4a950ca2d009e0c39) Importer(2089858483,b0f066a214c2f5e87bad3c948f4d605d) (ScriptedImporter) -> (artifact id: '598d550af959be8e2f0313b6535a9711') in 0.0266134 seconds
Number of updated asset objects reloaded before import = 0Number of asset objects unloaded after import = 1

========================================================================
Received Import Request.
  Time since last request: 0.000169 seconds.
  path: Assets/3.UI/kenney_board-game-icons/Vector/Icons/tag_d6_infinte.svg
  artifactKey: Guid(90ff913b164d8934baeb2b261d6592a9) Importer(2089858483,b0f066a214c2f5e87bad3c948f4d605d)
Start importing Assets/3.UI/kenney_board-game-icons/Vector/Icons/tag_d6_infinte.svg using Guid(90ff913b164d8934baeb2b261d6592a9) Importer(2089858483,b0f066a214c2f5e87bad3c948f4d605d) (ScriptedImporter) -> (artifact id: '8a41fbec5633ed7397a499cd154dc12a') in 0.0229288 seconds
Number of updated asset objects reloaded before import = 0Number of asset objects unloaded after import = 1

========================================================================
Received Import Request.
  Time since last request: 0.000230 seconds.
  path: Assets/3.UI/kenney_desert-shooter-pack_1.0/PNG/Tiles/Tiles/tile_0192.png
  artifactKey: Guid(f9ff8fcbfd3459e43a3b6d57405ad9bc) Importer(2089858483,b0f066a214c2f5e87bad3c948f4d605d)
Start importing Assets/3.UI/kenney_desert-shooter-pack_1.0/PNG/Tiles/Tiles/tile_0192.png using Guid(f9ff8fcbfd3459e43a3b6d57405ad9bc) Importer(2089858483,b0f066a214c2f5e87bad3c948f4d605d) (ScriptedImporter) -> (artifact id: 'c29aabc3fc2e87b53e86890549a1c099') in 0.0253013 seconds
Number of updated asset objects reloaded before import = 0Number of asset objects unloaded after import = 1

========================================================================
Received Import Request.
  Time since last request: 0.000025 seconds.
  path: Assets/3.UI/kenney_cursor-pixel-pack/Tiles/tile_0104.png
  artifactKey: Guid(6d8f3ff63d8ba3443a558a8e5faf811c) Importer(2089858483,b0f066a214c2f5e87bad3c948f4d605d)
Start importing Assets/3.UI/kenney_cursor-pixel-pack/Tiles/tile_0104.png using Guid(6d8f3ff63d8ba3443a558a8e5faf811c) Importer(2089858483,b0f066a214c2f5e87bad3c948f4d605d) (ScriptedImporter) -> (artifact id: '73451aca36058ca03ec5bca709265410') in 0.0347598 seconds
Number of updated asset objects reloaded before import = 0Number of asset objects unloaded after import = 1

========================================================================
Received Import Request.
  Time since last request: 0.000048 seconds.
  path: Assets/3.UI/kenney_board-game-icons/Vector/Icons/cards_shuffle.svg
  artifactKey: Guid(82c859e7665d48942b23071a7627cf3d) Importer(2089858483,b0f066a214c2f5e87bad3c948f4d605d)
Start importing Assets/3.UI/kenney_board-game-icons/Vector/Icons/cards_shuffle.svg using Guid(82c859e7665d48942b23071a7627cf3d) Importer(2089858483,b0f066a214c2f5e87bad3c948f4d605d) (ScriptedImporter) -> (artifact id: '69d96ba1bb5facc46a324c26c2b492fc') in 0.0256025 seconds
Number of updated asset objects reloaded before import = 0Number of asset objects unloaded after import = 1

========================================================================
Received Import Request.
  Time since last request: 0.000044 seconds.
  path: Assets/3.UI/kenney_board-game-icons/PNG/Double (128px)/resource_wood.png
  artifactKey: Guid(4a8d4bd8e170eda41b8470bc01c30d9a) Importer(2089858483,b0f066a214c2f5e87bad3c948f4d605d)
Start importing Assets/3.UI/kenney_board-game-icons/PNG/Double (128px)/resource_wood.png using Guid(4a8d4bd8e170eda41b8470bc01c30d9a) Importer(2089858483,b0f066a214c2f5e87bad3c948f4d605d) (ScriptedImporter) -> (artifact id: '95628f52753a2ad4dfcd5315b075617b') in 0.0244521 seconds
Number of updated asset objects reloaded before import = 0Number of asset objects unloaded after import = 1

========================================================================
Received Import Request.
  Time since last request: 0.000024 seconds.
  path: Assets/3.UI/kenney_board-game-icons/PNG/Double (128px)/cards_stack_high.png
  artifactKey: Guid(4f457b93356ef104f888ff4f44f25f16) Importer(2089858483,b0f066a214c2f5e87bad3c948f4d605d)
Start importing Assets/3.UI/kenney_board-game-icons/PNG/Double (128px)/cards_stack_high.png using Guid(4f457b93356ef104f888ff4f44f25f16) Importer(2089858483,b0f066a214c2f5e87bad3c948f4d605d) (ScriptedImporter) -> (artifact id: 'e9ad5a81cfdd48acda28f71bc39f922c') in 0.0259937 seconds
Number of updated asset objects reloaded before import = 0Number of asset objects unloaded after import = 1

========================================================================
Received Import Request.
  Time since last request: 0.000016 seconds.
  path: Assets/3.UI/kenney_board-game-icons/PNG/Default (64px)/hourglass.png
  artifactKey: Guid(5c794ac670eb95642a28fef3bc0455ce) Importer(2089858483,b0f066a214c2f5e87bad3c948f4d605d)
Start importing Assets/3.UI/kenney_board-game-icons/PNG/Default (64px)/hourglass.png using Guid(5c794ac670eb95642a28fef3bc0455ce) Importer(2089858483,b0f066a214c2f5e87bad3c948f4d605d) (ScriptedImporter) -> (artifact id: 'ad09e90d8f4bdd0b39b8b232550a7451') in 0.0241835 seconds
Number of updated asset objects reloaded before import = 0Number of asset objects unloaded after import = 1

========================================================================
Received Import Request.
  Time since last request: 0.000018 seconds.
  path: Assets/3.UI/kenney_board-game-icons/PNG/Double (128px)/tag_shield.png
  artifactKey: Guid(685a9898aa39e474c8cb537fb1efcfba) Importer(2089858483,b0f066a214c2f5e87bad3c948f4d605d)
Start importing Assets/3.UI/kenney_board-game-icons/PNG/Double (128px)/tag_shield.png using Guid(685a9898aa39e474c8cb537fb1efcfba) Importer(2089858483,b0f066a214c2f5e87bad3c948f4d605d) (ScriptedImporter) -> (artifact id: '99f08fadfe75b5e9c8152266420cf433') in 0.0225051 seconds
Number of updated asset objects reloaded before import = 0Number of asset objects unloaded after import = 1

========================================================================
Received Import Request.
  Time since last request: 0.000045 seconds.
  path: Assets/3.UI/kenney_desert-shooter-pack_1.0/PNG/Weapons/Tiles/tile_0005.png
  artifactKey: Guid(91388957bc82d69439bbba6bdb9ecef0) Importer(2089858483,b0f066a214c2f5e87bad3c948f4d605d)
Start importing Assets/3.UI/kenney_desert-shooter-pack_1.0/PNG/Weapons/Tiles/tile_0005.png using Guid(91388957bc82d69439bbba6bdb9ecef0) Importer(2089858483,b0f066a214c2f5e87bad3c948f4d605d) (ScriptedImporter) -> (artifact id: '850cb5ec5b96e9ab09eb9d39b5fe544b') in 0.0227835 seconds
Number of updated asset objects reloaded before import = 0Number of asset objects unloaded after import = 1

========================================================================
Received Import Request.
  Time since last request: 0.000019 seconds.
  path: Assets/3.UI/kenney_desert-shooter-pack_1.0/PNG/Tiles/Tiles/tile_0007.png
  artifactKey: Guid(ab72c4bfc39346a4a86d1bf6753caa27) Importer(2089858483,b0f066a214c2f5e87bad3c948f4d605d)
Start importing Assets/3.UI/kenney_desert-shooter-pack_1.0/PNG/Tiles/Tiles/tile_0007.png using Guid(ab72c4bfc39346a4a86d1bf6753caa27) Importer(2089858483,b0f066a214c2f5e87bad3c948f4d605d) (ScriptedImporter) -> (artifact id: 'dbc3f7ea94b599c52ca1a6e917972d38') in 0.0251555 seconds
Number of updated asset objects reloaded before import = 0Number of asset objects unloaded after import = 1

========================================================================
Received Import Request.
  Time since last request: 0.000022 seconds.
  path: Assets/3.UI/kenney_desert-shooter-pack_1.0/PNG/Interface/Tiles/tile_0073.png
  artifactKey: Guid(b9bc8873d1a32b649bf674c4dfdaaee4) Importer(2089858483,b0f066a214c2f5e87bad3c948f4d605d)
Start importing Assets/3.UI/kenney_desert-shooter-pack_1.0/PNG/Interface/Tiles/tile_0073.png using Guid(b9bc8873d1a32b649bf674c4dfdaaee4) Importer(2089858483,b0f066a214c2f5e87bad3c948f4d605d) (ScriptedImporter) -> (artifact id: '6622fb37690d40533048296ddd5a30c1') in 0.0230179 seconds
Number of updated asset objects reloaded before import = 0Number of asset objects unloaded after import = 1

========================================================================
Received Import Request.
  Time since last request: 0.000023 seconds.
  path: Assets/3.UI/kenney_board-game-icons/Vector/Icons/flag_square.svg
  artifactKey: Guid(96ea2f8bd68aeee4d919c7fa0b55a1bc) Importer(2089858483,b0f066a214c2f5e87bad3c948f4d605d)
Start importing Assets/3.UI/kenney_board-game-icons/Vector/Icons/flag_square.svg using Guid(96ea2f8bd68aeee4d919c7fa0b55a1bc) Importer(2089858483,b0f066a214c2f5e87bad3c948f4d605d) (ScriptedImporter) -> (artifact id: '8af83125687aecf9c966245c9f3095f4') in 0.0204106 seconds
Number of updated asset objects reloaded before import = 0Number of asset objects unloaded after import = 1

========================================================================
Received Import Request.
  Time since last request: 0.000029 seconds.
  path: Assets/3.UI/kenney_cursor-pixel-pack/Tiles/tile_0015.png
  artifactKey: Guid(447b0170bc7c3434180e8e271d74eecb) Importer(2089858483,b0f066a214c2f5e87bad3c948f4d605d)
Start importing Assets/3.UI/kenney_cursor-pixel-pack/Tiles/tile_0015.png using Guid(447b0170bc7c3434180e8e271d74eecb) Importer(2089858483,b0f066a214c2f5e87bad3c948f4d605d) (ScriptedImporter) -> (artifact id: '86a2371a5448037150cfc00481d09e78') in 0.0256548 seconds
Number of updated asset objects reloaded before import = 0Number of asset objects unloaded after import = 1

========================================================================
Received Import Request.
  Time since last request: 0.000025 seconds.
  path: Assets/3.UI/kenney_cursor-pixel-pack/Tiles/tile_0145.png
  artifactKey: Guid(a1f4edaf671253f44a9819fa79964c9f) Importer(2089858483,b0f066a214c2f5e87bad3c948f4d605d)
Start importing Assets/3.UI/kenney_cursor-pixel-pack/Tiles/tile_0145.png using Guid(a1f4edaf671253f44a9819fa79964c9f) Importer(2089858483,b0f066a214c2f5e87bad3c948f4d605d) (ScriptedImporter) -> (artifact id: '52a3c5ded75877af031cf50c3ff48c95') in 0.0250451 seconds
Number of updated asset objects reloaded before import = 0Number of asset objects unloaded after import = 1

========================================================================
Received Import Request.
  Time since last request: 0.000024 seconds.
  path: Assets/3.UI/kenney_board-game-icons/Vector/Icons/resource_lumber.svg
  artifactKey: Guid(751c06cc1e7e971448783498273ed1d1) Importer(2089858483,b0f066a214c2f5e87bad3c948f4d605d)
Start importing Assets/3.UI/kenney_board-game-icons/Vector/Icons/resource_lumber.svg using Guid(751c06cc1e7e971448783498273ed1d1) Importer(2089858483,b0f066a214c2f5e87bad3c948f4d605d) (ScriptedImporter) -> (artifact id: '5b391a420c3d7af709033708fabf0514') in 0.0231218 seconds
Number of updated asset objects reloaded before import = 0Number of asset objects unloaded after import = 1

========================================================================
Received Import Request.
  Time since last request: 0.000024 seconds.
  path: Assets/3.UI/kenney_desert-shooter-pack_1.0/PNG/Interface/Tiles/tile_0050.png
  artifactKey: Guid(429618108dcb00a4a8a6677fb109255b) Importer(2089858483,b0f066a214c2f5e87bad3c948f4d605d)
Start importing Assets/3.UI/kenney_desert-shooter-pack_1.0/PNG/Interface/Tiles/tile_0050.png using Guid(429618108dcb00a4a8a6677fb109255b) Importer(2089858483,b0f066a214c2f5e87bad3c948f4d605d) (ScriptedImporter) -> (artifact id: '63981a18843712d1c5ca754bcf0e6ef0') in 0.0202579 seconds
Number of updated asset objects reloaded before import = 0Number of asset objects unloaded after import = 1

========================================================================
Received Import Request.
  Time since last request: 0.000038 seconds.
  path: Assets/3.UI/kenney_desert-shooter-pack_1.0/PNG/Tiles/Tiles/tile_0212.png
  artifactKey: Guid(c2a7b64d48ce71b4fb9009d3c2764a0e) Importer(2089858483,b0f066a214c2f5e87bad3c948f4d605d)
Start importing Assets/3.UI/kenney_desert-shooter-pack_1.0/PNG/Tiles/Tiles/tile_0212.png using Guid(c2a7b64d48ce71b4fb9009d3c2764a0e) Importer(2089858483,b0f066a214c2f5e87bad3c948f4d605d) (ScriptedImporter) -> (artifact id: '8a159b392f061f0c53152b5022f753e3') in 0.0263717 seconds
Number of updated asset objects reloaded before import = 0Number of asset objects unloaded after import = 1

========================================================================
Received Import Request.
  Time since last request: 0.000020 seconds.
  path: Assets/3.UI/kenney_desert-shooter-pack_1.0/PNG/Weapons/Tiles/tile_0021.png
  artifactKey: Guid(5e3417b4f18e8d5438669d521266a1f5) Importer(2089858483,b0f066a214c2f5e87bad3c948f4d605d)
Start importing Assets/3.UI/kenney_desert-shooter-pack_1.0/PNG/Weapons/Tiles/tile_0021.png using Guid(5e3417b4f18e8d5438669d521266a1f5) Importer(2089858483,b0f066a214c2f5e87bad3c948f4d605d) (ScriptedImporter) -> (artifact id: 'c0110e7b9fa7f4fd72f64b373dbe5c84') in 0.0218293 seconds
Number of updated asset objects reloaded before import = 0Number of asset objects unloaded after import = 1

========================================================================
Received Import Request.
  Time since last request: 0.000017 seconds.
  path: Assets/3.UI/kenney_cursor-pixel-pack/Tiles/tile_0126.png
  artifactKey: Guid(9008793067f565d4b85b4fa8fdf147c9) Importer(2089858483,b0f066a214c2f5e87bad3c948f4d605d)
Start importing Assets/3.UI/kenney_cursor-pixel-pack/Tiles/tile_0126.png using Guid(9008793067f565d4b85b4fa8fdf147c9) Importer(2089858483,b0f066a214c2f5e87bad3c948f4d605d) (ScriptedImporter) -> (artifact id: '75878975c35c28f08a2710b582f97345') in 0.0181564 seconds
Number of updated asset objects reloaded before import = 0Number of asset objects unloaded after import = 1

========================================================================
Received Import Request.
  Time since last request: 0.000025 seconds.
  path: Assets/3.UI/kenney_desert-shooter-pack_1.0/PNG/Tiles/Tiles/tile_0049.png
  artifactKey: Guid(34a78689ac9bcd14c94633dd1f9f0e99) Importer(2089858483,b0f066a214c2f5e87bad3c948f4d605d)
Start importing Assets/3.UI/kenney_desert-shooter-pack_1.0/PNG/Tiles/Tiles/tile_0049.png using Guid(34a78689ac9bcd14c94633dd1f9f0e99) Importer(2089858483,b0f066a214c2f5e87bad3c948f4d605d) (ScriptedImporter) -> (artifact id: '3206cb4d927d6950ec838299627a7e77') in 0.0244617 seconds
Number of updated asset objects reloaded before import = 0Number of asset objects unloaded after import = 1

========================================================================
Received Import Request.
  Time since last request: 0.000031 seconds.
  path: Assets/3.UI/kenney_board-game-icons/Vector/Icons/tag_shield_6.svg
  artifactKey: Guid(b6d4bea56dc59314a839d4083b364e62) Importer(2089858483,b0f066a214c2f5e87bad3c948f4d605d)
Start importing Assets/3.UI/kenney_board-game-icons/Vector/Icons/tag_shield_6.svg using Guid(b6d4bea56dc59314a839d4083b364e62) Importer(2089858483,b0f066a214c2f5e87bad3c948f4d605d) (ScriptedImporter) -> (artifact id: 'a912b6344db84a29180628a8c2cf360c') in 0.0216441 seconds
Number of updated asset objects reloaded before import = 0Number of asset objects unloaded after import = 1

========================================================================
Received Import Request.
  Time since last request: 0.000020 seconds.
  path: Assets/3.UI/kenney_cursor-pixel-pack/Tiles/tile_0097.png
  artifactKey: Guid(04e72220f7c355a45a7e528f21728d4f) Importer(2089858483,b0f066a214c2f5e87bad3c948f4d605d)
Start importing Assets/3.UI/kenney_cursor-pixel-pack/Tiles/tile_0097.png using Guid(04e72220f7c355a45a7e528f21728d4f) Importer(2089858483,b0f066a214c2f5e87bad3c948f4d605d) (ScriptedImporter) -> (artifact id: '95dd6df8dbd5bd172afe1bb84b7517cc') in 0.027305 seconds
Number of updated asset objects reloaded before import = 0Number of asset objects unloaded after import = 1

========================================================================
Received Import Request.
  Time since last request: 0.000027 seconds.
  path: Assets/3.UI/kenney_board-game-icons/PNG/Double (128px)/d20.png
  artifactKey: Guid(03eafdd1f25f86f468ccb8a6c5351b4e) Importer(2089858483,b0f066a214c2f5e87bad3c948f4d605d)
Start importing Assets/3.UI/kenney_board-game-icons/PNG/Double (128px)/d20.png using Guid(03eafdd1f25f86f468ccb8a6c5351b4e) Importer(2089858483,b0f066a214c2f5e87bad3c948f4d605d) (ScriptedImporter) -> (artifact id: 'f5bc6ecf6526fbe02904793ff3c7cc5a') in 0.0245596 seconds
Number of updated asset objects reloaded before import = 0Number of asset objects unloaded after import = 1

========================================================================
Received Import Request.
  Time since last request: 0.000019 seconds.
  path: Assets/3.UI/kenney_board-game-icons/PNG/Double (128px)/tag_6.png
  artifactKey: Guid(6b28402d6edbafe4f985e5f670bb3992) Importer(2089858483,b0f066a214c2f5e87bad3c948f4d605d)
Start importing Assets/3.UI/kenney_board-game-icons/PNG/Double (128px)/tag_6.png using Guid(6b28402d6edbafe4f985e5f670bb3992) Importer(2089858483,b0f066a214c2f5e87bad3c948f4d605d) (ScriptedImporter) -> (artifact id: '72d77ea85e029d587445ac1ca0df8c86') in 0.0258449 seconds
Number of updated asset objects reloaded before import = 0Number of asset objects unloaded after import = 1

========================================================================
Received Import Request.
  Time since last request: 0.000029 seconds.
  path: Assets/3.UI/kenney_board-game-icons/License.txt
  artifactKey: Guid(981e70524bcbca948bd70897d3a24822) Importer(2089858483,b0f066a214c2f5e87bad3c948f4d605d)
Start importing Assets/3.UI/kenney_board-game-icons/License.txt using Guid(981e70524bcbca948bd70897d3a24822) Importer(2089858483,b0f066a214c2f5e87bad3c948f4d605d) (ScriptedImporter) -> (artifact id: 'd278592d41a8ec0d572b696f4a2bce3f') in 0.0118406 seconds
Number of updated asset objects reloaded before import = 0Number of asset objects unloaded after import = 1

========================================================================
Received Import Request.
  Time since last request: 0.000015 seconds.
  path: Assets/3.UI/kenney_board-game-icons/PNG/Default (64px)/hexagon_outline.png
  artifactKey: Guid(9665a3e35eca8a640a401dc95efac30d) Importer(2089858483,b0f066a214c2f5e87bad3c948f4d605d)
Start importing Assets/3.UI/kenney_board-game-icons/PNG/Default (64px)/hexagon_outline.png using Guid(9665a3e35eca8a640a401dc95efac30d) Importer(2089858483,b0f066a214c2f5e87bad3c948f4d605d) (ScriptedImporter) -> (artifact id: 'e64d5f9a187a28b0baa68b5e0b91d343') in 0.0727818 seconds
Number of updated asset objects reloaded before import = 0Number of asset objects unloaded after import = 1

========================================================================
Received Import Request.
  Time since last request: 0.000028 seconds.
  path: Assets/3.UI/kenney_desert-shooter-pack_1.0/PNG/Tiles/Tiles/tile_0158.png
  artifactKey: Guid(f23526de725471947ab2336af821d841) Importer(2089858483,b0f066a214c2f5e87bad3c948f4d605d)
Start importing Assets/3.UI/kenney_desert-shooter-pack_1.0/PNG/Tiles/Tiles/tile_0158.png using Guid(f23526de725471947ab2336af821d841) Importer(2089858483,b0f066a214c2f5e87bad3c948f4d605d) (ScriptedImporter) -> (artifact id: '545330be358c8d96eedd846d5a3b6ee8') in 0.0246964 seconds
Number of updated asset objects reloaded before import = 0Number of asset objects unloaded after import = 1

========================================================================
Received Import Request.
  Time since last request: 0.000071 seconds.
  path: Assets/3.UI/kenney_cursor-pixel-pack/Tiles/tile_0068.png
  artifactKey: Guid(1bd1a295ac45955419c2112674dc5e11) Importer(2089858483,b0f066a214c2f5e87bad3c948f4d605d)
Start importing Assets/3.UI/kenney_cursor-pixel-pack/Tiles/tile_0068.png using Guid(1bd1a295ac45955419c2112674dc5e11) Importer(2089858483,b0f066a214c2f5e87bad3c948f4d605d) (ScriptedImporter) -> (artifact id: 'ea23725a1cee59365d5b93a7a7338c56') in 0.0281756 seconds
Number of updated asset objects reloaded before import = 0Number of asset objects unloaded after import = 1

========================================================================
Received Import Request.
  Time since last request: 0.000048 seconds.
  path: Assets/3.UI/kenney_board-game-icons/Vector/Icons/tag_4.svg
  artifactKey: Guid(1c4287882eaff4140813d83f03fdcc37) Importer(2089858483,b0f066a214c2f5e87bad3c948f4d605d)
Start importing Assets/3.UI/kenney_board-game-icons/Vector/Icons/tag_4.svg using Guid(1c4287882eaff4140813d83f03fdcc37) Importer(2089858483,b0f066a214c2f5e87bad3c948f4d605d) (ScriptedImporter) -> (artifact id: '381b5b3ee68565e85225ba383c84800b') in 0.0239026 seconds
Number of updated asset objects reloaded before import = 0Number of asset objects unloaded after import = 1

========================================================================
Received Import Request.
  Time since last request: 0.000016 seconds.
  path: Assets/3.UI/kenney_desert-shooter-pack_1.0/PNG/Interface/Tiles/tile_0157.png
  artifactKey: Guid(701ff2286ec3dd246a438c39a9e3fb69) Importer(2089858483,b0f066a214c2f5e87bad3c948f4d605d)
Start importing Assets/3.UI/kenney_desert-shooter-pack_1.0/PNG/Interface/Tiles/tile_0157.png using Guid(701ff2286ec3dd246a438c39a9e3fb69) Importer(2089858483,b0f066a214c2f5e87bad3c948f4d605d) (ScriptedImporter) -> (artifact id: '31ac8a1b5ef7dce878a986aa02b7d9a5') in 0.0182018 seconds
Number of updated asset objects reloaded before import = 0Number of asset objects unloaded after import = 1

========================================================================
Received Import Request.
  Time since last request: 0.000018 seconds.
  path: Assets/3.UI/kenney_board-game-icons/Vector/Icons/dice_3D.svg
  artifactKey: Guid(963f3f868af367a458ea2ccad7d74bf0) Importer(2089858483,b0f066a214c2f5e87bad3c948f4d605d)
Start importing Assets/3.UI/kenney_board-game-icons/Vector/Icons/dice_3D.svg using Guid(963f3f868af367a458ea2ccad7d74bf0) Importer(2089858483,b0f066a214c2f5e87bad3c948f4d605d) (ScriptedImporter) -> (artifact id: '71e059b836cfae0ea0ebb87f9e78067d') in 0.0153834 seconds
Number of updated asset objects reloaded before import = 0Number of asset objects unloaded after import = 1

========================================================================
Received Import Request.
  Time since last request: 0.000023 seconds.
  path: Assets/3.UI/kenney_desert-shooter-pack_1.0/PNG/Interface/Tilesheet.txt
  artifactKey: Guid(e4eee2c9fce67ec46a15424ba980b338) Importer(2089858483,b0f066a214c2f5e87bad3c948f4d605d)
Start importing Assets/3.UI/kenney_desert-shooter-pack_1.0/PNG/Interface/Tilesheet.txt using Guid(e4eee2c9fce67ec46a15424ba980b338) Importer(2089858483,b0f066a214c2f5e87bad3c948f4d605d) (ScriptedImporter) -> (artifact id: 'db746a254445e08bbce793532545645d') in 0.0135163 seconds
Number of updated asset objects reloaded before import = 0Number of asset objects unloaded after import = 1

========================================================================
Received Import Request.
  Time since last request: 0.000060 seconds.
  path: Assets/3.UI/kenney_board-game-icons/PNG/Double (128px)/d20_outline_number.png
  artifactKey: Guid(82150c240d9273f4ebb5b9a9ce9f89bd) Importer(2089858483,b0f066a214c2f5e87bad3c948f4d605d)
Start importing Assets/3.UI/kenney_board-game-icons/PNG/Double (128px)/d20_outline_number.png using Guid(82150c240d9273f4ebb5b9a9ce9f89bd) Importer(2089858483,b0f066a214c2f5e87bad3c948f4d605d) (ScriptedImporter) -> (artifact id: '36d838272da4ba4bec6c0205987ee817') in 0.0192554 seconds
Number of updated asset objects reloaded before import = 0Number of asset objects unloaded after import = 1

========================================================================
Received Import Request.
  Time since last request: 0.000024 seconds.
  path: Assets/3.UI/kenney_cursor-pixel-pack/Tiles/tile_0032.png
  artifactKey: Guid(81569178455daf04dbd2963850b33999) Importer(2089858483,b0f066a214c2f5e87bad3c948f4d605d)
Start importing Assets/3.UI/kenney_cursor-pixel-pack/Tiles/tile_0032.png using Guid(81569178455daf04dbd2963850b33999) Importer(2089858483,b0f066a214c2f5e87bad3c948f4d605d) (ScriptedImporter) -> (artifact id: 'bffe73103b7c1806c1309588fc4692ff') in 0.0237458 seconds
Number of updated asset objects reloaded before import = 0Number of asset objects unloaded after import = 1

========================================================================
Received Import Request.
  Time since last request: 0.000021 seconds.
  path: Assets/3.UI/kenney_desert-shooter-pack_1.0/PNG/Interface/Tiles/tile_0037.png
  artifactKey: Guid(9d9a28b9a77be364787ad0ce3df86458) Importer(2089858483,b0f066a214c2f5e87bad3c948f4d605d)
Start importing Assets/3.UI/kenney_desert-shooter-pack_1.0/PNG/Interface/Tiles/tile_0037.png using Guid(9d9a28b9a77be364787ad0ce3df86458) Importer(2089858483,b0f066a214c2f5e87bad3c948f4d605d) (ScriptedImporter) -> (artifact id: 'e839aa768a948dd5e7d173f2a87c0b84') in 0.0223792 seconds
Number of updated asset objects reloaded before import = 0Number of asset objects unloaded after import = 1

========================================================================
Received Import Request.
  Time since last request: 0.000026 seconds.
  path: Assets/3.UI/kenney_desert-shooter-pack_1.0/PNG/Interface/Tiles/tile_0188.png
  artifactKey: Guid(4d568cdfcdf7c0b4d85b6b149012125d) Importer(2089858483,b0f066a214c2f5e87bad3c948f4d605d)
Start importing Assets/3.UI/kenney_desert-shooter-pack_1.0/PNG/Interface/Tiles/tile_0188.png using Guid(4d568cdfcdf7c0b4d85b6b149012125d) Importer(2089858483,b0f066a214c2f5e87bad3c948f4d605d) (ScriptedImporter) -> (artifact id: 'e6452bc33355c383fc7d471596481100') in 0.0188937 seconds
Number of updated asset objects reloaded before import = 0Number of asset objects unloaded after import = 1

========================================================================
Received Import Request.
  Time since last request: 0.000029 seconds.
  path: Assets/3.UI/kenney_board-game-icons/PNG/Double (128px)/timer_100.png
  artifactKey: Guid(700d02e93bbcd7e48a5a3d6775415a36) Importer(2089858483,b0f066a214c2f5e87bad3c948f4d605d)
Start importing Assets/3.UI/kenney_board-game-icons/PNG/Double (128px)/timer_100.png using Guid(700d02e93bbcd7e48a5a3d6775415a36) Importer(2089858483,b0f066a214c2f5e87bad3c948f4d605d) (ScriptedImporter) -> (artifact id: '5abb2c3c9620444a9a9ae9b2a252e685') in 0.0239783 seconds
Number of updated asset objects reloaded before import = 0Number of asset objects unloaded after import = 1

========================================================================
Received Import Request.
  Time since last request: 0.000019 seconds.
  path: Assets/3.UI/kenney_desert-shooter-pack_1.0/PNG/Enemies/Tiles/tile_0013.png
  artifactKey: Guid(23cdb20ee5c7a45469a219ecb2e652d3) Importer(2089858483,b0f066a214c2f5e87bad3c948f4d605d)
Start importing Assets/3.UI/kenney_desert-shooter-pack_1.0/PNG/Enemies/Tiles/tile_0013.png using Guid(23cdb20ee5c7a45469a219ecb2e652d3) Importer(2089858483,b0f066a214c2f5e87bad3c948f4d605d) (ScriptedImporter) -> (artifact id: '8546eeaef5fb7e3ef065116531ed7e61') in 0.0276234 seconds
Number of updated asset objects reloaded before import = 0Number of asset objects unloaded after import = 1

========================================================================
Received Import Request.
  Time since last request: 0.000024 seconds.
  path: Assets/3.UI/kenney_board-game-icons/PNG/Default (64px)/cards_shift.png
  artifactKey: Guid(b5c851144d79ee04593b11eb2432d846) Importer(2089858483,b0f066a214c2f5e87bad3c948f4d605d)
Start importing Assets/3.UI/kenney_board-game-icons/PNG/Default (64px)/cards_shift.png using Guid(b5c851144d79ee04593b11eb2432d846) Importer(2089858483,b0f066a214c2f5e87bad3c948f4d605d) (ScriptedImporter) -> (artifact id: 'df17a372564bca8f40f22039eeafe927') in 0.022486 seconds
Number of updated asset objects reloaded before import = 0Number of asset objects unloaded after import = 1

========================================================================
Received Import Request.
  Time since last request: 0.000022 seconds.
  path: Assets/3.UI/kenney_board-game-icons/Vector/Icons/tag_shield_2.svg
  artifactKey: Guid(44dc9234a5485cd4b80d4b09e4d9b3fd) Importer(2089858483,b0f066a214c2f5e87bad3c948f4d605d)
Start importing Assets/3.UI/kenney_board-game-icons/Vector/Icons/tag_shield_2.svg using Guid(44dc9234a5485cd4b80d4b09e4d9b3fd) Importer(2089858483,b0f066a214c2f5e87bad3c948f4d605d) (ScriptedImporter) -> (artifact id: 'f721eacdbf19823ae405f3f4a449b49f') in 0.0205253 seconds
Number of updated asset objects reloaded before import = 0Number of asset objects unloaded after import = 1

========================================================================
Received Import Request.
  Time since last request: 0.000047 seconds.
  path: Assets/3.UI/kenney_board-game-icons/PNG/Default (64px)/arrow_counterclockwise.png
  artifactKey: Guid(f54423526cb2ec046a440159a192e080) Importer(2089858483,b0f066a214c2f5e87bad3c948f4d605d)
Start importing Assets/3.UI/kenney_board-game-icons/PNG/Default (64px)/arrow_counterclockwise.png using Guid(f54423526cb2ec046a440159a192e080) Importer(2089858483,b0f066a214c2f5e87bad3c948f4d605d) (ScriptedImporter) -> (artifact id: '59fe98b065df089a1e956ac2e4c8ac71') in 0.0275852 seconds
Number of updated asset objects reloaded before import = 0Number of asset objects unloaded after import = 1

========================================================================
Received Import Request.
  Time since last request: 0.000017 seconds.
  path: Assets/3.UI/kenney_desert-shooter-pack_1.0/PNG/Tiles/Tiles/tile_0171.png
  artifactKey: Guid(44b9d3398f00b8f48b5e4d78a24348a0) Importer(2089858483,b0f066a214c2f5e87bad3c948f4d605d)
Start importing Assets/3.UI/kenney_desert-shooter-pack_1.0/PNG/Tiles/Tiles/tile_0171.png using Guid(44b9d3398f00b8f48b5e4d78a24348a0) Importer(2089858483,b0f066a214c2f5e87bad3c948f4d605d) (ScriptedImporter) -> (artifact id: 'e01bee55b79dd9d42c74120c4d5c6da1') in 0.0163035 seconds
Number of updated asset objects reloaded before import = 0Number of asset objects unloaded after import = 1

========================================================================
Received Import Request.
  Time since last request: 0.000020 seconds.
  path: Assets/3.UI/kenney_cursor-pixel-pack/Tiles/tile_0179.png
  artifactKey: Guid(6173ac2ed1c298d4bbe434d48efb2803) Importer(2089858483,b0f066a214c2f5e87bad3c948f4d605d)
Start importing Assets/3.UI/kenney_cursor-pixel-pack/Tiles/tile_0179.png using Guid(6173ac2ed1c298d4bbe434d48efb2803) Importer(2089858483,b0f066a214c2f5e87bad3c948f4d605d) (ScriptedImporter) -> (artifact id: '2fb72bf80e77fd30ec36e6eee9f8eb6f') in 0.023678 seconds
Number of updated asset objects reloaded before import = 0Number of asset objects unloaded after import = 1

========================================================================
Received Import Request.
  Time since last request: 0.000023 seconds.
  path: Assets/3.UI/kenney_cursor-pixel-pack/Tiles/tile_0167.png
  artifactKey: Guid(66e06df0d1f51b24396556dabd4acc16) Importer(2089858483,b0f066a214c2f5e87bad3c948f4d605d)
Start importing Assets/3.UI/kenney_cursor-pixel-pack/Tiles/tile_0167.png using Guid(66e06df0d1f51b24396556dabd4acc16) Importer(2089858483,b0f066a214c2f5e87bad3c948f4d605d) (ScriptedImporter) -> (artifact id: 'c6929e84b269bb6be379d72024231515') in 0.0236177 seconds
Number of updated asset objects reloaded before import = 0Number of asset objects unloaded after import = 1

========================================================================
Received Import Request.
  Time since last request: 0.000030 seconds.
  path: Assets/3.UI/kenney_board-game-icons/PNG/Double (128px)/d3_number.png
  artifactKey: Guid(acadc2626e26d8d40b4e3c179e8e3b55) Importer(2089858483,b0f066a214c2f5e87bad3c948f4d605d)
Start importing Assets/3.UI/kenney_board-game-icons/PNG/Double (128px)/d3_number.png using Guid(acadc2626e26d8d40b4e3c179e8e3b55) Importer(2089858483,b0f066a214c2f5e87bad3c948f4d605d) (ScriptedImporter) -> (artifact id: '9da2ebc1f4c545b09ba7e57db8e710a8') in 0.0212505 seconds
Number of updated asset objects reloaded before import = 0Number of asset objects unloaded after import = 1

========================================================================
Received Import Request.
  Time since last request: 0.000018 seconds.
  path: Assets/3.UI/kenney_desert-shooter-pack_1.0/PNG/Interface/Tiles/tile_0125.png
  artifactKey: Guid(5a3e36b86721c6b4193c640162a4f750) Importer(2089858483,b0f066a214c2f5e87bad3c948f4d605d)
Start importing Assets/3.UI/kenney_desert-shooter-pack_1.0/PNG/Interface/Tiles/tile_0125.png using Guid(5a3e36b86721c6b4193c640162a4f750) Importer(2089858483,b0f066a214c2f5e87bad3c948f4d605d) (ScriptedImporter) -> (artifact id: '46ac331eff98598b69be0cc732f967dd') in 0.023832 seconds
Number of updated asset objects reloaded before import = 0Number of asset objects unloaded after import = 1

========================================================================
Received Import Request.
  Time since last request: 0.000021 seconds.
  path: Assets/3.UI/kenney_desert-shooter-pack_1.0/PNG/Tiles/Tiles/tile_0160.png
  artifactKey: Guid(5055bb7e159a0784bb7aa5828e5ce3bf) Importer(2089858483,b0f066a214c2f5e87bad3c948f4d605d)
Start importing Assets/3.UI/kenney_desert-shooter-pack_1.0/PNG/Tiles/Tiles/tile_0160.png using Guid(5055bb7e159a0784bb7aa5828e5ce3bf) Importer(2089858483,b0f066a214c2f5e87bad3c948f4d605d) (ScriptedImporter) -> (artifact id: '1fab76ab91c89831ef42af24166466ac') in 0.0209956 seconds
Number of updated asset objects reloaded before import = 0Number of asset objects unloaded after import = 1

========================================================================
Received Import Request.
  Time since last request: 0.000035 seconds.
  path: Assets/3.UI/kenney_board-game-icons/PNG/Double (128px)/hand_cross.png
  artifactKey: Guid(f3811908b1fa7d94796afbbbf13a25d8) Importer(2089858483,b0f066a214c2f5e87bad3c948f4d605d)
Start importing Assets/3.UI/kenney_board-game-icons/PNG/Double (128px)/hand_cross.png using Guid(f3811908b1fa7d94796afbbbf13a25d8) Importer(2089858483,b0f066a214c2f5e87bad3c948f4d605d) (ScriptedImporter) -> (artifact id: 'a7d7383e9e63695d6b9c9b0b0e52a632') in 0.0222227 seconds
Number of updated asset objects reloaded before import = 0Number of asset objects unloaded after import = 1

========================================================================
Received Import Request.
  Time since last request: 0.000119 seconds.
  path: Assets/3.UI/kenney_desert-shooter-pack_1.0/PNG/Interface/Tiles/tile_0077.png
  artifactKey: Guid(54d336ffabf772c44b650229f42da0db) Importer(2089858483,b0f066a214c2f5e87bad3c948f4d605d)
Start importing Assets/3.UI/kenney_desert-shooter-pack_1.0/PNG/Interface/Tiles/tile_0077.png using Guid(54d336ffabf772c44b650229f42da0db) Importer(2089858483,b0f066a214c2f5e87bad3c948f4d605d) (ScriptedImporter) -> (artifact id: '239997b322628186a28ef992aa74be5f') in 0.0169352 seconds
Number of updated asset objects reloaded before import = 0Number of asset objects unloaded after import = 1

========================================================================
Received Import Request.
  Time since last request: 0.000018 seconds.
  path: Assets/3.UI/kenney_board-game-icons/PNG/Double (128px)/exploding.png
  artifactKey: Guid(4f33e0607d267a643a4a6adf6b85b1f6) Importer(2089858483,b0f066a214c2f5e87bad3c948f4d605d)
Start importing Assets/3.UI/kenney_board-game-icons/PNG/Double (128px)/exploding.png using Guid(4f33e0607d267a643a4a6adf6b85b1f6) Importer(2089858483,b0f066a214c2f5e87bad3c948f4d605d) (ScriptedImporter) -> (artifact id: '752fc629e4dc02b83ef47f50e3dd9a9d') in 0.0212368 seconds
Number of updated asset objects reloaded before import = 0Number of asset objects unloaded after import = 1

========================================================================
Received Import Request.
  Time since last request: 0.000027 seconds.
  path: Assets/3.UI/kenney_desert-shooter-pack_1.0/PNG/Interface/Tiles/tile_0182.png
  artifactKey: Guid(74b7e6f6ccbb7b74ea9040df686451a0) Importer(2089858483,b0f066a214c2f5e87bad3c948f4d605d)
Start importing Assets/3.UI/kenney_desert-shooter-pack_1.0/PNG/Interface/Tiles/tile_0182.png using Guid(74b7e6f6ccbb7b74ea9040df686451a0) Importer(2089858483,b0f066a214c2f5e87bad3c948f4d605d) (ScriptedImporter) -> (artifact id: 'dd3eea51428eb05537c4ee7a374c2254') in 0.0218017 seconds
Number of updated asset objects reloaded before import = 0Number of asset objects unloaded after import = 1

========================================================================
Received Import Request.
  Time since last request: 0.000023 seconds.
  path: Assets/3.UI/kenney_board-game-icons/Vector/Icons/tag_1.svg
  artifactKey: Guid(5ee2ef0446fb4d04983ecb59e0ebb6a0) Importer(2089858483,b0f066a214c2f5e87bad3c948f4d605d)
Start importing Assets/3.UI/kenney_board-game-icons/Vector/Icons/tag_1.svg using Guid(5ee2ef0446fb4d04983ecb59e0ebb6a0) Importer(2089858483,b0f066a214c2f5e87bad3c948f4d605d) (ScriptedImporter) -> (artifact id: 'a36a1fde6061e4d15f02c754348b371b') in 0.0230346 seconds
Number of updated asset objects reloaded before import = 0Number of asset objects unloaded after import = 1

========================================================================
Received Import Request.
  Time since last request: 0.000034 seconds.
  path: Assets/3.UI/kenney_board-game-icons/Vector/Icons/card_subtract.svg
  artifactKey: Guid(bb4c8f19f5e12e744a77fa24a0a0bc1a) Importer(2089858483,b0f066a214c2f5e87bad3c948f4d605d)
Start importing Assets/3.UI/kenney_board-game-icons/Vector/Icons/card_subtract.svg using Guid(bb4c8f19f5e12e744a77fa24a0a0bc1a) Importer(2089858483,b0f066a214c2f5e87bad3c948f4d605d) (ScriptedImporter) -> (artifact id: '478e1a14a034f0b6e7f240f2de06ca4e') in 0.0243102 seconds
Number of updated asset objects reloaded before import = 0Number of asset objects unloaded after import = 1

========================================================================
Received Import Request.
  Time since last request: 0.000018 seconds.
  path: Assets/3.UI/kenney_desert-shooter-pack_1.0/PNG/Interface/Tiles/tile_0096.png
  artifactKey: Guid(06d4fe64af83ad54e9f74694653de761) Importer(2089858483,b0f066a214c2f5e87bad3c948f4d605d)
Start importing Assets/3.UI/kenney_desert-shooter-pack_1.0/PNG/Interface/Tiles/tile_0096.png using Guid(06d4fe64af83ad54e9f74694653de761) Importer(2089858483,b0f066a214c2f5e87bad3c948f4d605d) (ScriptedImporter) -> (artifact id: '643c226cd7b457734a384500d2e9e9b0') in 0.0176796 seconds
Number of updated asset objects reloaded before import = 0Number of asset objects unloaded after import = 1

========================================================================
Received Import Request.
  Time since last request: 0.000031 seconds.
  path: Assets/3.UI/kenney_board-game-icons/PNG/Double (128px)/cards_skull.png
  artifactKey: Guid(235aa27e90c5bf645aad6c0a8d8e360d) Importer(2089858483,b0f066a214c2f5e87bad3c948f4d605d)
Start importing Assets/3.UI/kenney_board-game-icons/PNG/Double (128px)/cards_skull.png using Guid(235aa27e90c5bf645aad6c0a8d8e360d) Importer(2089858483,b0f066a214c2f5e87bad3c948f4d605d) (ScriptedImporter) -> (artifact id: 'e5a12add65bff2a336e1a452cc240ef0') in 0.0230981 seconds
Number of updated asset objects reloaded before import = 0Number of asset objects unloaded after import = 1

========================================================================
Received Import Request.
  Time since last request: 0.000020 seconds.
  path: Assets/3.UI/kenney_desert-shooter-pack_1.0/PNG/Enemies/Tiles/tile_0004.png
  artifactKey: Guid(8a01c086f872e9248a09d1bf3db04dc1) Importer(2089858483,b0f066a214c2f5e87bad3c948f4d605d)
Start importing Assets/3.UI/kenney_desert-shooter-pack_1.0/PNG/Enemies/Tiles/tile_0004.png using Guid(8a01c086f872e9248a09d1bf3db04dc1) Importer(2089858483,b0f066a214c2f5e87bad3c948f4d605d) (ScriptedImporter) -> (artifact id: 'e300960618306228fa2f309dd75adf6a') in 0.0209786 seconds
Number of updated asset objects reloaded before import = 0Number of asset objects unloaded after import = 1

========================================================================
Received Import Request.
  Time since last request: 0.000040 seconds.
  path: Assets/3.UI/kenney_cursor-pixel-pack/Tiles/tile_0157.png
  artifactKey: Guid(0620f3da2c3f35b499673f9df3ed6716) Importer(2089858483,b0f066a214c2f5e87bad3c948f4d605d)
Start importing Assets/3.UI/kenney_cursor-pixel-pack/Tiles/tile_0157.png using Guid(0620f3da2c3f35b499673f9df3ed6716) Importer(2089858483,b0f066a214c2f5e87bad3c948f4d605d) (ScriptedImporter) -> (artifact id: 'de375202e88cb897e1eb6aae1dd5bf0c') in 0.0202843 seconds
Number of updated asset objects reloaded before import = 0Number of asset objects unloaded after import = 1

========================================================================
Received Import Request.
  Time since last request: 0.000024 seconds.
  path: Assets/3.UI/kenney_cursor-pixel-pack/Tiles/tile_0195.png
  artifactKey: Guid(04cfe7b03abc6794fb7fe1e44b9acbcd) Importer(2089858483,b0f066a214c2f5e87bad3c948f4d605d)
Start importing Assets/3.UI/kenney_cursor-pixel-pack/Tiles/tile_0195.png using Guid(04cfe7b03abc6794fb7fe1e44b9acbcd) Importer(2089858483,b0f066a214c2f5e87bad3c948f4d605d) (ScriptedImporter) -> (artifact id: '7f7d8d6605cbd4ad3f7b17a9d0586a57') in 0.0191058 seconds
Number of updated asset objects reloaded before import = 0Number of asset objects unloaded after import = 1

========================================================================
Received Import Request.
  Time since last request: 0.000019 seconds.
  path: Assets/3.UI/kenney_cursor-pixel-pack/Tiles/tile_0137.png
  artifactKey: Guid(6239b0c3f7953354085c2b7495d6ced7) Importer(2089858483,b0f066a214c2f5e87bad3c948f4d605d)
Start importing Assets/3.UI/kenney_cursor-pixel-pack/Tiles/tile_0137.png using Guid(6239b0c3f7953354085c2b7495d6ced7) Importer(2089858483,b0f066a214c2f5e87bad3c948f4d605d) (ScriptedImporter) -> (artifact id: 'c7ff7c0555b0247960547c9578f87f2f') in 0.0196639 seconds
Number of updated asset objects reloaded before import = 0Number of asset objects unloaded after import = 1

========================================================================
Received Import Request.
  Time since last request: 0.000027 seconds.
  path: Assets/3.UI/kenney_desert-shooter-pack_1.0/Sample A.png
  artifactKey: Guid(a3461ca926c18d046a467ad484202764) Importer(2089858483,b0f066a214c2f5e87bad3c948f4d605d)
Start importing Assets/3.UI/kenney_desert-shooter-pack_1.0/Sample A.png using Guid(a3461ca926c18d046a467ad484202764) Importer(2089858483,b0f066a214c2f5e87bad3c948f4d605d) (ScriptedImporter) -> (artifact id: '8aa1d05c7f8c72b316b695b2798cbc3f') in 0.0220166 seconds
Number of updated asset objects reloaded before import = 0Number of asset objects unloaded after import = 1

========================================================================
Received Import Request.
  Time since last request: 0.000036 seconds.
  path: Assets/3.UI/kenney_board-game-icons/PNG/Double (128px)/dice_5.png
  artifactKey: Guid(1e549feacbf829742a10ce1e89ad734c) Importer(2089858483,b0f066a214c2f5e87bad3c948f4d605d)
Start importing Assets/3.UI/kenney_board-game-icons/PNG/Double (128px)/dice_5.png using Guid(1e549feacbf829742a10ce1e89ad734c) Importer(2089858483,b0f066a214c2f5e87bad3c948f4d605d) (ScriptedImporter) -> (artifact id: '03dfed920b613bd14006f364a771ebfa') in 0.0214404 seconds
Number of updated asset objects reloaded before import = 0Number of asset objects unloaded after import = 1

========================================================================
Received Import Request.
  Time since last request: 0.000024 seconds.
  path: Assets/3.UI/kenney_board-game-icons/Vector/Icons/d10_outline.svg
  artifactKey: Guid(936113dfbd996874995e89e96da22d56) Importer(2089858483,b0f066a214c2f5e87bad3c948f4d605d)
Start importing Assets/3.UI/kenney_board-game-icons/Vector/Icons/d10_outline.svg using Guid(936113dfbd996874995e89e96da22d56) Importer(2089858483,b0f066a214c2f5e87bad3c948f4d605d) (ScriptedImporter) -> (artifact id: 'f2ede5e53d4ccc67bf0bdce26edd3540') in 0.0225338 seconds
Number of updated asset objects reloaded before import = 0Number of asset objects unloaded after import = 1

========================================================================
Received Import Request.
  Time since last request: 0.000025 seconds.
  path: Assets/3.UI/kenney_desert-shooter-pack_1.0/PNG/Tiles/Tiles/tile_0083.png
  artifactKey: Guid(6714dfa42df775c47b3b0912643a05ed) Importer(2089858483,b0f066a214c2f5e87bad3c948f4d605d)
Start importing Assets/3.UI/kenney_desert-shooter-pack_1.0/PNG/Tiles/Tiles/tile_0083.png using Guid(6714dfa42df775c47b3b0912643a05ed) Importer(2089858483,b0f066a214c2f5e87bad3c948f4d605d) (ScriptedImporter) -> (artifact id: '95351c78aa97b997559136344bf65c63') in 0.0214817 seconds
Number of updated asset objects reloaded before import = 0Number of asset objects unloaded after import = 1

========================================================================
Received Import Request.
  Time since last request: 0.000043 seconds.
  path: Assets/3.UI/kenney_board-game-icons/Vector/Icons/cards_stack.svg
  artifactKey: Guid(ea339e6cf4c90e54d8b5c550158fbb5e) Importer(2089858483,b0f066a214c2f5e87bad3c948f4d605d)
Start importing Assets/3.UI/kenney_board-game-icons/Vector/Icons/cards_stack.svg using Guid(ea339e6cf4c90e54d8b5c550158fbb5e) Importer(2089858483,b0f066a214c2f5e87bad3c948f4d605d) (ScriptedImporter) -> (artifact id: '03b1e9a176f04cd0ef01910ccca3ecfb') in 0.0187497 seconds
Number of updated asset objects reloaded before import = 0Number of asset objects unloaded after import = 1

========================================================================
Received Import Request.
  Time since last request: 0.000072 seconds.
  path: Assets/3.UI/kenney_board-game-icons/PNG/Default (64px)/d3.png
  artifactKey: Guid(e06beb1f8e2163d4fac2173c0d82af30) Importer(2089858483,b0f066a214c2f5e87bad3c948f4d605d)
Start importing Assets/3.UI/kenney_board-game-icons/PNG/Default (64px)/d3.png using Guid(e06beb1f8e2163d4fac2173c0d82af30) Importer(2089858483,b0f066a214c2f5e87bad3c948f4d605d) (ScriptedImporter) -> (artifact id: '9d1b6075d80cf8a867000600c317e8dc') in 0.0205067 seconds
Number of updated asset objects reloaded before import = 0Number of asset objects unloaded after import = 1

========================================================================
Received Import Request.
  Time since last request: 0.000021 seconds.
  path: Assets/3.UI/kenney_desert-shooter-pack_1.0/PNG/Interface/Tiles/tile_0060.png
  artifactKey: Guid(6ba020965915c0c49b44c90e401100c1) Importer(2089858483,b0f066a214c2f5e87bad3c948f4d605d)
Start importing Assets/3.UI/kenney_desert-shooter-pack_1.0/PNG/Interface/Tiles/tile_0060.png using Guid(6ba020965915c0c49b44c90e401100c1) Importer(2089858483,b0f066a214c2f5e87bad3c948f4d605d) (ScriptedImporter) -> (artifact id: '7f1d5ee04cb5b9e887a657341b39f814') in 0.0186106 seconds
Number of updated asset objects reloaded before import = 0Number of asset objects unloaded after import = 1

========================================================================
Received Import Request.
  Time since last request: 0.000031 seconds.
  path: Assets/3.UI/kenney_board-game-icons/Vector/Icons/card_flip.svg
  artifactKey: Guid(a0c3f21398fe45a46acfd2a4250d61d0) Importer(2089858483,b0f066a214c2f5e87bad3c948f4d605d)
Start importing Assets/3.UI/kenney_board-game-icons/Vector/Icons/card_flip.svg using Guid(a0c3f21398fe45a46acfd2a4250d61d0) Importer(2089858483,b0f066a214c2f5e87bad3c948f4d605d) (ScriptedImporter) -> (artifact id: '88708af94648cec80ac00fe5a5d71509') in 0.0168805 seconds
Number of updated asset objects reloaded before import = 0Number of asset objects unloaded after import = 1

========================================================================
Received Import Request.
  Time since last request: 0.000030 seconds.
  path: Assets/3.UI/kenney_desert-shooter-pack_1.0/PNG/Tiles/Tiles/tile_0030.png
  artifactKey: Guid(bc0d3f66d1a4c1d42b5704333c675c98) Importer(2089858483,b0f066a214c2f5e87bad3c948f4d605d)
Start importing Assets/3.UI/kenney_desert-shooter-pack_1.0/PNG/Tiles/Tiles/tile_0030.png using Guid(bc0d3f66d1a4c1d42b5704333c675c98) Importer(2089858483,b0f066a214c2f5e87bad3c948f4d605d) (ScriptedImporter) -> (artifact id: 'be83739faf65f2ef1652367b5744298a') in 0.0227227 seconds
Number of updated asset objects reloaded before import = 0Number of asset objects unloaded after import = 1

========================================================================
Received Import Request.
  Time since last request: 0.000034 seconds.
  path: Assets/3.UI/kenney_board-game-icons/PNG/Default (64px)/hexagon_question.png
  artifactKey: Guid(9d26ecead1a590f48b2b75397585bf04) Importer(2089858483,b0f066a214c2f5e87bad3c948f4d605d)
Start importing Assets/3.UI/kenney_board-game-icons/PNG/Default (64px)/hexagon_question.png using Guid(9d26ecead1a590f48b2b75397585bf04) Importer(2089858483,b0f066a214c2f5e87bad3c948f4d605d) (ScriptedImporter) -> (artifact id: 'e28d31dc226ae49b45643b81fb34c7ee') in 0.0218928 seconds
Number of updated asset objects reloaded before import = 0Number of asset objects unloaded after import = 1

========================================================================
Received Import Request.
  Time since last request: 0.000043 seconds.
  path: Assets/3.UI/kenney_desert-shooter-pack_1.0/PNG/Tiles/Tiles/tile_0149.png
  artifactKey: Guid(45d7665e71fe64f4eb715f25278d73e0) Importer(2089858483,b0f066a214c2f5e87bad3c948f4d605d)
Start importing Assets/3.UI/kenney_desert-shooter-pack_1.0/PNG/Tiles/Tiles/tile_0149.png using Guid(45d7665e71fe64f4eb715f25278d73e0) Importer(2089858483,b0f066a214c2f5e87bad3c948f4d605d) (ScriptedImporter) -> (artifact id: '5be98ad5c05ef6acb25e44b78349e391') in 0.0178982 seconds
Number of updated asset objects reloaded before import = 0Number of asset objects unloaded after import = 1

========================================================================
Received Import Request.
  Time since last request: 0.000023 seconds.
  path: Assets/3.UI/kenney_board-game-icons/PNG/Double (128px)/tag_shield_3.png
  artifactKey: Guid(e3e8efd6979bb394fa3443d192377621) Importer(2089858483,b0f066a214c2f5e87bad3c948f4d605d)
Start importing Assets/3.UI/kenney_board-game-icons/PNG/Double (128px)/tag_shield_3.png using Guid(e3e8efd6979bb394fa3443d192377621) Importer(2089858483,b0f066a214c2f5e87bad3c948f4d605d) (ScriptedImporter) -> (artifact id: 'a646eecd3624760ebba0b763b48ff4ed') in 0.018361 seconds
Number of updated asset objects reloaded before import = 0Number of asset objects unloaded after import = 1

========================================================================
Received Import Request.
  Time since last request: 0.000023 seconds.
  path: Assets/3.UI/kenney_desert-shooter-pack_1.0/PNG/Interface/Tiles/tile_0026.png
  artifactKey: Guid(16c2bc73ab719f4469cdf02fc7f4d713) Importer(2089858483,b0f066a214c2f5e87bad3c948f4d605d)
Start importing Assets/3.UI/kenney_desert-shooter-pack_1.0/PNG/Interface/Tiles/tile_0026.png using Guid(16c2bc73ab719f4469cdf02fc7f4d713) Importer(2089858483,b0f066a214c2f5e87bad3c948f4d605d) (ScriptedImporter) -> (artifact id: '24c2c6d1b70a36a2af442404aca43556') in 0.0189037 seconds
Number of updated asset objects reloaded before import = 0Number of asset objects unloaded after import = 1

========================================================================
Received Import Request.
  Time since last request: 0.000038 seconds.
  path: Assets/3.UI/kenney_desert-shooter-pack_1.0/PNG/Tiles/Tiles/tile_0060.png
  artifactKey: Guid(e17d2cfcbfd24d944b5e228edef6a0a1) Importer(2089858483,b0f066a214c2f5e87bad3c948f4d605d)
Start importing Assets/3.UI/kenney_desert-shooter-pack_1.0/PNG/Tiles/Tiles/tile_0060.png using Guid(e17d2cfcbfd24d944b5e228edef6a0a1) Importer(2089858483,b0f066a214c2f5e87bad3c948f4d605d) (ScriptedImporter) -> (artifact id: '7e2ad1d3896438dcc7d91c04483acb72') in 0.0245851 seconds
Number of updated asset objects reloaded before import = 0Number of asset objects unloaded after import = 1

========================================================================
Received Import Request.
  Time since last request: 0.000020 seconds.
  path: Assets/3.UI/kenney_desert-shooter-pack_1.0/PNG/Interface/Tiles/tile_0090.png
  artifactKey: Guid(08522a6251185da4c840112cf77fabe1) Importer(2089858483,b0f066a214c2f5e87bad3c948f4d605d)
Start importing Assets/3.UI/kenney_desert-shooter-pack_1.0/PNG/Interface/Tiles/tile_0090.png using Guid(08522a6251185da4c840112cf77fabe1) Importer(2089858483,b0f066a214c2f5e87bad3c948f4d605d) (ScriptedImporter) -> (artifact id: 'e90dd7e9a1cd7fe66041eb9c8e63e5bc') in 0.022939 seconds
Number of updated asset objects reloaded before import = 0Number of asset objects unloaded after import = 1

========================================================================
Received Import Request.
  Time since last request: 0.000125 seconds.
  path: Assets/3.UI/kenney_board-game-icons/Vector/Icons/hand_cube.svg
  artifactKey: Guid(8005c94e94713ec47b10fe73b477bc47) Importer(2089858483,b0f066a214c2f5e87bad3c948f4d605d)
Start importing Assets/3.UI/kenney_board-game-icons/Vector/Icons/hand_cube.svg using Guid(8005c94e94713ec47b10fe73b477bc47) Importer(2089858483,b0f066a214c2f5e87bad3c948f4d605d) (ScriptedImporter) -> (artifact id: 'a3abf8a2a66f4258b99aa20a43c55a7e') in 0.0174723 seconds
Number of updated asset objects reloaded before import = 0Number of asset objects unloaded after import = 1

========================================================================
Received Import Request.
  Time since last request: 0.000026 seconds.
  path: Assets/3.UI/kenney_desert-shooter-pack_1.0/PNG/Tiles/Tiles/tile_0222.png
  artifactKey: Guid(d7eb10287e3b58a448f8219bdc0e12de) Importer(2089858483,b0f066a214c2f5e87bad3c948f4d605d)
Start importing Assets/3.UI/kenney_desert-shooter-pack_1.0/PNG/Tiles/Tiles/tile_0222.png using Guid(d7eb10287e3b58a448f8219bdc0e12de) Importer(2089858483,b0f066a214c2f5e87bad3c948f4d605d) (ScriptedImporter) -> (artifact id: '2f11f7ef20d39a93d98d0d0e7df4be62') in 0.0253229 seconds
Number of updated asset objects reloaded before import = 0Number of asset objects unloaded after import = 1

========================================================================
Received Import Request.
  Time since last request: 0.000041 seconds.
  path: Assets/3.UI/kenney_board-game-icons/Vector/Icons/cards_shift.svg
  artifactKey: Guid(fdde8a4b4cd4c294da26afbbac9c6fa5) Importer(2089858483,b0f066a214c2f5e87bad3c948f4d605d)
Start importing Assets/3.UI/kenney_board-game-icons/Vector/Icons/cards_shift.svg using Guid(fdde8a4b4cd4c294da26afbbac9c6fa5) Importer(2089858483,b0f066a214c2f5e87bad3c948f4d605d) (ScriptedImporter) -> (artifact id: '7d57e69a85fd19481b92cc9e749e92d3') in 0.0177694 seconds
Number of updated asset objects reloaded before import = 0Number of asset objects unloaded after import = 1

========================================================================
Received Import Request.
  Time since last request: 0.000018 seconds.
  path: Assets/3.UI/kenney_board-game-icons/PNG
  artifactKey: Guid(3945b24705439c347bade4593b791c3d) Importer(2089858483,b0f066a214c2f5e87bad3c948f4d605d)
Start importing Assets/3.UI/kenney_board-game-icons/PNG using Guid(3945b24705439c347bade4593b791c3d) Importer(2089858483,b0f066a214c2f5e87bad3c948f4d605d) (ScriptedImporter) -> (artifact id: 'e3ad625f2bba20e48da65be7921a7d60') in 0.0115549 seconds
Number of updated asset objects reloaded before import = 0Number of asset objects unloaded after import = 1

========================================================================
Received Import Request.
  Time since last request: 0.000023 seconds.
  path: Assets/3.UI/kenney_board-game-icons/PNG/Double (128px)/hand_token_open.png
  artifactKey: Guid(85daeade013e12b49be0d6f62d1b3bf9) Importer(2089858483,b0f066a214c2f5e87bad3c948f4d605d)
Start importing Assets/3.UI/kenney_board-game-icons/PNG/Double (128px)/hand_token_open.png using Guid(85daeade013e12b49be0d6f62d1b3bf9) Importer(2089858483,b0f066a214c2f5e87bad3c948f4d605d) (ScriptedImporter) -> (artifact id: 'a4918d9699b060ae0e25321648f2bd06') in 0.1210232 seconds
Number of updated asset objects reloaded before import = 0Number of asset objects unloaded after import = 1

========================================================================
Received Import Request.
  Time since last request: 0.000034 seconds.
  path: Assets/3.UI/kenney_board-game-icons/PNG/Double (128px)/pawn_right.png
  artifactKey: Guid(d16e4c168f1632946a1db884670a679c) Importer(2089858483,b0f066a214c2f5e87bad3c948f4d605d)
Start importing Assets/3.UI/kenney_board-game-icons/PNG/Double (128px)/pawn_right.png using Guid(d16e4c168f1632946a1db884670a679c) Importer(2089858483,b0f066a214c2f5e87bad3c948f4d605d) (ScriptedImporter) -> (artifact id: '156b1b00ab28e9efed14469cf913ce0f') in 0.0311553 seconds
Number of updated asset objects reloaded before import = 0Number of asset objects unloaded after import = 1

========================================================================
Received Import Request.
  Time since last request: 0.000042 seconds.
  path: Assets/3.UI/kenney_board-game-icons/PNG/Double (128px)/cards_shift.png
  artifactKey: Guid(15df810a51f4a304c8c0d9445b38a484) Importer(2089858483,b0f066a214c2f5e87bad3c948f4d605d)
Start importing Assets/3.UI/kenney_board-game-icons/PNG/Double (128px)/cards_shift.png using Guid(15df810a51f4a304c8c0d9445b38a484) Importer(2089858483,b0f066a214c2f5e87bad3c948f4d605d) (ScriptedImporter) -> (artifact id: '1024752a6483813da4fe615eecb235f0') in 0.0236856 seconds
Number of updated asset objects reloaded before import = 0Number of asset objects unloaded after import = 1

========================================================================
Received Import Request.
  Time since last request: 0.000024 seconds.
  path: Assets/3.UI/kenney_board-game-icons/PNG/Default (64px)/dice_6.png
  artifactKey: Guid(151093237b5cf6f489b37beb97e332a4) Importer(2089858483,b0f066a214c2f5e87bad3c948f4d605d)
Start importing Assets/3.UI/kenney_board-game-icons/PNG/Default (64px)/dice_6.png using Guid(151093237b5cf6f489b37beb97e332a4) Importer(2089858483,b0f066a214c2f5e87bad3c948f4d605d) (ScriptedImporter) -> (artifact id: '516fcb743fd28538276b314baf50fb44') in 0.0215074 seconds
Number of updated asset objects reloaded before import = 0Number of asset objects unloaded after import = 1

========================================================================
Received Import Request.
  Time since last request: 0.000017 seconds.
  path: Assets/3.UI/kenney_desert-shooter-pack_1.0/PNG/Interface/Tiles/tile_0001.png
  artifactKey: Guid(9e7ea94038511d44590906eea1acf07f) Importer(2089858483,b0f066a214c2f5e87bad3c948f4d605d)
Start importing Assets/3.UI/kenney_desert-shooter-pack_1.0/PNG/Interface/Tiles/tile_0001.png using Guid(9e7ea94038511d44590906eea1acf07f) Importer(2089858483,b0f066a214c2f5e87bad3c948f4d605d) (ScriptedImporter) -> (artifact id: '142840237bbcd2866e14268c57470a27') in 0.0266937 seconds
Number of updated asset objects reloaded before import = 0Number of asset objects unloaded after import = 1

========================================================================
Received Import Request.
  Time since last request: 0.000021 seconds.
  path: Assets/3.UI/kenney_cursor-pixel-pack/Tiles/tile_0014.png
  artifactKey: Guid(e0e1e52c0364fa14e87c460156cb387e) Importer(2089858483,b0f066a214c2f5e87bad3c948f4d605d)
Start importing Assets/3.UI/kenney_cursor-pixel-pack/Tiles/tile_0014.png using Guid(e0e1e52c0364fa14e87c460156cb387e) Importer(2089858483,b0f066a214c2f5e87bad3c948f4d605d) (ScriptedImporter) -> (artifact id: '5a2e9cd6da939e64dd70e39e4c712e78') in 0.0219551 seconds
Number of updated asset objects reloaded before import = 0Number of asset objects unloaded after import = 1

========================================================================
Received Import Request.
  Time since last request: 0.000038 seconds.
  path: Assets/3.UI/kenney_board-game-icons/PNG/Double (128px)/cards_fan_outline.png
  artifactKey: Guid(6f700d863ec7bdd40b52b333a3e2ce58) Importer(2089858483,b0f066a214c2f5e87bad3c948f4d605d)
Start importing Assets/3.UI/kenney_board-game-icons/PNG/Double (128px)/cards_fan_outline.png using Guid(6f700d863ec7bdd40b52b333a3e2ce58) Importer(2089858483,b0f066a214c2f5e87bad3c948f4d605d) (ScriptedImporter) -> (artifact id: '11fc73aa4ef84c6f0c44f80460272f99') in 0.0242013 seconds
Number of updated asset objects reloaded before import = 0Number of asset objects unloaded after import = 1

========================================================================
Received Import Request.
  Time since last request: 0.000023 seconds.
  path: Assets/3.UI/kenney_desert-shooter-pack_1.0/PNG/Interface/Tiles/tile_0018.png
  artifactKey: Guid(f7d558ef70ea8e0409215ca349f21d20) Importer(2089858483,b0f066a214c2f5e87bad3c948f4d605d)
Start importing Assets/3.UI/kenney_desert-shooter-pack_1.0/PNG/Interface/Tiles/tile_0018.png using Guid(f7d558ef70ea8e0409215ca349f21d20) Importer(2089858483,b0f066a214c2f5e87bad3c948f4d605d) (ScriptedImporter) -> (artifact id: 'd97236528ad08101a55e9de5919496e1') in 0.0219455 seconds
Number of updated asset objects reloaded before import = 0Number of asset objects unloaded after import = 1

========================================================================
Received Import Request.
  Time since last request: 0.000034 seconds.
  path: Assets/3.UI/kenney_desert-shooter-pack_1.0/PNG/Enemies/Tiles/tile_0007.png
  artifactKey: Guid(3a9f891928f8227418101c7db30cf092) Importer(2089858483,b0f066a214c2f5e87bad3c948f4d605d)
Start importing Assets/3.UI/kenney_desert-shooter-pack_1.0/PNG/Enemies/Tiles/tile_0007.png using Guid(3a9f891928f8227418101c7db30cf092) Importer(2089858483,b0f066a214c2f5e87bad3c948f4d605d) (ScriptedImporter) -> (artifact id: 'd07dadd92aa48076ef55031081d71129') in 0.0199093 seconds
Number of updated asset objects reloaded before import = 0Number of asset objects unloaded after import = 1

========================================================================
Received Import Request.
  Time since last request: 0.000063 seconds.
  path: Assets/3.UI/kenney_cursor-pixel-pack/Tiles/tile_0169.png
  artifactKey: Guid(0ce5cf89e30103a49a99fdc4b82b765e) Importer(2089858483,b0f066a214c2f5e87bad3c948f4d605d)
Start importing Assets/3.UI/kenney_cursor-pixel-pack/Tiles/tile_0169.png using Guid(0ce5cf89e30103a49a99fdc4b82b765e) Importer(2089858483,b0f066a214c2f5e87bad3c948f4d605d) (ScriptedImporter) -> (artifact id: '72c0e6e4fcb9c28a93391d8ac76112b5') in 0.0233843 seconds
Number of updated asset objects reloaded before import = 0Number of asset objects unloaded after import = 1

========================================================================
Received Import Request.
  Time since last request: 0.000111 seconds.
  path: Assets/3.UI/kenney_cursor-pixel-pack/Tiles/tile_0040.png
  artifactKey: Guid(4782fad5248e5234f8045d46a9dd478c) Importer(2089858483,b0f066a214c2f5e87bad3c948f4d605d)
Start importing Assets/3.UI/kenney_cursor-pixel-pack/Tiles/tile_0040.png using Guid(4782fad5248e5234f8045d46a9dd478c) Importer(2089858483,b0f066a214c2f5e87bad3c948f4d605d) (ScriptedImporter) -> (artifact id: 'b159b672184f94e566ea2fe399927f16') in 0.0196768 seconds
Number of updated asset objects reloaded before import = 0Number of asset objects unloaded after import = 1

========================================================================
Received Import Request.
  Time since last request: 0.000025 seconds.
  path: Assets/3.UI/kenney_desert-shooter-pack_1.0/PNG/Tiles/Tiles/tile_0203.png
  artifactKey: Guid(f189b7ea9e51956478a627be02c637b1) Importer(2089858483,b0f066a214c2f5e87bad3c948f4d605d)
Start importing Assets/3.UI/kenney_desert-shooter-pack_1.0/PNG/Tiles/Tiles/tile_0203.png using Guid(f189b7ea9e51956478a627be02c637b1) Importer(2089858483,b0f066a214c2f5e87bad3c948f4d605d) (ScriptedImporter) -> (artifact id: '7f7a5346b29883bdb954a228511fc5b3') in 0.0208969 seconds
Number of updated asset objects reloaded before import = 0Number of asset objects unloaded after import = 1

========================================================================
Received Import Request.
  Time since last request: 0.000024 seconds.
  path: Assets/3.UI/kenney_board-game-icons/PNG/Default (64px)/cards_fan.png
  artifactKey: Guid(5e3166e87236efb4c94d5a0385178a9e) Importer(2089858483,b0f066a214c2f5e87bad3c948f4d605d)
Start importing Assets/3.UI/kenney_board-game-icons/PNG/Default (64px)/cards_fan.png using Guid(5e3166e87236efb4c94d5a0385178a9e) Importer(2089858483,b0f066a214c2f5e87bad3c948f4d605d) (ScriptedImporter) -> (artifact id: '19fc79656ed43f83af10c2c1f429db4f') in 0.0224403 seconds
Number of updated asset objects reloaded before import = 0Number of asset objects unloaded after import = 1

========================================================================
Received Import Request.
  Time since last request: 0.000025 seconds.
  path: Assets/3.UI/kenney_board-game-icons/PNG/Double (128px)/flip_tails.png
  artifactKey: Guid(ebe52220fc1c44f41908e100ccd5cf51) Importer(2089858483,b0f066a214c2f5e87bad3c948f4d605d)
Start importing Assets/3.UI/kenney_board-game-icons/PNG/Double (128px)/flip_tails.png using Guid(ebe52220fc1c44f41908e100ccd5cf51) Importer(2089858483,b0f066a214c2f5e87bad3c948f4d605d) (ScriptedImporter) -> (artifact id: 'fe6b02e9019a19ba8fea29cea20de40e') in 0.0209795 seconds
Number of updated asset objects reloaded before import = 0Number of asset objects unloaded after import = 1

========================================================================
Received Import Request.
  Time since last request: 0.000039 seconds.
  path: Assets/3.UI/kenney_board-game-icons/PNG/Double (128px)/cards_order.png
  artifactKey: Guid(8be3cb5dc483109438f44ade6c229a9e) Importer(2089858483,b0f066a214c2f5e87bad3c948f4d605d)
Start importing Assets/3.UI/kenney_board-game-icons/PNG/Double (128px)/cards_order.png using Guid(8be3cb5dc483109438f44ade6c229a9e) Importer(2089858483,b0f066a214c2f5e87bad3c948f4d605d) (ScriptedImporter) -> (artifact id: 'cdff84456ed9cc46a947fc0209512fe0') in 0.0192331 seconds
Number of updated asset objects reloaded before import = 0Number of asset objects unloaded after import = 1

========================================================================
Received Import Request.
  Time since last request: 0.000046 seconds.
  path: Assets/3.UI/kenney_board-game-icons/Vector/Icons/character_place.svg
  artifactKey: Guid(585369a51c1a791479f25eb0d20a2838) Importer(2089858483,b0f066a214c2f5e87bad3c948f4d605d)
Start importing Assets/3.UI/kenney_board-game-icons/Vector/Icons/character_place.svg using Guid(585369a51c1a791479f25eb0d20a2838) Importer(2089858483,b0f066a214c2f5e87bad3c948f4d605d) (ScriptedImporter) -> (artifact id: 'a0d7bd75b9bdb314fc12bc2eec10a0eb') in 0.0173302 seconds
Number of updated asset objects reloaded before import = 0Number of asset objects unloaded after import = 1

========================================================================
Received Import Request.
  Time since last request: 0.000020 seconds.
  path: Assets/3.UI/kenney_board-game-icons/PNG/Double (128px)/dice_shield.png
  artifactKey: Guid(9770c070f8baa284bb89c112ae900a31) Importer(2089858483,b0f066a214c2f5e87bad3c948f4d605d)
Start importing Assets/3.UI/kenney_board-game-icons/PNG/Double (128px)/dice_shield.png using Guid(9770c070f8baa284bb89c112ae900a31) Importer(2089858483,b0f066a214c2f5e87bad3c948f4d605d) (ScriptedImporter) -> (artifact id: '9e1c092fd8c969d2a2bb78249ce08659') in 0.0229626 seconds
Number of updated asset objects reloaded before import = 0Number of asset objects unloaded after import = 1

========================================================================
Received Import Request.
  Time since last request: 0.000022 seconds.
  path: Assets/3.UI/kenney_desert-shooter-pack_1.0/PNG/Interface
  artifactKey: Guid(af769e717a1f0bd48a1d77065f475245) Importer(2089858483,b0f066a214c2f5e87bad3c948f4d605d)
Start importing Assets/3.UI/kenney_desert-shooter-pack_1.0/PNG/Interface using Guid(af769e717a1f0bd48a1d77065f475245) Importer(2089858483,b0f066a214c2f5e87bad3c948f4d605d) (ScriptedImporter) -> (artifact id: '75e6061885e41dfe96c2db04f67d265c') in 0.0137157 seconds
Number of updated asset objects reloaded before import = 0Number of asset objects unloaded after import = 1

========================================================================
Received Import Request.
  Time since last request: 0.000052 seconds.
  path: Assets/3.UI/kenney_cursor-pixel-pack/Tiles/tile_0020.png
  artifactKey: Guid(7375ef2411c047d429dff0c7eb3fd383) Importer(2089858483,b0f066a214c2f5e87bad3c948f4d605d)
Start importing Assets/3.UI/kenney_cursor-pixel-pack/Tiles/tile_0020.png using Guid(7375ef2411c047d429dff0c7eb3fd383) Importer(2089858483,b0f066a214c2f5e87bad3c948f4d605d) (ScriptedImporter) -> (artifact id: 'd563bea035112731960a623d30eefff2') in 0.0319671 seconds
Number of updated asset objects reloaded before import = 0Number of asset objects unloaded after import = 1

========================================================================
Received Import Request.
  Time since last request: 0.000035 seconds.
  path: Assets/3.UI/kenney_desert-shooter-pack_1.0/PNG/Weapons/Tiles/tile_0024.png
  artifactKey: Guid(77e21861c16f12443a00fbb8b41e0ecb) Importer(2089858483,b0f066a214c2f5e87bad3c948f4d605d)
Start importing Assets/3.UI/kenney_desert-shooter-pack_1.0/PNG/Weapons/Tiles/tile_0024.png using Guid(77e21861c16f12443a00fbb8b41e0ecb) Importer(2089858483,b0f066a214c2f5e87bad3c948f4d605d) (ScriptedImporter) -> (artifact id: 'fde128bfb2c1352d1dc69bd344bdd84e') in 0.0183871 seconds
Number of updated asset objects reloaded before import = 0Number of asset objects unloaded after import = 1

========================================================================
Received Import Request.
  Time since last request: 0.000079 seconds.
  path: Assets/3.UI/kenney_cursor-pixel-pack/Tiles/tile_0171.png
  artifactKey: Guid(d40ab77781afec24891c6593dea2306c) Importer(2089858483,b0f066a214c2f5e87bad3c948f4d605d)
Start importing Assets/3.UI/kenney_cursor-pixel-pack/Tiles/tile_0171.png using Guid(d40ab77781afec24891c6593dea2306c) Importer(2089858483,b0f066a214c2f5e87bad3c948f4d605d) (ScriptedImporter) -> (artifact id: '47d3da9c9c947d00d22e323b9af8ff70') in 0.0209346 seconds
Number of updated asset objects reloaded before import = 0Number of asset objects unloaded after import = 1

========================================================================
Received Import Request.
  Time since last request: 0.000051 seconds.
  path: Assets/3.UI/kenney_board-game-icons/PNG/Double (128px)/tag_d6_1.png
  artifactKey: Guid(a120220950a51cd4a91622d49b843407) Importer(2089858483,b0f066a214c2f5e87bad3c948f4d605d)
Start importing Assets/3.UI/kenney_board-game-icons/PNG/Double (128px)/tag_d6_1.png using Guid(a120220950a51cd4a91622d49b843407) Importer(2089858483,b0f066a214c2f5e87bad3c948f4d605d) (ScriptedImporter) -> (artifact id: '6f460a2be8640d5ebfef23c2573824d5') in 0.0180545 seconds
Number of updated asset objects reloaded before import = 0Number of asset objects unloaded after import = 1

========================================================================
Received Import Request.
  Time since last request: 0.000030 seconds.
  path: Assets/3.UI/kenney_board-game-icons/Vector/Icons/cards_seek.svg
  artifactKey: Guid(9b72c198d74898045a23c2981697eb44) Importer(2089858483,b0f066a214c2f5e87bad3c948f4d605d)
Start importing Assets/3.UI/kenney_board-game-icons/Vector/Icons/cards_seek.svg using Guid(9b72c198d74898045a23c2981697eb44) Importer(2089858483,b0f066a214c2f5e87bad3c948f4d605d) (ScriptedImporter) -> (artifact id: '7fd6d76d0e4831af424ef364c0c97ea8') in 0.0173658 seconds
Number of updated asset objects reloaded before import = 0Number of asset objects unloaded after import = 1

========================================================================
Received Import Request.
  Time since last request: 0.000033 seconds.
  path: Assets/3.UI/kenney_desert-shooter-pack_1.0/Sounds/hurt-d.ogg
  artifactKey: Guid(76db07c49773b194384302c3bee8d428) Importer(2089858483,b0f066a214c2f5e87bad3c948f4d605d)
Start importing Assets/3.UI/kenney_desert-shooter-pack_1.0/Sounds/hurt-d.ogg using Guid(76db07c49773b194384302c3bee8d428) Importer(2089858483,b0f066a214c2f5e87bad3c948f4d605d) (ScriptedImporter) -> (artifact id: '82dfc1d792288c0b4649e7d3a79f5c52') in 0.0276399 seconds
Number of updated asset objects reloaded before import = 0Number of asset objects unloaded after import = 1

========================================================================
Received Import Request.
  Time since last request: 0.000046 seconds.
  path: Assets/3.UI/kenney_board-game-icons/PNG/Default (64px)/cards_order.png
  artifactKey: Guid(b1b5b2566d7a58848972bdef4d5d979f) Importer(2089858483,b0f066a214c2f5e87bad3c948f4d605d)
Start importing Assets/3.UI/kenney_board-game-icons/PNG/Default (64px)/cards_order.png using Guid(b1b5b2566d7a58848972bdef4d5d979f) Importer(2089858483,b0f066a214c2f5e87bad3c948f4d605d) (ScriptedImporter) -> (artifact id: '7d85a759d88c93788636931e5721a7ac') in 0.0218831 seconds
Number of updated asset objects reloaded before import = 0Number of asset objects unloaded after import = 1

========================================================================
Received Import Request.
  Time since last request: 0.000024 seconds.
  path: Assets/3.UI/kenney_cursor-pixel-pack/Tiles/tile_0092.png
  artifactKey: Guid(b5d9cf4a9bfe59d47a2e488d2844eb17) Importer(2089858483,b0f066a214c2f5e87bad3c948f4d605d)
Start importing Assets/3.UI/kenney_cursor-pixel-pack/Tiles/tile_0092.png using Guid(b5d9cf4a9bfe59d47a2e488d2844eb17) Importer(2089858483,b0f066a214c2f5e87bad3c948f4d605d) (ScriptedImporter) -> (artifact id: '3eef6524a8e7c418f336020d25859bce') in 0.0199158 seconds
Number of updated asset objects reloaded before import = 0Number of asset objects unloaded after import = 1

========================================================================
Received Import Request.
  Time since last request: 0.000036 seconds.
  path: Assets/3.UI/kenney_cursor-pixel-pack/Tiles/tile_0198.png
  artifactKey: Guid(b65d9b0534032ea4495e07ed6048ff68) Importer(2089858483,b0f066a214c2f5e87bad3c948f4d605d)
Start importing Assets/3.UI/kenney_cursor-pixel-pack/Tiles/tile_0198.png using Guid(b65d9b0534032ea4495e07ed6048ff68) Importer(2089858483,b0f066a214c2f5e87bad3c948f4d605d) (ScriptedImporter) -> (artifact id: '508fa64ec18975ead1ffde835a100dd1') in 0.0190081 seconds
Number of updated asset objects reloaded before import = 0Number of asset objects unloaded after import = 1

========================================================================
Received Import Request.
  Time since last request: 0.000015 seconds.
  path: Assets/3.UI/kenney_board-game-icons/PNG/Default (64px)/arrow_cross.png
  artifactKey: Guid(f4e654b23da711342a4e7ebfb628c1d5) Importer(2089858483,b0f066a214c2f5e87bad3c948f4d605d)
Start importing Assets/3.UI/kenney_board-game-icons/PNG/Default (64px)/arrow_cross.png using Guid(f4e654b23da711342a4e7ebfb628c1d5) Importer(2089858483,b0f066a214c2f5e87bad3c948f4d605d) (ScriptedImporter) -> (artifact id: '834e28935cb2a92e576482fb9f50a269') in 0.0275391 seconds
Number of updated asset objects reloaded before import = 0Number of asset objects unloaded after import = 1

========================================================================
Received Import Request.
  Time since last request: 0.000019 seconds.
  path: Assets/3.UI/kenney_board-game-icons/Vector/Icons/hourglass_bottom.svg
  artifactKey: Guid(d32a4d9c40d4fc441a1f4f23206801b5) Importer(2089858483,b0f066a214c2f5e87bad3c948f4d605d)
Start importing Assets/3.UI/kenney_board-game-icons/Vector/Icons/hourglass_bottom.svg using Guid(d32a4d9c40d4fc441a1f4f23206801b5) Importer(2089858483,b0f066a214c2f5e87bad3c948f4d605d) (ScriptedImporter) -> (artifact id: '60c959974cc34bfd96a166d62f632e10') in 0.021893 seconds
Number of updated asset objects reloaded before import = 0Number of asset objects unloaded after import = 1

========================================================================
Received Import Request.
  Time since last request: 0.000082 seconds.
  path: Assets/3.UI/kenney_board-game-icons/Vector/Icons/hand_token.svg
  artifactKey: Guid(5398d26cffad76841a9b14044be9bd9f) Importer(2089858483,b0f066a214c2f5e87bad3c948f4d605d)
Start importing Assets/3.UI/kenney_board-game-icons/Vector/Icons/hand_token.svg using Guid(5398d26cffad76841a9b14044be9bd9f) Importer(2089858483,b0f066a214c2f5e87bad3c948f4d605d) (ScriptedImporter) -> (artifact id: '0694f5ead3bede0891f8dc62d6b02b45') in 0.0203584 seconds
Number of updated asset objects reloaded before import = 0Number of asset objects unloaded after import = 1

========================================================================
Received Import Request.
  Time since last request: 0.000036 seconds.
  path: Assets/3.UI/kenney_desert-shooter-pack_1.0/PNG/Interface/Tiles/tile_0140.png
  artifactKey: Guid(2f0df23dada6bce4ab157dbf13ddbf0c) Importer(2089858483,b0f066a214c2f5e87bad3c948f4d605d)
Start importing Assets/3.UI/kenney_desert-shooter-pack_1.0/PNG/Interface/Tiles/tile_0140.png using Guid(2f0df23dada6bce4ab157dbf13ddbf0c) Importer(2089858483,b0f066a214c2f5e87bad3c948f4d605d) (ScriptedImporter) -> (artifact id: '7a7606e354188b157da2e32ade71c023') in 0.0213181 seconds
Number of updated asset objects reloaded before import = 0Number of asset objects unloaded after import = 1

========================================================================
Received Import Request.
  Time since last request: 0.000022 seconds.
  path: Assets/3.UI/kenney_desert-shooter-pack_1.0/PNG/Weapons/Tiles/tile_0014.png
  artifactKey: Guid(bed2376a5e5461245b41ae499885aaa6) Importer(2089858483,b0f066a214c2f5e87bad3c948f4d605d)
Start importing Assets/3.UI/kenney_desert-shooter-pack_1.0/PNG/Weapons/Tiles/tile_0014.png using Guid(bed2376a5e5461245b41ae499885aaa6) Importer(2089858483,b0f066a214c2f5e87bad3c948f4d605d) (ScriptedImporter) -> (artifact id: '867323ad5b5174495f7ccba348c5d8f7') in 0.0223425 seconds
Number of updated asset objects reloaded before import = 0Number of asset objects unloaded after import = 1

========================================================================
Received Import Request.
  Time since last request: 0.000018 seconds.
  path: Assets/3.UI/kenney_board-game-icons/PNG/Default (64px)/structure_farm.png
  artifactKey: Guid(9dd18c33f6bfcf54d99b0ff97eefc64f) Importer(2089858483,b0f066a214c2f5e87bad3c948f4d605d)
Start importing Assets/3.UI/kenney_board-game-icons/PNG/Default (64px)/structure_farm.png using Guid(9dd18c33f6bfcf54d99b0ff97eefc64f) Importer(2089858483,b0f066a214c2f5e87bad3c948f4d605d) (ScriptedImporter) -> (artifact id: '8dbd9d6ed33c2fc0fef1376a0190bc40') in 0.0197211 seconds
Number of updated asset objects reloaded before import = 0Number of asset objects unloaded after import = 1

========================================================================
Received Import Request.
  Time since last request: 0.000033 seconds.
  path: Assets/3.UI/kenney_desert-shooter-pack_1.0/PNG/Interface/Tiles/tile_0145.png
  artifactKey: Guid(d229bdff85e6c344d912b773014296e7) Importer(2089858483,b0f066a214c2f5e87bad3c948f4d605d)
Start importing Assets/3.UI/kenney_desert-shooter-pack_1.0/PNG/Interface/Tiles/tile_0145.png using Guid(d229bdff85e6c344d912b773014296e7) Importer(2089858483,b0f066a214c2f5e87bad3c948f4d605d) (ScriptedImporter) -> (artifact id: '6216c9e0d53f34632a69f3b1c5f5b60f') in 0.0245553 seconds
Number of updated asset objects reloaded before import = 0Number of asset objects unloaded after import = 1

========================================================================
Received Import Request.
  Time since last request: 0.000049 seconds.
  path: Assets/3.UI/kenney_cursor-pixel-pack/Tiles/tile_0118.png
  artifactKey: Guid(940bc723780c19d449b95b9075d38063) Importer(2089858483,b0f066a214c2f5e87bad3c948f4d605d)
Start importing Assets/3.UI/kenney_cursor-pixel-pack/Tiles/tile_0118.png using Guid(940bc723780c19d449b95b9075d38063) Importer(2089858483,b0f066a214c2f5e87bad3c948f4d605d) (ScriptedImporter) -> (artifact id: '9ec3fe1c61fbb489843b0bcb573fa55a') in 0.018139 seconds
Number of updated asset objects reloaded before import = 0Number of asset objects unloaded after import = 1

========================================================================
Received Import Request.
  Time since last request: 0.000018 seconds.
  path: Assets/3.UI/kenney_desert-shooter-pack_1.0/Sounds/hurt-e.ogg
  artifactKey: Guid(a1451ca72d1c134429f3f802d869f679) Importer(2089858483,b0f066a214c2f5e87bad3c948f4d605d)
Start importing Assets/3.UI/kenney_desert-shooter-pack_1.0/Sounds/hurt-e.ogg using Guid(a1451ca72d1c134429f3f802d869f679) Importer(2089858483,b0f066a214c2f5e87bad3c948f4d605d) (ScriptedImporter) -> (artifact id: '9213b093619d6d0f1b04d950312e7a50') in 0.02766 seconds
Number of updated asset objects reloaded before import = 0Number of asset objects unloaded after import = 1

========================================================================
Received Import Request.
  Time since last request: 0.000020 seconds.
  path: Assets/3.UI/kenney_board-game-icons/PNG/Default (64px)/pawn_up.png
  artifactKey: Guid(73b36846ccb4d4d42aa82b394d5aeb4d) Importer(2089858483,b0f066a214c2f5e87bad3c948f4d605d)
Start importing Assets/3.UI/kenney_board-game-icons/PNG/Default (64px)/pawn_up.png using Guid(73b36846ccb4d4d42aa82b394d5aeb4d) Importer(2089858483,b0f066a214c2f5e87bad3c948f4d605d) (ScriptedImporter) -> (artifact id: '60a3ea98b6b0563cc771adb14251d47f') in 0.0203618 seconds
Number of updated asset objects reloaded before import = 0Number of asset objects unloaded after import = 1

========================================================================
Received Import Request.
  Time since last request: 0.000029 seconds.
  path: Assets/3.UI/kenney_board-game-icons/PNG/Default (64px)/pouch_remove.png
  artifactKey: Guid(1acedc658590b994ab2252879d0afd93) Importer(2089858483,b0f066a214c2f5e87bad3c948f4d605d)
Start importing Assets/3.UI/kenney_board-game-icons/PNG/Default (64px)/pouch_remove.png using Guid(1acedc658590b994ab2252879d0afd93) Importer(2089858483,b0f066a214c2f5e87bad3c948f4d605d) (ScriptedImporter) -> (artifact id: '551bbc186ae6d8152913f7fd54584fca') in 0.0244388 seconds
Number of updated asset objects reloaded before import = 0Number of asset objects unloaded after import = 1

========================================================================
Received Import Request.
  Time since last request: 0.000040 seconds.
  path: Assets/3.UI/kenney_desert-shooter-pack_1.0/PNG/Tiles/Tiles/tile_0024.png
  artifactKey: Guid(23e144a781c443949ae6d2ec5c983568) Importer(2089858483,b0f066a214c2f5e87bad3c948f4d605d)
Start importing Assets/3.UI/kenney_desert-shooter-pack_1.0/PNG/Tiles/Tiles/tile_0024.png using Guid(23e144a781c443949ae6d2ec5c983568) Importer(2089858483,b0f066a214c2f5e87bad3c948f4d605d) (ScriptedImporter) -> (artifact id: 'bd2d8d2e50b19716d32bd19029dce97a') in 0.0231902 seconds
Number of updated asset objects reloaded before import = 0Number of asset objects unloaded after import = 1

========================================================================
Received Import Request.
  Time since last request: 0.000018 seconds.
  path: Assets/3.UI/kenney_board-game-icons/PNG/Default (64px)/hexagon_tile.png
  artifactKey: Guid(95556ba3b6f95f249a89753891838af9) Importer(2089858483,b0f066a214c2f5e87bad3c948f4d605d)
Start importing Assets/3.UI/kenney_board-game-icons/PNG/Default (64px)/hexagon_tile.png using Guid(95556ba3b6f95f249a89753891838af9) Importer(2089858483,b0f066a214c2f5e87bad3c948f4d605d) (ScriptedImporter) -> (artifact id: '6aff68e985b6ac5770678d9aa1bb5140') in 0.0228221 seconds
Number of updated asset objects reloaded before import = 0Number of asset objects unloaded after import = 1

========================================================================
Received Import Request.
  Time since last request: 0.000077 seconds.
  path: Assets/3.UI/kenney_board-game-icons/PNG/Default (64px)/pawn_right.png
  artifactKey: Guid(3770dce46901f20419751baf94ca45aa) Importer(2089858483,b0f066a214c2f5e87bad3c948f4d605d)
Start importing Assets/3.UI/kenney_board-game-icons/PNG/Default (64px)/pawn_right.png using Guid(3770dce46901f20419751baf94ca45aa) Importer(2089858483,b0f066a214c2f5e87bad3c948f4d605d) (ScriptedImporter) -> (artifact id: '86f19e74782fe197593a2b7d48e2b2ea') in 0.0243173 seconds
Number of updated asset objects reloaded before import = 0Number of asset objects unloaded after import = 1

========================================================================
Received Import Request.
  Time since last request: 0.000031 seconds.
  path: Assets/3.UI/kenney_board-game-icons/PNG/Double (128px)/character_place.png
  artifactKey: Guid(823c007add05feb4b931f641df84be50) Importer(2089858483,b0f066a214c2f5e87bad3c948f4d605d)
Start importing Assets/3.UI/kenney_board-game-icons/PNG/Double (128px)/character_place.png using Guid(823c007add05feb4b931f641df84be50) Importer(2089858483,b0f066a214c2f5e87bad3c948f4d605d) (ScriptedImporter) -> (artifact id: 'a2edb934294beabf63ce97bae83cf4f3') in 0.0233407 seconds
Number of updated asset objects reloaded before import = 0Number of asset objects unloaded after import = 1

========================================================================
Received Import Request.
  Time since last request: 0.000027 seconds.
  path: Assets/3.UI/kenney_cursor-pixel-pack/Tiles/tile_0070.png
  artifactKey: Guid(b037285a4fe29bf449d02d5bb4ca4536) Importer(2089858483,b0f066a214c2f5e87bad3c948f4d605d)
Start importing Assets/3.UI/kenney_cursor-pixel-pack/Tiles/tile_0070.png using Guid(b037285a4fe29bf449d02d5bb4ca4536) Importer(2089858483,b0f066a214c2f5e87bad3c948f4d605d) (ScriptedImporter) -> (artifact id: '4b44a8cfa033d64b822fdcb283e3bb84') in 0.0278917 seconds
Number of updated asset objects reloaded before import = 0Number of asset objects unloaded after import = 1

========================================================================
Received Import Request.
  Time since last request: 0.000017 seconds.
  path: Assets/3.UI/kenney_cursor-pixel-pack/Tiles/tile_0085.png
  artifactKey: Guid(fed590aef66390b43be82541a611c708) Importer(2089858483,b0f066a214c2f5e87bad3c948f4d605d)
Start importing Assets/3.UI/kenney_cursor-pixel-pack/Tiles/tile_0085.png using Guid(fed590aef66390b43be82541a611c708) Importer(2089858483,b0f066a214c2f5e87bad3c948f4d605d) (ScriptedImporter) -> (artifact id: '461a42f3d8fe2062f8ccfdb6015bdbcf') in 0.023517 seconds
Number of updated asset objects reloaded before import = 0Number of asset objects unloaded after import = 1

========================================================================
Received Import Request.
  Time since last request: 0.000020 seconds.
  path: Assets/3.UI/kenney_board-game-icons/PNG/Default (64px)/hexagon_switch.png
  artifactKey: Guid(6752622796d814848a75f20fd628c6fb) Importer(2089858483,b0f066a214c2f5e87bad3c948f4d605d)
Start importing Assets/3.UI/kenney_board-game-icons/PNG/Default (64px)/hexagon_switch.png using Guid(6752622796d814848a75f20fd628c6fb) Importer(2089858483,b0f066a214c2f5e87bad3c948f4d605d) (ScriptedImporter) -> (artifact id: 'b34035d60e181bcf3e72dbcbd465b549') in 0.0226717 seconds
Number of updated asset objects reloaded before import = 0Number of asset objects unloaded after import = 1

========================================================================
Received Import Request.
  Time since last request: 0.000019 seconds.
  path: Assets/3.UI/kenney_cursor-pixel-pack/Tiles/tile_0087.png
  artifactKey: Guid(93aecb54e6eebfd41a49a5584200bec2) Importer(2089858483,b0f066a214c2f5e87bad3c948f4d605d)
Start importing Assets/3.UI/kenney_cursor-pixel-pack/Tiles/tile_0087.png using Guid(93aecb54e6eebfd41a49a5584200bec2) Importer(2089858483,b0f066a214c2f5e87bad3c948f4d605d) (ScriptedImporter) -> (artifact id: 'f0d2129a392c10a247d358fbe02831df') in 0.0205834 seconds
Number of updated asset objects reloaded before import = 0Number of asset objects unloaded after import = 1

========================================================================
Received Import Request.
  Time since last request: 0.000168 seconds.
  path: Assets/3.UI/kenney_board-game-icons/PNG/Default (64px)/cards_seek.png
  artifactKey: Guid(b421a09f75bcb9b4bb5c9b715ffd426f) Importer(2089858483,b0f066a214c2f5e87bad3c948f4d605d)
Start importing Assets/3.UI/kenney_board-game-icons/PNG/Default (64px)/cards_seek.png using Guid(b421a09f75bcb9b4bb5c9b715ffd426f) Importer(2089858483,b0f066a214c2f5e87bad3c948f4d605d) (ScriptedImporter) -> (artifact id: '77cb6961e306e296f4890cf1ac691d0e') in 0.0217889 seconds
Number of updated asset objects reloaded before import = 0Number of asset objects unloaded after import = 1

========================================================================
Received Import Request.
  Time since last request: 0.000024 seconds.
  path: Assets/3.UI/kenney_board-game-icons/PNG/Default (64px)/d8_outline_number.png
  artifactKey: Guid(2409c305dcc1c6643be3d3d1a6c105a7) Importer(2089858483,b0f066a214c2f5e87bad3c948f4d605d)
Start importing Assets/3.UI/kenney_board-game-icons/PNG/Default (64px)/d8_outline_number.png using Guid(2409c305dcc1c6643be3d3d1a6c105a7) Importer(2089858483,b0f066a214c2f5e87bad3c948f4d605d) (ScriptedImporter) -> (artifact id: 'ab146fc11f1760b0665e5d70db10ab59') in 0.0249229 seconds
Number of updated asset objects reloaded before import = 0Number of asset objects unloaded after import = 1

========================================================================
Received Import Request.
  Time since last request: 0.000024 seconds.
  path: Assets/3.UI/kenney_board-game-icons/PNG/Double (128px)/d2.png
  artifactKey: Guid(2c8e078d16715624caf0767e0cc6a3d3) Importer(2089858483,b0f066a214c2f5e87bad3c948f4d605d)
Start importing Assets/3.UI/kenney_board-game-icons/PNG/Double (128px)/d2.png using Guid(2c8e078d16715624caf0767e0cc6a3d3) Importer(2089858483,b0f066a214c2f5e87bad3c948f4d605d) (ScriptedImporter) -> (artifact id: '184ab8eb8c781c1da99f96cb2be37cd9') in 0.0280691 seconds
Number of updated asset objects reloaded before import = 0Number of asset objects unloaded after import = 1

========================================================================
Received Import Request.
  Time since last request: 0.000021 seconds.
  path: Assets/3.UI/kenney_desert-shooter-pack_1.0/Preview.png
  artifactKey: Guid(3bc4ff448b2770644968b41b39060166) Importer(2089858483,b0f066a214c2f5e87bad3c948f4d605d)
Start importing Assets/3.UI/kenney_desert-shooter-pack_1.0/Preview.png using Guid(3bc4ff448b2770644968b41b39060166) Importer(2089858483,b0f066a214c2f5e87bad3c948f4d605d) (ScriptedImporter) -> (artifact id: '94e2191900102330e9d3a324356985fb') in 0.0235984 seconds
Number of updated asset objects reloaded before import = 0Number of asset objects unloaded after import = 1

========================================================================
Received Import Request.
  Time since last request: 0.000035 seconds.
  path: Assets/3.UI/kenney_board-game-icons/PNG/Double (128px)/lock_closed.png
  artifactKey: Guid(05afdffc38866fc45b3b129e6a85a47e) Importer(2089858483,b0f066a214c2f5e87bad3c948f4d605d)
Start importing Assets/3.UI/kenney_board-game-icons/PNG/Double (128px)/lock_closed.png using Guid(05afdffc38866fc45b3b129e6a85a47e) Importer(2089858483,b0f066a214c2f5e87bad3c948f4d605d) (ScriptedImporter) -> (artifact id: 'f1e864f689f0aabc3621259804fdcd65') in 0.0244501 seconds
Number of updated asset objects reloaded before import = 0Number of asset objects unloaded after import = 1

========================================================================
Received Import Request.
  Time since last request: 0.000021 seconds.
  path: Assets/3.UI/kenney_board-game-icons/Vector/Icons/timer_CW_25.svg
  artifactKey: Guid(b771162f4cdf96649822bc4d2f74b3b9) Importer(2089858483,b0f066a214c2f5e87bad3c948f4d605d)
Start importing Assets/3.UI/kenney_board-game-icons/Vector/Icons/timer_CW_25.svg using Guid(b771162f4cdf96649822bc4d2f74b3b9) Importer(2089858483,b0f066a214c2f5e87bad3c948f4d605d) (ScriptedImporter) -> (artifact id: '1d36d0f5f8bb8cd03fd4a0d6e25c78f0') in 0.0236303 seconds
Number of updated asset objects reloaded before import = 0Number of asset objects unloaded after import = 1

========================================================================
Received Import Request.
  Time since last request: 0.000029 seconds.
  path: Assets/3.UI/kenney_cursor-pixel-pack/Tiles/tile_0214.png
  artifactKey: Guid(efd67d38e887d434394e390fde97ded3) Importer(2089858483,b0f066a214c2f5e87bad3c948f4d605d)
Start importing Assets/3.UI/kenney_cursor-pixel-pack/Tiles/tile_0214.png using Guid(efd67d38e887d434394e390fde97ded3) Importer(2089858483,b0f066a214c2f5e87bad3c948f4d605d) (ScriptedImporter) -> (artifact id: '59e54f52f66a9cff0645b4f9feac6fc2') in 0.0278283 seconds
Number of updated asset objects reloaded before import = 0Number of asset objects unloaded after import = 1

========================================================================
Received Import Request.
  Time since last request: 0.000023 seconds.
  path: Assets/3.UI/kenney_cursor-pixel-pack/Tiles/tile_0173.png
  artifactKey: Guid(0126fd3d90fd6b6419ae46517f9c57d2) Importer(2089858483,b0f066a214c2f5e87bad3c948f4d605d)
Start importing Assets/3.UI/kenney_cursor-pixel-pack/Tiles/tile_0173.png using Guid(0126fd3d90fd6b6419ae46517f9c57d2) Importer(2089858483,b0f066a214c2f5e87bad3c948f4d605d) (ScriptedImporter) -> (artifact id: '89eba9fa2f2c0e56f237bb7582a883a0') in 0.0257348 seconds
Number of updated asset objects reloaded before import = 0Number of asset objects unloaded after import = 1

========================================================================
Received Import Request.
  Time since last request: 0.000029 seconds.
  path: Assets/3.UI/kenney_desert-shooter-pack_1.0/PNG/Weapons/Tiles/tile_0029.png
  artifactKey: Guid(47e8c0fae713b214d845c58f2943bcaf) Importer(2089858483,b0f066a214c2f5e87bad3c948f4d605d)
Start importing Assets/3.UI/kenney_desert-shooter-pack_1.0/PNG/Weapons/Tiles/tile_0029.png using Guid(47e8c0fae713b214d845c58f2943bcaf) Importer(2089858483,b0f066a214c2f5e87bad3c948f4d605d) (ScriptedImporter) -> (artifact id: '6386f67489988eb90c7281bbebd8e847') in 0.0229161 seconds
Number of updated asset objects reloaded before import = 0Number of asset objects unloaded after import = 1

========================================================================
Received Import Request.
  Time since last request: 0.000018 seconds.
  path: Assets/3.UI/kenney_board-game-icons/PNG/Default (64px)/chess_bishop.png
  artifactKey: Guid(61426ffbd80f5884ca704b7f6ae115e8) Importer(2089858483,b0f066a214c2f5e87bad3c948f4d605d)
Start importing Assets/3.UI/kenney_board-game-icons/PNG/Default (64px)/chess_bishop.png using Guid(61426ffbd80f5884ca704b7f6ae115e8) Importer(2089858483,b0f066a214c2f5e87bad3c948f4d605d) (ScriptedImporter) -> (artifact id: 'cae0e2aad4c6197efe45c06c3af00dfe') in 0.0204926 seconds
Number of updated asset objects reloaded before import = 0Number of asset objects unloaded after import = 1

========================================================================
Received Import Request.
  Time since last request: 0.000018 seconds.
  path: Assets/3.UI/kenney_desert-shooter-pack_1.0/PNG/Weapons/Tiles/tile_0035.png
  artifactKey: Guid(0238f1b39743c684682e001de15fff01) Importer(2089858483,b0f066a214c2f5e87bad3c948f4d605d)
Start importing Assets/3.UI/kenney_desert-shooter-pack_1.0/PNG/Weapons/Tiles/tile_0035.png using Guid(0238f1b39743c684682e001de15fff01) Importer(2089858483,b0f066a214c2f5e87bad3c948f4d605d) (ScriptedImporter) -> (artifact id: '3ef3d20163c9f2b15d09394909b7f0d0') in 0.0195013 seconds
Number of updated asset objects reloaded before import = 0Number of asset objects unloaded after import = 1

========================================================================
Received Import Request.
  Time since last request: 0.000020 seconds.
  path: Assets/3.UI/kenney_desert-shooter-pack_1.0/PNG/Tiles/Tiles/tile_0226.png
  artifactKey: Guid(3b185bd7115341f4588190c228d37b3b) Importer(2089858483,b0f066a214c2f5e87bad3c948f4d605d)
Start importing Assets/3.UI/kenney_desert-shooter-pack_1.0/PNG/Tiles/Tiles/tile_0226.png using Guid(3b185bd7115341f4588190c228d37b3b) Importer(2089858483,b0f066a214c2f5e87bad3c948f4d605d) (ScriptedImporter) -> (artifact id: 'ed2223c4d70937228aca2f67e95eae5a') in 0.020217 seconds
Number of updated asset objects reloaded before import = 0Number of asset objects unloaded after import = 1

========================================================================
Received Import Request.
  Time since last request: 0.000033 seconds.
  path: Assets/3.UI/kenney_desert-shooter-pack_1.0/PNG/Interface/Tiles/tile_0054.png
  artifactKey: Guid(934a2cd1ca35e0545b1c21b0923947eb) Importer(2089858483,b0f066a214c2f5e87bad3c948f4d605d)
Start importing Assets/3.UI/kenney_desert-shooter-pack_1.0/PNG/Interface/Tiles/tile_0054.png using Guid(934a2cd1ca35e0545b1c21b0923947eb) Importer(2089858483,b0f066a214c2f5e87bad3c948f4d605d) (ScriptedImporter) -> (artifact id: 'bb5d5bce04592caf13b25bba90e8184f') in 0.0274103 seconds
Number of updated asset objects reloaded before import = 0Number of asset objects unloaded after import = 1

========================================================================
Received Import Request.
  Time since last request: 0.000122 seconds.
  path: Assets/3.UI/kenney_desert-shooter-pack_1.0/Sounds/shoot-d.ogg
  artifactKey: Guid(7e2fe913fb2a4874eaeafd51108f5f2e) Importer(2089858483,b0f066a214c2f5e87bad3c948f4d605d)
Start importing Assets/3.UI/kenney_desert-shooter-pack_1.0/Sounds/shoot-d.ogg using Guid(7e2fe913fb2a4874eaeafd51108f5f2e) Importer(2089858483,b0f066a214c2f5e87bad3c948f4d605d) (ScriptedImporter) -> (artifact id: 'fb3ef47d19787f96cf60c929043a5465') in 0.0485017 seconds
Number of updated asset objects reloaded before import = 0Number of asset objects unloaded after import = 1

========================================================================
Received Import Request.
  Time since last request: 0.000023 seconds.
  path: Assets/3.UI/kenney_board-game-icons/PNG/Default (64px)/tag_d6_3.png
  artifactKey: Guid(fc56ba7d51c70484880246d5c10ae78e) Importer(2089858483,b0f066a214c2f5e87bad3c948f4d605d)
Start importing Assets/3.UI/kenney_board-game-icons/PNG/Default (64px)/tag_d6_3.png using Guid(fc56ba7d51c70484880246d5c10ae78e) Importer(2089858483,b0f066a214c2f5e87bad3c948f4d605d) (ScriptedImporter) -> (artifact id: '397614581cd169aa8a68a1f59bcedef3') in 0.0229742 seconds
Number of updated asset objects reloaded before import = 0Number of asset objects unloaded after import = 1

========================================================================
Received Import Request.
  Time since last request: 0.000025 seconds.
  path: Assets/3.UI/kenney_board-game-icons/PNG/Default (64px)/character.png
  artifactKey: Guid(69655d009e6b11943a1f31a24758da13) Importer(2089858483,b0f066a214c2f5e87bad3c948f4d605d)
Start importing Assets/3.UI/kenney_board-game-icons/PNG/Default (64px)/character.png using Guid(69655d009e6b11943a1f31a24758da13) Importer(2089858483,b0f066a214c2f5e87bad3c948f4d605d) (ScriptedImporter) -> (artifact id: 'dab2105c4f264eac0aa370602b0a3177') in 0.0263627 seconds
Number of updated asset objects reloaded before import = 0Number of asset objects unloaded after import = 1

========================================================================
Received Import Request.
  Time since last request: 0.000033 seconds.
  path: Assets/3.UI/kenney_desert-shooter-pack_1.0/Sounds/shoot-f.ogg
  artifactKey: Guid(79d511473044f8041822e42a484ed814) Importer(2089858483,b0f066a214c2f5e87bad3c948f4d605d)
Start importing Assets/3.UI/kenney_desert-shooter-pack_1.0/Sounds/shoot-f.ogg using Guid(79d511473044f8041822e42a484ed814) Importer(2089858483,b0f066a214c2f5e87bad3c948f4d605d) (ScriptedImporter) -> (artifact id: '5a4c56456a3992a256718ef73232537e') in 0.0393947 seconds
Number of updated asset objects reloaded before import = 0Number of asset objects unloaded after import = 1

========================================================================
Received Import Request.
  Time since last request: 0.000020 seconds.
  path: Assets/3.UI/kenney_board-game-icons/PNG/Default (64px)/d3_outline_number.png
  artifactKey: Guid(e7d1895f0710a6342b3038cd7ac905e4) Importer(2089858483,b0f066a214c2f5e87bad3c948f4d605d)
Start importing Assets/3.UI/kenney_board-game-icons/PNG/Default (64px)/d3_outline_number.png using Guid(e7d1895f0710a6342b3038cd7ac905e4) Importer(2089858483,b0f066a214c2f5e87bad3c948f4d605d) (ScriptedImporter) -> (artifact id: 'deb606b2eda24a010c845da7db6cff30') in 0.0247445 seconds
Number of updated asset objects reloaded before import = 0Number of asset objects unloaded after import = 1

========================================================================
Received Import Request.
  Time since last request: 0.000028 seconds.
  path: Assets/3.UI/kenney_board-game-icons/PNG/Double (128px)/tag_d6_2.png
  artifactKey: Guid(dd68bf74d2cd2104db9e8da5cc1c6c34) Importer(2089858483,b0f066a214c2f5e87bad3c948f4d605d)
Start importing Assets/3.UI/kenney_board-game-icons/PNG/Double (128px)/tag_d6_2.png using Guid(dd68bf74d2cd2104db9e8da5cc1c6c34) Importer(2089858483,b0f066a214c2f5e87bad3c948f4d605d) (ScriptedImporter) -> (artifact id: '12f8ca222ef8a9b30b937190ce67c7c8') in 0.0243503 seconds
Number of updated asset objects reloaded before import = 0Number of asset objects unloaded after import = 1

========================================================================
Received Import Request.
  Time since last request: 0.000035 seconds.
  path: Assets/3.UI/kenney_board-game-icons/PNG/Default (64px)/tokens.png
  artifactKey: Guid(aa19d4c64cc42a549b2174ec5893a148) Importer(2089858483,b0f066a214c2f5e87bad3c948f4d605d)
Start importing Assets/3.UI/kenney_board-game-icons/PNG/Default (64px)/tokens.png using Guid(aa19d4c64cc42a549b2174ec5893a148) Importer(2089858483,b0f066a214c2f5e87bad3c948f4d605d) (ScriptedImporter) -> (artifact id: '9b88c0e6a5b2b1a7b8013dade309e537') in 0.0256602 seconds
Number of updated asset objects reloaded before import = 0Number of asset objects unloaded after import = 1

========================================================================
Received Import Request.
  Time since last request: 0.000040 seconds.
  path: Assets/3.UI/kenney_desert-shooter-pack_1.0/Sounds/jump-f.ogg
  artifactKey: Guid(3b47a268ce1f2c04f97477467c6c63e8) Importer(2089858483,b0f066a214c2f5e87bad3c948f4d605d)
Start importing Assets/3.UI/kenney_desert-shooter-pack_1.0/Sounds/jump-f.ogg using Guid(3b47a268ce1f2c04f97477467c6c63e8) Importer(2089858483,b0f066a214c2f5e87bad3c948f4d605d) (ScriptedImporter) -> (artifact id: 'b7325468fa4e2de13f9f407965a02d8b') in 0.0381372 seconds
Number of updated asset objects reloaded before import = 0Number of asset objects unloaded after import = 1

========================================================================
Received Import Request.
  Time since last request: 0.000020 seconds.
  path: Assets/3.UI/kenney_board-game-icons/Vector/Icons/flask_full.svg
  artifactKey: Guid(ab9f39263a025b347bf86768d3fa7210) Importer(2089858483,b0f066a214c2f5e87bad3c948f4d605d)
Start importing Assets/3.UI/kenney_board-game-icons/Vector/Icons/flask_full.svg using Guid(ab9f39263a025b347bf86768d3fa7210) Importer(2089858483,b0f066a214c2f5e87bad3c948f4d605d) (ScriptedImporter) -> (artifact id: '7fa1fe45fe8baec0567c579b4e147941') in 0.0215195 seconds
Number of updated asset objects reloaded before import = 0Number of asset objects unloaded after import = 1

========================================================================
Received Import Request.
  Time since last request: 0.000050 seconds.
  path: Assets/3.UI/kenney_cursor-pixel-pack/Tiles/tile_0132.png
  artifactKey: Guid(29b6851502f8ca64c8ac230434161f1f) Importer(2089858483,b0f066a214c2f5e87bad3c948f4d605d)
Start importing Assets/3.UI/kenney_cursor-pixel-pack/Tiles/tile_0132.png using Guid(29b6851502f8ca64c8ac230434161f1f) Importer(2089858483,b0f066a214c2f5e87bad3c948f4d605d) (ScriptedImporter) -> (artifact id: 'c22aec4e6d5205363bf5c24cddd9c7e8') in 0.0224385 seconds
Number of updated asset objects reloaded before import = 0Number of asset objects unloaded after import = 1

========================================================================
Received Import Request.
  Time since last request: 0.000087 seconds.
  path: Assets/3.UI/kenney_board-game-icons/PNG/Double (128px)/cards_return.png
  artifactKey: Guid(f95c6138cff7caa49808cb08339a522f) Importer(2089858483,b0f066a214c2f5e87bad3c948f4d605d)
Start importing Assets/3.UI/kenney_board-game-icons/PNG/Double (128px)/cards_return.png using Guid(f95c6138cff7caa49808cb08339a522f) Importer(2089858483,b0f066a214c2f5e87bad3c948f4d605d) (ScriptedImporter) -> (artifact id: '5535412b07caff79f61f3467b9eb129b') in 0.0218445 seconds
Number of updated asset objects reloaded before import = 0Number of asset objects unloaded after import = 1

========================================================================
Received Import Request.
  Time since last request: 0.000045 seconds.
  path: Assets/3.UI/kenney_desert-shooter-pack_1.0/PNG/Interface/Tiles/tile_0069.png
  artifactKey: Guid(c4fcc435e58c2fd4f89120f2bc70dfe5) Importer(2089858483,b0f066a214c2f5e87bad3c948f4d605d)
Start importing Assets/3.UI/kenney_desert-shooter-pack_1.0/PNG/Interface/Tiles/tile_0069.png using Guid(c4fcc435e58c2fd4f89120f2bc70dfe5) Importer(2089858483,b0f066a214c2f5e87bad3c948f4d605d) (ScriptedImporter) -> (artifact id: '878097f95e9cc03f44921ccc2d043463') in 0.0189805 seconds
Number of updated asset objects reloaded before import = 0Number of asset objects unloaded after import = 1

========================================================================
Received Import Request.
  Time since last request: 0.000057 seconds.
  path: Assets/3.UI/kenney_board-game-icons/PNG/Default (64px)/cards_collection_outline.png
  artifactKey: Guid(57a98425c4157f44084e483b0374936e) Importer(2089858483,b0f066a214c2f5e87bad3c948f4d605d)
Start importing Assets/3.UI/kenney_board-game-icons/PNG/Default (64px)/cards_collection_outline.png using Guid(57a98425c4157f44084e483b0374936e) Importer(2089858483,b0f066a214c2f5e87bad3c948f4d605d) (ScriptedImporter) -> (artifact id: '343e0160c0ec59b43020676731db67b2') in 0.0229533 seconds
Number of updated asset objects reloaded before import = 0Number of asset objects unloaded after import = 1

========================================================================
Received Import Request.
  Time since last request: 0.000029 seconds.
  path: Assets/3.UI/kenney_board-game-icons/Vector/Icons/card_lift.svg
  artifactKey: Guid(c325dc84b5a180947bf9fc9ed31fef47) Importer(2089858483,b0f066a214c2f5e87bad3c948f4d605d)
Start importing Assets/3.UI/kenney_board-game-icons/Vector/Icons/card_lift.svg using Guid(c325dc84b5a180947bf9fc9ed31fef47) Importer(2089858483,b0f066a214c2f5e87bad3c948f4d605d) (ScriptedImporter) -> (artifact id: '3dad52161598bbf2c3b3bb57d7c6f560') in 0.0214123 seconds
Number of updated asset objects reloaded before import = 0Number of asset objects unloaded after import = 1

========================================================================
Received Import Request.
  Time since last request: 0.000197 seconds.
  path: Assets/3.UI/kenney_board-game-icons/PNG/Double (128px)/arrow_clockwise.png
  artifactKey: Guid(f2e9bb7893797d141b8b2f61e49d6506) Importer(2089858483,b0f066a214c2f5e87bad3c948f4d605d)
Start importing Assets/3.UI/kenney_board-game-icons/PNG/Double (128px)/arrow_clockwise.png using Guid(f2e9bb7893797d141b8b2f61e49d6506) Importer(2089858483,b0f066a214c2f5e87bad3c948f4d605d) (ScriptedImporter) -> (artifact id: 'c842c36754ce7a0b24205ee1e698145f') in 0.0200095 seconds
Number of updated asset objects reloaded before import = 0Number of asset objects unloaded after import = 1

========================================================================
Received Import Request.
  Time since last request: 0.000032 seconds.
  path: Assets/3.UI/kenney_board-game-icons/PNG/Default (64px)/tag_3.png
  artifactKey: Guid(57b974c5fc0eeef40a0adf5d2462f449) Importer(2089858483,b0f066a214c2f5e87bad3c948f4d605d)
Start importing Assets/3.UI/kenney_board-game-icons/PNG/Default (64px)/tag_3.png using Guid(57b974c5fc0eeef40a0adf5d2462f449) Importer(2089858483,b0f066a214c2f5e87bad3c948f4d605d) (ScriptedImporter) -> (artifact id: 'e584af83946069758b22175a5c4aaa40') in 0.0211083 seconds
Number of updated asset objects reloaded before import = 0Number of asset objects unloaded after import = 1

========================================================================
Received Import Request.
  Time since last request: 0.000035 seconds.
  path: Assets/3.UI/kenney_cursor-pixel-pack/Tiles/tile_0200.png
  artifactKey: Guid(e25ff4b251fc4b448beaae1ff311a7ce) Importer(2089858483,b0f066a214c2f5e87bad3c948f4d605d)
Start importing Assets/3.UI/kenney_cursor-pixel-pack/Tiles/tile_0200.png using Guid(e25ff4b251fc4b448beaae1ff311a7ce) Importer(2089858483,b0f066a214c2f5e87bad3c948f4d605d) (ScriptedImporter) -> (artifact id: 'ea5dc53934405318d3828c62cac22d23') in 0.0212186 seconds
Number of updated asset objects reloaded before import = 0Number of asset objects unloaded after import = 1

========================================================================
Received Import Request.
  Time since last request: 0.000023 seconds.
  path: Assets/3.UI/kenney_cursor-pixel-pack/Tiles/tile_0143.png
  artifactKey: Guid(ff210073a4ead1a46ba94131d497744f) Importer(2089858483,b0f066a214c2f5e87bad3c948f4d605d)
Start importing Assets/3.UI/kenney_cursor-pixel-pack/Tiles/tile_0143.png using Guid(ff210073a4ead1a46ba94131d497744f) Importer(2089858483,b0f066a214c2f5e87bad3c948f4d605d) (ScriptedImporter) -> (artifact id: '37347a5c8f566b3fd4e3001e030b185a') in 0.0220883 seconds
Number of updated asset objects reloaded before import = 0Number of asset objects unloaded after import = 1

========================================================================
Received Import Request.
  Time since last request: 0.000032 seconds.
  path: Assets/3.UI/kenney_desert-shooter-pack_1.0/Sounds/error-a.ogg
  artifactKey: Guid(321470f943093ae4a9421832403d2f8d) Importer(2089858483,b0f066a214c2f5e87bad3c948f4d605d)
Start importing Assets/3.UI/kenney_desert-shooter-pack_1.0/Sounds/error-a.ogg using Guid(321470f943093ae4a9421832403d2f8d) Importer(2089858483,b0f066a214c2f5e87bad3c948f4d605d) (ScriptedImporter) -> (artifact id: '3ae03a6fddc58da262d8806d6cd902ad') in 0.0385298 seconds
Number of updated asset objects reloaded before import = 0Number of asset objects unloaded after import = 1

========================================================================
Received Import Request.
  Time since last request: 0.000057 seconds.
  path: Assets/3.UI/kenney_desert-shooter-pack_1.0/PNG/Interface/Tiles/tile_0139.png
  artifactKey: Guid(da9bf073bb2383849a0a4ecb7e48ba14) Importer(2089858483,b0f066a214c2f5e87bad3c948f4d605d)
Start importing Assets/3.UI/kenney_desert-shooter-pack_1.0/PNG/Interface/Tiles/tile_0139.png using Guid(da9bf073bb2383849a0a4ecb7e48ba14) Importer(2089858483,b0f066a214c2f5e87bad3c948f4d605d) (ScriptedImporter) -> (artifact id: '7a8c0fc7adccd23519aa436f2d8423fc') in 0.0243892 seconds
Number of updated asset objects reloaded before import = 0Number of asset objects unloaded after import = 1

========================================================================
Received Import Request.
  Time since last request: 0.000022 seconds.
  path: Assets/3.UI/kenney_board-game-icons/Vector/Icons/cards_fan_outline.svg
  artifactKey: Guid(0aaccb6c7e6bdad4c86e0a434a867b7f) Importer(2089858483,b0f066a214c2f5e87bad3c948f4d605d)
Start importing Assets/3.UI/kenney_board-game-icons/Vector/Icons/cards_fan_outline.svg using Guid(0aaccb6c7e6bdad4c86e0a434a867b7f) Importer(2089858483,b0f066a214c2f5e87bad3c948f4d605d) (ScriptedImporter) -> (artifact id: '0a3740799bb8de0ecf973528e9a30b45') in 0.0197015 seconds
Number of updated asset objects reloaded before import = 0Number of asset objects unloaded after import = 1

========================================================================
Received Import Request.
  Time since last request: 0.000025 seconds.
  path: Assets/3.UI/kenney_board-game-icons/Vector/Icons/hand_card.svg
  artifactKey: Guid(9d747831f5b7fe14eb672b288890a743) Importer(2089858483,b0f066a214c2f5e87bad3c948f4d605d)
Start importing Assets/3.UI/kenney_board-game-icons/Vector/Icons/hand_card.svg using Guid(9d747831f5b7fe14eb672b288890a743) Importer(2089858483,b0f066a214c2f5e87bad3c948f4d605d) (ScriptedImporter) -> (artifact id: '0296af63a650b945a06c72d1cc58a152') in 0.0198148 seconds
Number of updated asset objects reloaded before import = 0Number of asset objects unloaded after import = 1

========================================================================
Received Import Request.
  Time since last request: 0.000027 seconds.
  path: Assets/3.UI/kenney_desert-shooter-pack_1.0/PNG/Weapons/Tiles/tile_0016.png
  artifactKey: Guid(0038cfc8ce09e304099f2240828afcf1) Importer(2089858483,b0f066a214c2f5e87bad3c948f4d605d)
Start importing Assets/3.UI/kenney_desert-shooter-pack_1.0/PNG/Weapons/Tiles/tile_0016.png using Guid(0038cfc8ce09e304099f2240828afcf1) Importer(2089858483,b0f066a214c2f5e87bad3c948f4d605d) (ScriptedImporter) -> (artifact id: 'df1c4a3a720a4a9ca554bf6483eb851f') in 0.0242923 seconds
Number of updated asset objects reloaded before import = 0Number of asset objects unloaded after import = 1

========================================================================
Received Import Request.
  Time since last request: 0.000033 seconds.
  path: Assets/3.UI/kenney_desert-shooter-pack_1.0/PNG/Tiles/Tiles/tile_0023.png
  artifactKey: Guid(0650972df404bad4bab7341fd5b116a9) Importer(2089858483,b0f066a214c2f5e87bad3c948f4d605d)
Start importing Assets/3.UI/kenney_desert-shooter-pack_1.0/PNG/Tiles/Tiles/tile_0023.png using Guid(0650972df404bad4bab7341fd5b116a9) Importer(2089858483,b0f066a214c2f5e87bad3c948f4d605d) (ScriptedImporter) -> (artifact id: '7a384f0c2aeb347e8856574a9f2a26c9') in 0.0197807 seconds
Number of updated asset objects reloaded before import = 0Number of asset objects unloaded after import = 1

========================================================================
Received Import Request.
  Time since last request: 0.000017 seconds.
  path: Assets/3.UI/kenney_board-game-icons/PNG/Double (128px)/card_down_outline.png
  artifactKey: Guid(2f7c702ff5abc5043aaa3bea3d6e7dac) Importer(2089858483,b0f066a214c2f5e87bad3c948f4d605d)
Start importing Assets/3.UI/kenney_board-game-icons/PNG/Double (128px)/card_down_outline.png using Guid(2f7c702ff5abc5043aaa3bea3d6e7dac) Importer(2089858483,b0f066a214c2f5e87bad3c948f4d605d) (ScriptedImporter) -> (artifact id: 'c2ed05d163b646aeecd419e594603fab') in 0.0177366 seconds
Number of updated asset objects reloaded before import = 0Number of asset objects unloaded after import = 1

========================================================================
Received Import Request.
  Time since last request: 0.000021 seconds.
  path: Assets/3.UI/kenney_desert-shooter-pack_1.0/Sounds/jump-d.ogg
  artifactKey: Guid(6a6aa56aa165dcc4da78dddc0f890fa2) Importer(2089858483,b0f066a214c2f5e87bad3c948f4d605d)
Start importing Assets/3.UI/kenney_desert-shooter-pack_1.0/Sounds/jump-d.ogg using Guid(6a6aa56aa165dcc4da78dddc0f890fa2) Importer(2089858483,b0f066a214c2f5e87bad3c948f4d605d) (ScriptedImporter) -> (artifact id: 'ed9bef7994f0ef4ee0c5c65e5372fd73') in 0.042098 seconds
Number of updated asset objects reloaded before import = 0Number of asset objects unloaded after import = 1

========================================================================
Received Import Request.
  Time since last request: 0.000031 seconds.
  path: Assets/3.UI/kenney_cursor-pixel-pack/Tiles/tile_0123.png
  artifactKey: Guid(487912ec3eea8cb4bab3c148d6e9c795) Importer(2089858483,b0f066a214c2f5e87bad3c948f4d605d)
Start importing Assets/3.UI/kenney_cursor-pixel-pack/Tiles/tile_0123.png using Guid(487912ec3eea8cb4bab3c148d6e9c795) Importer(2089858483,b0f066a214c2f5e87bad3c948f4d605d) (ScriptedImporter) -> (artifact id: '1692993a6b3303afdd1e6904f4be86e4') in 0.0209498 seconds
Number of updated asset objects reloaded before import = 0Number of asset objects unloaded after import = 1

========================================================================
Received Import Request.
  Time since last request: 0.000030 seconds.
  path: Assets/3.UI/kenney_desert-shooter-pack_1.0/PNG/Tiles/Tiles/tile_0095.png
  artifactKey: Guid(ed9e6a0cd3f28a141975ef3c85164a88) Importer(2089858483,b0f066a214c2f5e87bad3c948f4d605d)
Start importing Assets/3.UI/kenney_desert-shooter-pack_1.0/PNG/Tiles/Tiles/tile_0095.png using Guid(ed9e6a0cd3f28a141975ef3c85164a88) Importer(2089858483,b0f066a214c2f5e87bad3c948f4d605d) (ScriptedImporter) -> (artifact id: 'fdd35e7e79f0a08434f9d6b2ad418bc9') in 0.0185648 seconds
Number of updated asset objects reloaded before import = 0Number of asset objects unloaded after import = 1

========================================================================
Received Import Request.
  Time since last request: 0.000062 seconds.
  path: Assets/3.UI/kenney_board-game-icons/PNG/Default (64px)/flip_full.png
  artifactKey: Guid(5e40baf059c20bb46b016e1c770327b2) Importer(2089858483,b0f066a214c2f5e87bad3c948f4d605d)
Start importing Assets/3.UI/kenney_board-game-icons/PNG/Default (64px)/flip_full.png using Guid(5e40baf059c20bb46b016e1c770327b2) Importer(2089858483,b0f066a214c2f5e87bad3c948f4d605d) (ScriptedImporter) -> (artifact id: 'c074e68fc515205b7666ed70cccf56dd') in 0.016512 seconds
Number of updated asset objects reloaded before import = 0Number of asset objects unloaded after import = 1

========================================================================
Received Import Request.
  Time since last request: 0.000026 seconds.
  path: Assets/3.UI/kenney_board-game-icons/Vector/Icons/card_tap_up.svg
  artifactKey: Guid(8f40330a57f44454c912c8dee38679fe) Importer(2089858483,b0f066a214c2f5e87bad3c948f4d605d)
Start importing Assets/3.UI/kenney_board-game-icons/Vector/Icons/card_tap_up.svg using Guid(8f40330a57f44454c912c8dee38679fe) Importer(2089858483,b0f066a214c2f5e87bad3c948f4d605d) (ScriptedImporter) -> (artifact id: 'a1ee8a4234ca73edc83a2b05711a80f6') in 0.0191437 seconds
Number of updated asset objects reloaded before import = 0Number of asset objects unloaded after import = 1

========================================================================
Received Import Request.
  Time since last request: 0.000045 seconds.
  path: Assets/3.UI/kenney_desert-shooter-pack_1.0/PNG/Tiles/Tiles/tile_0206.png
  artifactKey: Guid(72d5ffc7746b0d84fa08226ffe9d926e) Importer(2089858483,b0f066a214c2f5e87bad3c948f4d605d)
Start importing Assets/3.UI/kenney_desert-shooter-pack_1.0/PNG/Tiles/Tiles/tile_0206.png using Guid(72d5ffc7746b0d84fa08226ffe9d926e) Importer(2089858483,b0f066a214c2f5e87bad3c948f4d605d) (ScriptedImporter) -> (artifact id: '045a693a32e590ac814647d8ae1dab30') in 0.0237502 seconds
Number of updated asset objects reloaded before import = 0Number of asset objects unloaded after import = 1

========================================================================
Received Import Request.
  Time since last request: 0.000238 seconds.
  path: Assets/3.UI/kenney_board-game-icons/Vector/Icons/d4_outline.svg
  artifactKey: Guid(e41e5baf2a4aebc4aa6e0fb8f2c35dba) Importer(2089858483,b0f066a214c2f5e87bad3c948f4d605d)
Start importing Assets/3.UI/kenney_board-game-icons/Vector/Icons/d4_outline.svg using Guid(e41e5baf2a4aebc4aa6e0fb8f2c35dba) Importer(2089858483,b0f066a214c2f5e87bad3c948f4d605d) (ScriptedImporter) -> (artifact id: '6e3adb322b585ad6ccd5f1c857cd587f') in 0.0180595 seconds
Number of updated asset objects reloaded before import = 0Number of asset objects unloaded after import = 1

========================================================================
Received Import Request.
  Time since last request: 0.000026 seconds.
  path: Assets/3.UI/kenney_board-game-icons/PNG/Default (64px)/tag_d6_1.png
  artifactKey: Guid(e2972448c00311a41a3f1150c6d4fdd6) Importer(2089858483,b0f066a214c2f5e87bad3c948f4d605d)
Start importing Assets/3.UI/kenney_board-game-icons/PNG/Default (64px)/tag_d6_1.png using Guid(e2972448c00311a41a3f1150c6d4fdd6) Importer(2089858483,b0f066a214c2f5e87bad3c948f4d605d) (ScriptedImporter) -> (artifact id: '064dd1ac991ed0a15c2f5362ecfd11a8') in 0.0241617 seconds
Number of updated asset objects reloaded before import = 0Number of asset objects unloaded after import = 1

========================================================================
Received Import Request.
  Time since last request: 0.000035 seconds.
  path: Assets/3.UI/kenney_desert-shooter-pack_1.0/PNG/Interface/Tiles/tile_0150.png
  artifactKey: Guid(f13374d38c36824448e4c5560d33a8f8) Importer(2089858483,b0f066a214c2f5e87bad3c948f4d605d)
Start importing Assets/3.UI/kenney_desert-shooter-pack_1.0/PNG/Interface/Tiles/tile_0150.png using Guid(f13374d38c36824448e4c5560d33a8f8) Importer(2089858483,b0f066a214c2f5e87bad3c948f4d605d) (ScriptedImporter) -> (artifact id: '508ef1761146364e495f2d2b25fcd14a') in 0.0193474 seconds
Number of updated asset objects reloaded before import = 0Number of asset objects unloaded after import = 1

========================================================================
Received Import Request.
  Time since last request: 0.000028 seconds.
  path: Assets/3.UI/kenney_board-game-icons/Vector/Icons/d6_outline_number.svg
  artifactKey: Guid(4ae66bb3be2d4d24c8faec7470444701) Importer(2089858483,b0f066a214c2f5e87bad3c948f4d605d)
Start importing Assets/3.UI/kenney_board-game-icons/Vector/Icons/d6_outline_number.svg using Guid(4ae66bb3be2d4d24c8faec7470444701) Importer(2089858483,b0f066a214c2f5e87bad3c948f4d605d) (ScriptedImporter) -> (artifact id: 'db5343ff314bc1e7996e684d57b3ba2b') in 0.0223168 seconds
Number of updated asset objects reloaded before import = 0Number of asset objects unloaded after import = 1

========================================================================
Received Import Request.
  Time since last request: 0.000030 seconds.
  path: Assets/3.UI/kenney_board-game-icons/PNG/Default (64px)/tag_7.png
  artifactKey: Guid(4f944b2cadb64ec4caba8073210bf2a8) Importer(2089858483,b0f066a214c2f5e87bad3c948f4d605d)
Start importing Assets/3.UI/kenney_board-game-icons/PNG/Default (64px)/tag_7.png using Guid(4f944b2cadb64ec4caba8073210bf2a8) Importer(2089858483,b0f066a214c2f5e87bad3c948f4d605d) (ScriptedImporter) -> (artifact id: 'e2da06e6acf9765f7975b3a335cf082c') in 0.0235156 seconds
Number of updated asset objects reloaded before import = 0Number of asset objects unloaded after import = 1

========================================================================
Received Import Request.
  Time since last request: 0.000023 seconds.
  path: Assets/3.UI/kenney_board-game-icons/PNG/Default (64px)/pawn_skip.png
  artifactKey: Guid(79b1a1b99b3fb5f4a88d73f6207d79c5) Importer(2089858483,b0f066a214c2f5e87bad3c948f4d605d)
Start importing Assets/3.UI/kenney_board-game-icons/PNG/Default (64px)/pawn_skip.png using Guid(79b1a1b99b3fb5f4a88d73f6207d79c5) Importer(2089858483,b0f066a214c2f5e87bad3c948f4d605d) (ScriptedImporter) -> (artifact id: '566fcba94a1a2228910db5485dcea588') in 0.0257913 seconds
Number of updated asset objects reloaded before import = 0Number of asset objects unloaded after import = 1

========================================================================
Received Import Request.
  Time since last request: 0.000025 seconds.
  path: Assets/3.UI/kenney_cursor-pixel-pack/Tiles/tile_0056.png
  artifactKey: Guid(d72c8a051e35eca4789c3b108fee89c8) Importer(2089858483,b0f066a214c2f5e87bad3c948f4d605d)
Start importing Assets/3.UI/kenney_cursor-pixel-pack/Tiles/tile_0056.png using Guid(d72c8a051e35eca4789c3b108fee89c8) Importer(2089858483,b0f066a214c2f5e87bad3c948f4d605d) (ScriptedImporter) -> (artifact id: '5481a460b4991826695c5296ffa0531f') in 0.0174221 seconds
Number of updated asset objects reloaded before import = 0Number of asset objects unloaded after import = 1

========================================================================
Received Import Request.
  Time since last request: 0.000028 seconds.
  path: Assets/3.UI/kenney_desert-shooter-pack_1.0/PNG/Enemies/Tilemap/tilemap_packed.png
  artifactKey: Guid(804a84dc76823cf4988042b293660d98) Importer(2089858483,b0f066a214c2f5e87bad3c948f4d605d)
Start importing Assets/3.UI/kenney_desert-shooter-pack_1.0/PNG/Enemies/Tilemap/tilemap_packed.png using Guid(804a84dc76823cf4988042b293660d98) Importer(2089858483,b0f066a214c2f5e87bad3c948f4d605d) (ScriptedImporter) -> (artifact id: '3c49defd09318a7f88ed71b293fb2973') in 0.0204808 seconds
Number of updated asset objects reloaded before import = 0Number of asset objects unloaded after import = 1

========================================================================
Received Import Request.
  Time since last request: 0.000035 seconds.
  path: Assets/3.UI/kenney_board-game-icons/PNG/Default (64px)/cards_fan_outline.png
  artifactKey: Guid(a3fb89c0a761cb04dae5e2773e76a105) Importer(2089858483,b0f066a214c2f5e87bad3c948f4d605d)
Start importing Assets/3.UI/kenney_board-game-icons/PNG/Default (64px)/cards_fan_outline.png using Guid(a3fb89c0a761cb04dae5e2773e76a105) Importer(2089858483,b0f066a214c2f5e87bad3c948f4d605d) (ScriptedImporter) -> (artifact id: '8807ca0a79c3d603268ca4d6a2b08f8d') in 0.0231902 seconds
Number of updated asset objects reloaded before import = 0Number of asset objects unloaded after import = 1

========================================================================
Received Import Request.
  Time since last request: 0.000029 seconds.
  path: Assets/3.UI/kenney_cursor-pixel-pack/Tiles/tile_0030.png
  artifactKey: Guid(db55731c23fd2844faeebf8d8a0260ba) Importer(2089858483,b0f066a214c2f5e87bad3c948f4d605d)
Start importing Assets/3.UI/kenney_cursor-pixel-pack/Tiles/tile_0030.png using Guid(db55731c23fd2844faeebf8d8a0260ba) Importer(2089858483,b0f066a214c2f5e87bad3c948f4d605d) (ScriptedImporter) -> (artifact id: '4c2ff8b774d805afcd4fed39205acc1e') in 0.0189365 seconds
Number of updated asset objects reloaded before import = 0Number of asset objects unloaded after import = 1

========================================================================
Received Import Request.
  Time since last request: 0.000033 seconds.
  path: Assets/3.UI/kenney_board-game-icons/Vector/Icons/token_add.svg
  artifactKey: Guid(eb27338788d722a4d8e3e1b0401b2ac8) Importer(2089858483,b0f066a214c2f5e87bad3c948f4d605d)
Start importing Assets/3.UI/kenney_board-game-icons/Vector/Icons/token_add.svg using Guid(eb27338788d722a4d8e3e1b0401b2ac8) Importer(2089858483,b0f066a214c2f5e87bad3c948f4d605d) (ScriptedImporter) -> (artifact id: '525fc7cd3e4afb99304f4b08fe2864f1') in 0.0214848 seconds
Number of updated asset objects reloaded before import = 0Number of asset objects unloaded after import = 1

========================================================================
Received Import Request.
  Time since last request: 0.000028 seconds.
  path: Assets/3.UI/kenney_board-game-icons/PNG/Default (64px)/suit_hearts.png
  artifactKey: Guid(84efebcb501cd5944b386fd89f7dee9a) Importer(2089858483,b0f066a214c2f5e87bad3c948f4d605d)
Start importing Assets/3.UI/kenney_board-game-icons/PNG/Default (64px)/suit_hearts.png using Guid(84efebcb501cd5944b386fd89f7dee9a) Importer(2089858483,b0f066a214c2f5e87bad3c948f4d605d) (ScriptedImporter) -> (artifact id: 'b4c6e95b20b174ef6e373a2082767364') in 0.0241342 seconds
Number of updated asset objects reloaded before import = 0Number of asset objects unloaded after import = 1

========================================================================
Received Import Request.
  Time since last request: 0.000039 seconds.
  path: Assets/3.UI/kenney_desert-shooter-pack_1.0/PNG/Interface/Tiles/tile_0086.png
  artifactKey: Guid(1dda9572b0b72e244b6aca123184774e) Importer(2089858483,b0f066a214c2f5e87bad3c948f4d605d)
Start importing Assets/3.UI/kenney_desert-shooter-pack_1.0/PNG/Interface/Tiles/tile_0086.png using Guid(1dda9572b0b72e244b6aca123184774e) Importer(2089858483,b0f066a214c2f5e87bad3c948f4d605d) (ScriptedImporter) -> (artifact id: 'ea42b426c262868656b0ac3b95f56c47') in 0.0235177 seconds
Number of updated asset objects reloaded before import = 0Number of asset objects unloaded after import = 1

========================================================================
Received Import Request.
  Time since last request: 0.000023 seconds.
  path: Assets/3.UI/kenney_desert-shooter-pack_1.0/PNG/Tiles/Tiles/tile_0118.png
  artifactKey: Guid(201ebbb7c2db181428021377cb255ae0) Importer(2089858483,b0f066a214c2f5e87bad3c948f4d605d)
Start importing Assets/3.UI/kenney_desert-shooter-pack_1.0/PNG/Tiles/Tiles/tile_0118.png using Guid(201ebbb7c2db181428021377cb255ae0) Importer(2089858483,b0f066a214c2f5e87bad3c948f4d605d) (ScriptedImporter) -> (artifact id: '30c4798a5911d6b2de37a04c4d227dc6') in 0.0282708 seconds
Number of updated asset objects reloaded before import = 0Number of asset objects unloaded after import = 1

========================================================================
Received Import Request.
  Time since last request: 0.000017 seconds.
  path: Assets/3.UI/kenney_desert-shooter-pack_1.0/PNG/Players/Tiles/tile_0008.png
  artifactKey: Guid(149c04c9dc07e574488215a4752e6275) Importer(2089858483,b0f066a214c2f5e87bad3c948f4d605d)
Start importing Assets/3.UI/kenney_desert-shooter-pack_1.0/PNG/Players/Tiles/tile_0008.png using Guid(149c04c9dc07e574488215a4752e6275) Importer(2089858483,b0f066a214c2f5e87bad3c948f4d605d) (ScriptedImporter) -> (artifact id: '9812434edf7286e119b60d17f6ad4b60') in 0.0241611 seconds
Number of updated asset objects reloaded before import = 0Number of asset objects unloaded after import = 1

========================================================================
Received Import Request.
  Time since last request: 0.000137 seconds.
  path: Assets/3.UI/kenney_board-game-icons/PNG/Default (64px)/direction_e.png
  artifactKey: Guid(ba7df41bd0ea4474ea8daded7ca95a55) Importer(2089858483,b0f066a214c2f5e87bad3c948f4d605d)
Start importing Assets/3.UI/kenney_board-game-icons/PNG/Default (64px)/direction_e.png using Guid(ba7df41bd0ea4474ea8daded7ca95a55) Importer(2089858483,b0f066a214c2f5e87bad3c948f4d605d) (ScriptedImporter) -> (artifact id: 'f130ffe7a1f67ccd964f7ff8e910f959') in 0.0334913 seconds
Number of updated asset objects reloaded before import = 0Number of asset objects unloaded after import = 1

========================================================================
Received Import Request.
  Time since last request: 0.000033 seconds.
  path: Assets/3.UI/kenney_desert-shooter-pack_1.0/PNG/Interface/Tiles/tile_0061.png
  artifactKey: Guid(444bceaa573e6504b8ae0570008bb682) Importer(2089858483,b0f066a214c2f5e87bad3c948f4d605d)
Start importing Assets/3.UI/kenney_desert-shooter-pack_1.0/PNG/Interface/Tiles/tile_0061.png using Guid(444bceaa573e6504b8ae0570008bb682) Importer(2089858483,b0f066a214c2f5e87bad3c948f4d605d) (ScriptedImporter) -> (artifact id: 'edbce0b9d150a4eb4232264284ca2f1f') in 0.0226006 seconds
Number of updated asset objects reloaded before import = 0Number of asset objects unloaded after import = 1

========================================================================
Received Import Request.
  Time since last request: 0.000017 seconds.
  path: Assets/3.UI/kenney_cursor-pixel-pack/Tiles/tile_0147.png
  artifactKey: Guid(c4baac6046051ca409e2661abdd961ee) Importer(2089858483,b0f066a214c2f5e87bad3c948f4d605d)
Start importing Assets/3.UI/kenney_cursor-pixel-pack/Tiles/tile_0147.png using Guid(c4baac6046051ca409e2661abdd961ee) Importer(2089858483,b0f066a214c2f5e87bad3c948f4d605d) (ScriptedImporter) -> (artifact id: '47d294f4a9c75198c65c2aff3878a2f5') in 0.0192659 seconds
Number of updated asset objects reloaded before import = 0Number of asset objects unloaded after import = 1

========================================================================
Received Import Request.
  Time since last request: 0.000018 seconds.
  path: Assets/3.UI/kenney_desert-shooter-pack_1.0/PNG/Tiles/Tiles/tile_0178.png
  artifactKey: Guid(024795b36a2b2914db76fafb1ba42386) Importer(2089858483,b0f066a214c2f5e87bad3c948f4d605d)
Start importing Assets/3.UI/kenney_desert-shooter-pack_1.0/PNG/Tiles/Tiles/tile_0178.png using Guid(024795b36a2b2914db76fafb1ba42386) Importer(2089858483,b0f066a214c2f5e87bad3c948f4d605d) (ScriptedImporter) -> (artifact id: 'afe36edba9767178450d3252641cbf63') in 0.0510143 seconds
Number of updated asset objects reloaded before import = 0Number of asset objects unloaded after import = 1

========================================================================
Received Import Request.
  Time since last request: 0.000021 seconds.
  path: Assets/3.UI/kenney_desert-shooter-pack_1.0/PNG/Weapons/Tiles/tile_0032.png
  artifactKey: Guid(be5a3ff5047d00649b3f06db3e29762d) Importer(2089858483,b0f066a214c2f5e87bad3c948f4d605d)
Start importing Assets/3.UI/kenney_desert-shooter-pack_1.0/PNG/Weapons/Tiles/tile_0032.png using Guid(be5a3ff5047d00649b3f06db3e29762d) Importer(2089858483,b0f066a214c2f5e87bad3c948f4d605d) (ScriptedImporter) -> (artifact id: 'bb9c16a8295efdbd8c32b57b8bafd942') in 0.0241278 seconds
Number of updated asset objects reloaded before import = 0Number of asset objects unloaded after import = 1

========================================================================
Received Import Request.
  Time since last request: 0.000032 seconds.
  path: Assets/3.UI/kenney_desert-shooter-pack_1.0/PNG/Interface/Tiles/tile_0123.png
  artifactKey: Guid(2750cef15eda70f40a10c940ad882e30) Importer(2089858483,b0f066a214c2f5e87bad3c948f4d605d)
Start importing Assets/3.UI/kenney_desert-shooter-pack_1.0/PNG/Interface/Tiles/tile_0123.png using Guid(2750cef15eda70f40a10c940ad882e30) Importer(2089858483,b0f066a214c2f5e87bad3c948f4d605d) (ScriptedImporter) -> (artifact id: '31169549cf5c63238fa3e391c3200af1') in 0.0295194 seconds
Number of updated asset objects reloaded before import = 0Number of asset objects unloaded after import = 1

========================================================================
Received Import Request.
  Time since last request: 0.000027 seconds.
  path: Assets/3.UI/kenney_cursor-pixel-pack/Tiles/tile_0202.png
  artifactKey: Guid(f642b9745abe94742beaafa9befcc5a9) Importer(2089858483,b0f066a214c2f5e87bad3c948f4d605d)
Start importing Assets/3.UI/kenney_cursor-pixel-pack/Tiles/tile_0202.png using Guid(f642b9745abe94742beaafa9befcc5a9) Importer(2089858483,b0f066a214c2f5e87bad3c948f4d605d) (ScriptedImporter) -> (artifact id: 'e5743f8f5b6724b37b30c18f2f0e69ac') in 0.026073 seconds
Number of updated asset objects reloaded before import = 0Number of asset objects unloaded after import = 1

========================================================================
Received Import Request.
  Time since last request: 0.000019 seconds.
  path: Assets/3.UI/kenney_desert-shooter-pack_1.0/PNG/Tiles/Tiles/tile_0164.png
  artifactKey: Guid(fd45879b27f71b845afbed5597dea145) Importer(2089858483,b0f066a214c2f5e87bad3c948f4d605d)
Start importing Assets/3.UI/kenney_desert-shooter-pack_1.0/PNG/Tiles/Tiles/tile_0164.png using Guid(fd45879b27f71b845afbed5597dea145) Importer(2089858483,b0f066a214c2f5e87bad3c948f4d605d) (ScriptedImporter) -> (artifact id: 'c7597831a830854d6fb9996d0131d448') in 0.0252504 seconds
Number of updated asset objects reloaded before import = 0Number of asset objects unloaded after import = 1

========================================================================
Received Import Request.
  Time since last request: 0.000030 seconds.
  path: Assets/3.UI/kenney_board-game-icons/PNG/Double (128px)/pouch_remove.png
  artifactKey: Guid(05ca8c9cac6d7994e940f7554b88ec40) Importer(2089858483,b0f066a214c2f5e87bad3c948f4d605d)
Start importing Assets/3.UI/kenney_board-game-icons/PNG/Double (128px)/pouch_remove.png using Guid(05ca8c9cac6d7994e940f7554b88ec40) Importer(2089858483,b0f066a214c2f5e87bad3c948f4d605d) (ScriptedImporter) -> (artifact id: 'e6c3ffecb4b3c21f8fbc33bd1b7b4c29') in 0.0285845 seconds
Number of updated asset objects reloaded before import = 0Number of asset objects unloaded after import = 1

========================================================================
Received Import Request.
  Time since last request: 0.000033 seconds.
  path: Assets/3.UI/kenney_cursor-pixel-pack/Tiles/tile_0036.png
  artifactKey: Guid(bc930373561585c41a9e44b6993b16a0) Importer(2089858483,b0f066a214c2f5e87bad3c948f4d605d)
Start importing Assets/3.UI/kenney_cursor-pixel-pack/Tiles/tile_0036.png using Guid(bc930373561585c41a9e44b6993b16a0) Importer(2089858483,b0f066a214c2f5e87bad3c948f4d605d) (ScriptedImporter) -> (artifact id: 'f5a46393a8437d1466663f4d88958667') in 0.0241189 seconds
Number of updated asset objects reloaded before import = 0Number of asset objects unloaded after import = 1

========================================================================
Received Import Request.
  Time since last request: 0.000017 seconds.
  path: Assets/3.UI/kenney_board-game-icons/Vector/Icons/pouch_remove.svg
  artifactKey: Guid(e50836166af8e604b86bd5b979c7e768) Importer(2089858483,b0f066a214c2f5e87bad3c948f4d605d)
Start importing Assets/3.UI/kenney_board-game-icons/Vector/Icons/pouch_remove.svg using Guid(e50836166af8e604b86bd5b979c7e768) Importer(2089858483,b0f066a214c2f5e87bad3c948f4d605d) (ScriptedImporter) -> (artifact id: 'fc3c6e751937a9faefa62eaca91610dc') in 0.0229539 seconds
Number of updated asset objects reloaded before import = 0Number of asset objects unloaded after import = 1

========================================================================
Received Import Request.
  Time since last request: 0.000025 seconds.
  path: Assets/3.UI/kenney_desert-shooter-pack_1.0/PNG/Interface/Tiles/tile_0147.png
  artifactKey: Guid(cc2a1e4537fc86241a5af5e2afdd200e) Importer(2089858483,b0f066a214c2f5e87bad3c948f4d605d)
Start importing Assets/3.UI/kenney_desert-shooter-pack_1.0/PNG/Interface/Tiles/tile_0147.png using Guid(cc2a1e4537fc86241a5af5e2afdd200e) Importer(2089858483,b0f066a214c2f5e87bad3c948f4d605d) (ScriptedImporter) -> (artifact id: '8e3810c20dcfbf09b950e7b3f3c57e35') in 0.0250537 seconds
Number of updated asset objects reloaded before import = 0Number of asset objects unloaded after import = 1

========================================================================
Received Import Request.
  Time since last request: 0.000031 seconds.
  path: Assets/3.UI/kenney_desert-shooter-pack_1.0/PNG/Interface/Tiles/tile_0172.png
  artifactKey: Guid(9fce72b90b8a32d4b9df4a14892f7703) Importer(2089858483,b0f066a214c2f5e87bad3c948f4d605d)
Start importing Assets/3.UI/kenney_desert-shooter-pack_1.0/PNG/Interface/Tiles/tile_0172.png using Guid(9fce72b90b8a32d4b9df4a14892f7703) Importer(2089858483,b0f066a214c2f5e87bad3c948f4d605d) (ScriptedImporter) -> (artifact id: 'd791a1e0b2edecca895fe00bd8f8a651') in 0.0239675 seconds
Number of updated asset objects reloaded before import = 0Number of asset objects unloaded after import = 1

========================================================================
Received Import Request.
  Time since last request: 0.000041 seconds.
  path: Assets/3.UI/kenney_board-game-icons/Vector/Icons/d12_number.svg
  artifactKey: Guid(b8c4f54e178811845bf25c63195ab935) Importer(2089858483,b0f066a214c2f5e87bad3c948f4d605d)
Start importing Assets/3.UI/kenney_board-game-icons/Vector/Icons/d12_number.svg using Guid(b8c4f54e178811845bf25c63195ab935) Importer(2089858483,b0f066a214c2f5e87bad3c948f4d605d) (ScriptedImporter) -> (artifact id: 'baa109bfe427b2f341d907833bc4bbc0') in 0.0225108 seconds
Number of updated asset objects reloaded before import = 0Number of asset objects unloaded after import = 1

========================================================================
Received Import Request.
  Time since last request: 0.000030 seconds.
  path: Assets/3.UI/kenney_cursor-pixel-pack/Tiles/tile_0116.png
  artifactKey: Guid(7d1f1224112baca418dedf63be3244b4) Importer(2089858483,b0f066a214c2f5e87bad3c948f4d605d)
Start importing Assets/3.UI/kenney_cursor-pixel-pack/Tiles/tile_0116.png using Guid(7d1f1224112baca418dedf63be3244b4) Importer(2089858483,b0f066a214c2f5e87bad3c948f4d605d) (ScriptedImporter) -> (artifact id: '27309bc04f3515b9fdd66074706c77ea') in 0.0224681 seconds
Number of updated asset objects reloaded before import = 0Number of asset objects unloaded after import = 1

========================================================================
Received Import Request.
  Time since last request: 0.000031 seconds.
  path: Assets/3.UI/kenney_desert-shooter-pack_1.0/PNG/Interface/Tiles/tile_0065.png
  artifactKey: Guid(f0dfa5394ac3a8343945ba5d8cf51bd1) Importer(2089858483,b0f066a214c2f5e87bad3c948f4d605d)
Start importing Assets/3.UI/kenney_desert-shooter-pack_1.0/PNG/Interface/Tiles/tile_0065.png using Guid(f0dfa5394ac3a8343945ba5d8cf51bd1) Importer(2089858483,b0f066a214c2f5e87bad3c948f4d605d) (ScriptedImporter) -> (artifact id: 'c20ef000a53fd45fdce83570ef8d765a') in 0.0262267 seconds
Number of updated asset objects reloaded before import = 0Number of asset objects unloaded after import = 1

========================================================================
Received Import Request.
  Time since last request: 0.000022 seconds.
  path: Assets/3.UI/kenney_board-game-icons/PNG/Default (64px)
  artifactKey: Guid(04f6326da1bff114bbed0d469d5c2c46) Importer(2089858483,b0f066a214c2f5e87bad3c948f4d605d)
Start importing Assets/3.UI/kenney_board-game-icons/PNG/Default (64px) using Guid(04f6326da1bff114bbed0d469d5c2c46) Importer(2089858483,b0f066a214c2f5e87bad3c948f4d605d) (ScriptedImporter) -> (artifact id: '15698c20f79787e47ce0c2149f14f593') in 0.0136146 seconds
Number of updated asset objects reloaded before import = 0Number of asset objects unloaded after import = 1

========================================================================
Received Import Request.
  Time since last request: 0.000036 seconds.
  path: Assets/3.UI/kenney_board-game-icons/PNG/Default (64px)/card_flip.png
  artifactKey: Guid(cd7c77598d4e3794fb27ef20b27fcbd8) Importer(2089858483,b0f066a214c2f5e87bad3c948f4d605d)
Start importing Assets/3.UI/kenney_board-game-icons/PNG/Default (64px)/card_flip.png using Guid(cd7c77598d4e3794fb27ef20b27fcbd8) Importer(2089858483,b0f066a214c2f5e87bad3c948f4d605d) (ScriptedImporter) -> (artifact id: 'e87728e8dbdf16447b8e228aa17056d2') in 0.0218404 seconds
Number of updated asset objects reloaded before import = 0Number of asset objects unloaded after import = 1

========================================================================
Received Import Request.
  Time since last request: 0.000020 seconds.
  path: Assets/3.UI/kenney_desert-shooter-pack_1.0/PNG/Interface/Tiles/tile_0109.png
  artifactKey: Guid(6c0b04f360551484782b0c9b63b43ae4) Importer(2089858483,b0f066a214c2f5e87bad3c948f4d605d)
Start importing Assets/3.UI/kenney_desert-shooter-pack_1.0/PNG/Interface/Tiles/tile_0109.png using Guid(6c0b04f360551484782b0c9b63b43ae4) Importer(2089858483,b0f066a214c2f5e87bad3c948f4d605d) (ScriptedImporter) -> (artifact id: '2319d1f3ccf91a7ae0a4469e7d716667') in 0.0217812 seconds
Number of updated asset objects reloaded before import = 0Number of asset objects unloaded after import = 1

========================================================================
Received Import Request.
  Time since last request: 0.000028 seconds.
  path: Assets/3.UI/kenney_desert-shooter-pack_1.0/PNG/Interface/Tiles/tile_0108.png
  artifactKey: Guid(b61970583a5c9b24a898f9be4169bc23) Importer(2089858483,b0f066a214c2f5e87bad3c948f4d605d)
Start importing Assets/3.UI/kenney_desert-shooter-pack_1.0/PNG/Interface/Tiles/tile_0108.png using Guid(b61970583a5c9b24a898f9be4169bc23) Importer(2089858483,b0f066a214c2f5e87bad3c948f4d605d) (ScriptedImporter) -> (artifact id: '958ab5bd74427fe836f5f3497fbb10b2') in 0.041009 seconds
Number of updated asset objects reloaded before import = 0Number of asset objects unloaded after import = 1

========================================================================
Received Import Request.
  Time since last request: 0.000102 seconds.
  path: Assets/3.UI/kenney_board-game-icons/Vector/Icons/card_tap_outline_up.svg
  artifactKey: Guid(13d70af75ede05b4eaf909bd494934b2) Importer(2089858483,b0f066a214c2f5e87bad3c948f4d605d)
Start importing Assets/3.UI/kenney_board-game-icons/Vector/Icons/card_tap_outline_up.svg using Guid(13d70af75ede05b4eaf909bd494934b2) Importer(2089858483,b0f066a214c2f5e87bad3c948f4d605d) (ScriptedImporter) -> (artifact id: '96e37490e61e6eb7d72c2469d927324f') in 0.0189841 seconds
Number of updated asset objects reloaded before import = 0Number of asset objects unloaded after import = 1

========================================================================
Received Import Request.
  Time since last request: 0.000037 seconds.
  path: Assets/3.UI/kenney_desert-shooter-pack_1.0/PNG/Tiles/Tiles/tile_0198.png
  artifactKey: Guid(d0c1662ec029d3440a3f6b6baf097c8f) Importer(2089858483,b0f066a214c2f5e87bad3c948f4d605d)
Start importing Assets/3.UI/kenney_desert-shooter-pack_1.0/PNG/Tiles/Tiles/tile_0198.png using Guid(d0c1662ec029d3440a3f6b6baf097c8f) Importer(2089858483,b0f066a214c2f5e87bad3c948f4d605d) (ScriptedImporter) -> (artifact id: '5c43b36df27437608bbe31ad3be05809') in 0.0273397 seconds
Number of updated asset objects reloaded before import = 0Number of asset objects unloaded after import = 1

========================================================================
Received Import Request.
  Time since last request: 0.000032 seconds.
  path: Assets/3.UI/kenney_board-game-icons/PNG/Default (64px)/card_flipdouble.png
  artifactKey: Guid(cdf16e2dff49be7438a41907aaa6e9fc) Importer(2089858483,b0f066a214c2f5e87bad3c948f4d605d)
Start importing Assets/3.UI/kenney_board-game-icons/PNG/Default (64px)/card_flipdouble.png using Guid(cdf16e2dff49be7438a41907aaa6e9fc) Importer(2089858483,b0f066a214c2f5e87bad3c948f4d605d) (ScriptedImporter) -> (artifact id: '289cbf0cbe161465b7a831fd39ba0caa') in 0.0241646 seconds
Number of updated asset objects reloaded before import = 0Number of asset objects unloaded after import = 1

========================================================================
Received Import Request.
  Time since last request: 0.000020 seconds.
  path: Assets/3.UI/kenney_board-game-icons/PNG/Default (64px)/cards_flip.png
  artifactKey: Guid(b28367c9f3f01114f9a3a2f1f155a619) Importer(2089858483,b0f066a214c2f5e87bad3c948f4d605d)
Start importing Assets/3.UI/kenney_board-game-icons/PNG/Default (64px)/cards_flip.png using Guid(b28367c9f3f01114f9a3a2f1f155a619) Importer(2089858483,b0f066a214c2f5e87bad3c948f4d605d) (ScriptedImporter) -> (artifact id: '74dae7797fbd61a851078570f3f4cd18') in 0.0278899 seconds
Number of updated asset objects reloaded before import = 0Number of asset objects unloaded after import = 1

========================================================================
Received Import Request.
  Time since last request: 0.000023 seconds.
  path: Assets/3.UI/kenney_desert-shooter-pack_1.0/PNG/Interface/Tiles/tile_0034.png
  artifactKey: Guid(43175047de542c442ae2d8729f378d09) Importer(2089858483,b0f066a214c2f5e87bad3c948f4d605d)
Start importing Assets/3.UI/kenney_desert-shooter-pack_1.0/PNG/Interface/Tiles/tile_0034.png using Guid(43175047de542c442ae2d8729f378d09) Importer(2089858483,b0f066a214c2f5e87bad3c948f4d605d) (ScriptedImporter) -> (artifact id: '21a632a9581a1fe991fb05b27ca51583') in 0.0204401 seconds
Number of updated asset objects reloaded before import = 0Number of asset objects unloaded after import = 1

========================================================================
Received Import Request.
  Time since last request: 0.000033 seconds.
  path: Assets/3.UI/kenney_board-game-icons/PNG/Default (64px)/token_out.png
  artifactKey: Guid(af0ec75bf57154d4f97db84005295398) Importer(2089858483,b0f066a214c2f5e87bad3c948f4d605d)
Start importing Assets/3.UI/kenney_board-game-icons/PNG/Default (64px)/token_out.png using Guid(af0ec75bf57154d4f97db84005295398) Importer(2089858483,b0f066a214c2f5e87bad3c948f4d605d) (ScriptedImporter) -> (artifact id: '27c7751807e25000b74aa61c93c2089d') in 0.0174249 seconds
Number of updated asset objects reloaded before import = 0Number of asset objects unloaded after import = 1

========================================================================
Received Import Request.
  Time since last request: 0.000022 seconds.
  path: Assets/3.UI/kenney_desert-shooter-pack_1.0/PNG/Tiles/Tiles/tile_0195.png
  artifactKey: Guid(a4af141e08e485c4ba4b002e4ebe874f) Importer(2089858483,b0f066a214c2f5e87bad3c948f4d605d)
Start importing Assets/3.UI/kenney_desert-shooter-pack_1.0/PNG/Tiles/Tiles/tile_0195.png using Guid(a4af141e08e485c4ba4b002e4ebe874f) Importer(2089858483,b0f066a214c2f5e87bad3c948f4d605d) (ScriptedImporter) -> (artifact id: 'cb9c7f21b0dcaa7ad2bffafb0b82d9fb') in 0.0212802 seconds
Number of updated asset objects reloaded before import = 0Number of asset objects unloaded after import = 1

========================================================================
Received Import Request.
  Time since last request: 0.000026 seconds.
  path: Assets/3.UI/kenney_board-game-icons/PNG/Default (64px)/tokens_shadow.png
  artifactKey: Guid(fa72e2f8c9bbc834c9590f00d5f42dbf) Importer(2089858483,b0f066a214c2f5e87bad3c948f4d605d)
Start importing Assets/3.UI/kenney_board-game-icons/PNG/Default (64px)/tokens_shadow.png using Guid(fa72e2f8c9bbc834c9590f00d5f42dbf) Importer(2089858483,b0f066a214c2f5e87bad3c948f4d605d) (ScriptedImporter) -> (artifact id: '3f60ffb4b2e72bda3728e77f45222f60') in 0.0204477 seconds
Number of updated asset objects reloaded before import = 0Number of asset objects unloaded after import = 1

========================================================================
Received Import Request.
  Time since last request: 0.000025 seconds.
  path: Assets/3.UI/kenney_desert-shooter-pack_1.0/PNG/Interface/Tiles/tile_0004.png
  artifactKey: Guid(6381e01cd1a03fd4abd291f470ebbafc) Importer(2089858483,b0f066a214c2f5e87bad3c948f4d605d)
Start importing Assets/3.UI/kenney_desert-shooter-pack_1.0/PNG/Interface/Tiles/tile_0004.png using Guid(6381e01cd1a03fd4abd291f470ebbafc) Importer(2089858483,b0f066a214c2f5e87bad3c948f4d605d) (ScriptedImporter) -> (artifact id: '3fca4932c1d7ec8eb0bc3c41788d6345') in 0.0219728 seconds
Number of updated asset objects reloaded before import = 0Number of asset objects unloaded after import = 1

========================================================================
Received Import Request.
  Time since last request: 0.000058 seconds.
  path: Assets/3.UI/kenney_board-game-icons/PNG/Double (128px)/chess_bishop.png
  artifactKey: Guid(74e7407883a21fc46bf93c9382988676) Importer(2089858483,b0f066a214c2f5e87bad3c948f4d605d)
Start importing Assets/3.UI/kenney_board-game-icons/PNG/Double (128px)/chess_bishop.png using Guid(74e7407883a21fc46bf93c9382988676) Importer(2089858483,b0f066a214c2f5e87bad3c948f4d605d) (ScriptedImporter) -> (artifact id: '9ac463126bc4f6135fa35a7fe35ddd3b') in 0.0265849 seconds
Number of updated asset objects reloaded before import = 0Number of asset objects unloaded after import = 1

========================================================================
Received Import Request.
  Time since last request: 0.000022 seconds.
  path: Assets/3.UI/kenney_board-game-icons/PNG/Double (128px)/pentagon.png
  artifactKey: Guid(68d04b78bea0a584095871e557c62cb2) Importer(2089858483,b0f066a214c2f5e87bad3c948f4d605d)
Start importing Assets/3.UI/kenney_board-game-icons/PNG/Double (128px)/pentagon.png using Guid(68d04b78bea0a584095871e557c62cb2) Importer(2089858483,b0f066a214c2f5e87bad3c948f4d605d) (ScriptedImporter) -> (artifact id: '5e6d472077b41e8cfb20995273aaf1e7') in 0.0222364 seconds
Number of updated asset objects reloaded before import = 0Number of asset objects unloaded after import = 1

========================================================================
Received Import Request.
  Time since last request: 0.000019 seconds.
  path: Assets/3.UI/kenney_desert-shooter-pack_1.0/PNG/Interface/Tiles/tile_0000.png
  artifactKey: Guid(dae163bd6dc354b4cb5bbf046b82dcfb) Importer(2089858483,b0f066a214c2f5e87bad3c948f4d605d)
Start importing Assets/3.UI/kenney_desert-shooter-pack_1.0/PNG/Interface/Tiles/tile_0000.png using Guid(dae163bd6dc354b4cb5bbf046b82dcfb) Importer(2089858483,b0f066a214c2f5e87bad3c948f4d605d) (ScriptedImporter) -> (artifact id: '6e2d4960cffa3ae41fa1ac164e58a976') in 0.0170129 seconds
Number of updated asset objects reloaded before import = 0Number of asset objects unloaded after import = 1

========================================================================
Received Import Request.
  Time since last request: 0.000021 seconds.
  path: Assets/3.UI/kenney_board-game-icons/PNG/Default (64px)/pawn_left.png
  artifactKey: Guid(a38fef44197c738409af67a46bc1b9dc) Importer(2089858483,b0f066a214c2f5e87bad3c948f4d605d)
Start importing Assets/3.UI/kenney_board-game-icons/PNG/Default (64px)/pawn_left.png using Guid(a38fef44197c738409af67a46bc1b9dc) Importer(2089858483,b0f066a214c2f5e87bad3c948f4d605d) (ScriptedImporter) -> (artifact id: '1a3a9ac712ace8c2db4a0bd572c017b9') in 0.0223229 seconds
Number of updated asset objects reloaded before import = 0Number of asset objects unloaded after import = 1

========================================================================
Received Import Request.
  Time since last request: 0.000033 seconds.
  path: Assets/3.UI/kenney_board-game-icons/PNG/Default (64px)/tag_shield_10.png
  artifactKey: Guid(10f93428adc26d64e9360c3066487946) Importer(2089858483,b0f066a214c2f5e87bad3c948f4d605d)
Start importing Assets/3.UI/kenney_board-game-icons/PNG/Default (64px)/tag_shield_10.png using Guid(10f93428adc26d64e9360c3066487946) Importer(2089858483,b0f066a214c2f5e87bad3c948f4d605d) (ScriptedImporter) -> (artifact id: 'fe5317bc60606054988e6a343100db55') in 0.023965 seconds
Number of updated asset objects reloaded before import = 0Number of asset objects unloaded after import = 1

========================================================================
Received Import Request.
  Time since last request: 0.000022 seconds.
  path: Assets/3.UI/kenney_board-game-icons/PNG/Default (64px)/dice_1.png
  artifactKey: Guid(dd5438a83f653b2488388374fef1ad8d) Importer(2089858483,b0f066a214c2f5e87bad3c948f4d605d)
Start importing Assets/3.UI/kenney_board-game-icons/PNG/Default (64px)/dice_1.png using Guid(dd5438a83f653b2488388374fef1ad8d) Importer(2089858483,b0f066a214c2f5e87bad3c948f4d605d) (ScriptedImporter) -> (artifact id: '76b5440ff484bc85d9d3eb078ab3d42f') in 0.064763 seconds
Number of updated asset objects reloaded before import = 0Number of asset objects unloaded after import = 1

========================================================================
Received Import Request.
  Time since last request: 0.000035 seconds.
  path: Assets/3.UI/kenney_board-game-icons/PNG/Default (64px)/d2.png
  artifactKey: Guid(4a2b6e355c6e73746919d30313da9ab2) Importer(2089858483,b0f066a214c2f5e87bad3c948f4d605d)
Start importing Assets/3.UI/kenney_board-game-icons/PNG/Default (64px)/d2.png using Guid(4a2b6e355c6e73746919d30313da9ab2) Importer(2089858483,b0f066a214c2f5e87bad3c948f4d605d) (ScriptedImporter) -> (artifact id: 'd22701fe2465fc05bebe67f60d0ffdab') in 0.0216198 seconds
Number of updated asset objects reloaded before import = 0Number of asset objects unloaded after import = 1

========================================================================
Received Import Request.
  Time since last request: 0.000036 seconds.
  path: Assets/3.UI/kenney_board-game-icons/PNG/Default (64px)/skull.png
  artifactKey: Guid(845c32290b209dc429e386a1cda15580) Importer(2089858483,b0f066a214c2f5e87bad3c948f4d605d)
Start importing Assets/3.UI/kenney_board-game-icons/PNG/Default (64px)/skull.png using Guid(845c32290b209dc429e386a1cda15580) Importer(2089858483,b0f066a214c2f5e87bad3c948f4d605d) (ScriptedImporter) -> (artifact id: 'f2aa57ed0c227d6cbd6cf55cf0121a58') in 0.0179341 seconds
Number of updated asset objects reloaded before import = 0Number of asset objects unloaded after import = 1

========================================================================
Received Import Request.
  Time since last request: 0.000017 seconds.
  path: Assets/3.UI/kenney_cursor-pixel-pack/Tiles/tile_0119.png
  artifactKey: Guid(cb971aee48f55824fb850b99b6e27432) Importer(2089858483,b0f066a214c2f5e87bad3c948f4d605d)
Start importing Assets/3.UI/kenney_cursor-pixel-pack/Tiles/tile_0119.png using Guid(cb971aee48f55824fb850b99b6e27432) Importer(2089858483,b0f066a214c2f5e87bad3c948f4d605d) (ScriptedImporter) -> (artifact id: '9d89dc11989348630659deed39218fe4') in 0.0172676 seconds
Number of updated asset objects reloaded before import = 0Number of asset objects unloaded after import = 1

========================================================================
Received Import Request.
  Time since last request: 0.000122 seconds.
  path: Assets/3.UI/kenney_board-game-icons/PNG/Double (128px)/skull.png
  artifactKey: Guid(2a1ee06e69456474780d007d46c817d7) Importer(2089858483,b0f066a214c2f5e87bad3c948f4d605d)
Start importing Assets/3.UI/kenney_board-game-icons/PNG/Double (128px)/skull.png using Guid(2a1ee06e69456474780d007d46c817d7) Importer(2089858483,b0f066a214c2f5e87bad3c948f4d605d) (ScriptedImporter) -> (artifact id: '7b7e1737cdebaa03d82c956b8a5dfd48') in 0.018444 seconds
Number of updated asset objects reloaded before import = 0Number of asset objects unloaded after import = 1

========================================================================
Received Import Request.
  Time since last request: 0.000028 seconds.
  path: Assets/3.UI/kenney_desert-shooter-pack_1.0/PNG/Interface/Tiles/tile_0191.png
  artifactKey: Guid(0a32e0187de2313478ace5373431e478) Importer(2089858483,b0f066a214c2f5e87bad3c948f4d605d)
Start importing Assets/3.UI/kenney_desert-shooter-pack_1.0/PNG/Interface/Tiles/tile_0191.png using Guid(0a32e0187de2313478ace5373431e478) Importer(2089858483,b0f066a214c2f5e87bad3c948f4d605d) (ScriptedImporter) -> (artifact id: '28cec641adae1a078b25863b4fd006f7') in 0.0168278 seconds
Number of updated asset objects reloaded before import = 0Number of asset objects unloaded after import = 1

========================================================================
Received Import Request.
  Time since last request: 0.000024 seconds.
  path: Assets/3.UI/kenney_desert-shooter-pack_1.0/PNG/Tiles/Tiles/tile_0221.png
  artifactKey: Guid(e4a561356843c18409cfabced83ea8e7) Importer(2089858483,b0f066a214c2f5e87bad3c948f4d605d)
Start importing Assets/3.UI/kenney_desert-shooter-pack_1.0/PNG/Tiles/Tiles/tile_0221.png using Guid(e4a561356843c18409cfabced83ea8e7) Importer(2089858483,b0f066a214c2f5e87bad3c948f4d605d) (ScriptedImporter) -> (artifact id: 'c48c6efbd774d0663e9ea84cd83d605a') in 0.0175537 seconds
Number of updated asset objects reloaded before import = 0Number of asset objects unloaded after import = 1

========================================================================
Received Import Request.
  Time since last request: 0.000049 seconds.
  path: Assets/3.UI/kenney_board-game-icons/PNG/Default (64px)/flip_half.png
  artifactKey: Guid(94b93bc56cce03b4181965862335831a) Importer(2089858483,b0f066a214c2f5e87bad3c948f4d605d)
Start importing Assets/3.UI/kenney_board-game-icons/PNG/Default (64px)/flip_half.png using Guid(94b93bc56cce03b4181965862335831a) Importer(2089858483,b0f066a214c2f5e87bad3c948f4d605d) (ScriptedImporter) -> (artifact id: '3a23a8fbc32db84b8ef54cdcaea38636') in 0.0208429 seconds
Number of updated asset objects reloaded before import = 0Number of asset objects unloaded after import = 1

========================================================================
Received Import Request.
  Time since last request: 0.000018 seconds.
  path: Assets/3.UI/kenney_board-game-icons/PNG/Double (128px)/d3_outline.png
  artifactKey: Guid(e2e859e6fccad6745aa61998ea4c9ef4) Importer(2089858483,b0f066a214c2f5e87bad3c948f4d605d)
Start importing Assets/3.UI/kenney_board-game-icons/PNG/Double (128px)/d3_outline.png using Guid(e2e859e6fccad6745aa61998ea4c9ef4) Importer(2089858483,b0f066a214c2f5e87bad3c948f4d605d) (ScriptedImporter) -> (artifact id: '50442e4c440eadb857f8314a1a190d40') in 0.0178785 seconds
Number of updated asset objects reloaded before import = 0Number of asset objects unloaded after import = 1

========================================================================
Received Import Request.
  Time since last request: 0.000016 seconds.
  path: Assets/3.UI/kenney_board-game-icons/PNG/Default (64px)/structure_wall.png
  artifactKey: Guid(14eea7db0f951c9479ef8f1b649fb3c5) Importer(2089858483,b0f066a214c2f5e87bad3c948f4d605d)
Start importing Assets/3.UI/kenney_board-game-icons/PNG/Default (64px)/structure_wall.png using Guid(14eea7db0f951c9479ef8f1b649fb3c5) Importer(2089858483,b0f066a214c2f5e87bad3c948f4d605d) (ScriptedImporter) -> (artifact id: '476d378e34e33bb5b43363d30b0dc77d') in 0.0175684 seconds
Number of updated asset objects reloaded before import = 0Number of asset objects unloaded after import = 1

========================================================================
Received Import Request.
  Time since last request: 0.000031 seconds.
  path: Assets/3.UI/kenney_desert-shooter-pack_1.0/PNG/Tiles/Tiles/tile_0183.png
  artifactKey: Guid(7e8272386190ac34c8ad841a5cb0f534) Importer(2089858483,b0f066a214c2f5e87bad3c948f4d605d)
Start importing Assets/3.UI/kenney_desert-shooter-pack_1.0/PNG/Tiles/Tiles/tile_0183.png using Guid(7e8272386190ac34c8ad841a5cb0f534) Importer(2089858483,b0f066a214c2f5e87bad3c948f4d605d) (ScriptedImporter) -> (artifact id: 'cb9dafdcef7773010a87494918c309c2') in 0.0238065 seconds
Number of updated asset objects reloaded before import = 0Number of asset objects unloaded after import = 1

========================================================================
Received Import Request.
  Time since last request: 0.000027 seconds.
  path: Assets/3.UI/kenney_board-game-icons/Vector/Icons/chess_bishop.svg
  artifactKey: Guid(fd6f507947e5eda49a38cbd12082a0e5) Importer(2089858483,b0f066a214c2f5e87bad3c948f4d605d)
Start importing Assets/3.UI/kenney_board-game-icons/Vector/Icons/chess_bishop.svg using Guid(fd6f507947e5eda49a38cbd12082a0e5) Importer(2089858483,b0f066a214c2f5e87bad3c948f4d605d) (ScriptedImporter) -> (artifact id: '0269d877697852882babcd6fcfe9b224') in 0.0181783 seconds
Number of updated asset objects reloaded before import = 0Number of asset objects unloaded after import = 1

========================================================================
Received Import Request.
  Time since last request: 0.000017 seconds.
  path: Assets/3.UI/kenney_desert-shooter-pack_1.0/PNG/Interface/Tiles/tile_0068.png
  artifactKey: Guid(febe166273eb5de42a37da7118f1a855) Importer(2089858483,b0f066a214c2f5e87bad3c948f4d605d)
Start importing Assets/3.UI/kenney_desert-shooter-pack_1.0/PNG/Interface/Tiles/tile_0068.png using Guid(febe166273eb5de42a37da7118f1a855) Importer(2089858483,b0f066a214c2f5e87bad3c948f4d605d) (ScriptedImporter) -> (artifact id: '63793d6dee54a3bbb613239df1de56b4') in 0.0209365 seconds
Number of updated asset objects reloaded before import = 0Number of asset objects unloaded after import = 1

========================================================================
Received Import Request.
  Time since last request: 0.000022 seconds.
  path: Assets/3.UI/kenney_desert-shooter-pack_1.0/PNG/Interface/Tiles/tile_0074.png
  artifactKey: Guid(5f655df2f32870f4a9e2363e298f1b2e) Importer(2089858483,b0f066a214c2f5e87bad3c948f4d605d)
Start importing Assets/3.UI/kenney_desert-shooter-pack_1.0/PNG/Interface/Tiles/tile_0074.png using Guid(5f655df2f32870f4a9e2363e298f1b2e) Importer(2089858483,b0f066a214c2f5e87bad3c948f4d605d) (ScriptedImporter) -> (artifact id: '9bfe3e675cb25a8c91ba20a4fdf8e652') in 0.0183011 seconds
Number of updated asset objects reloaded before import = 0Number of asset objects unloaded after import = 1

========================================================================
Received Import Request.
  Time since last request: 0.000021 seconds.
  path: Assets/3.UI/kenney_board-game-icons/PNG/Double (128px)/d12_outline.png
  artifactKey: Guid(0f48424e5c2ecce4dbef3b565ed11b32) Importer(2089858483,b0f066a214c2f5e87bad3c948f4d605d)
Start importing Assets/3.UI/kenney_board-game-icons/PNG/Double (128px)/d12_outline.png using Guid(0f48424e5c2ecce4dbef3b565ed11b32) Importer(2089858483,b0f066a214c2f5e87bad3c948f4d605d) (ScriptedImporter) -> (artifact id: 'cf1f5351339f78af895eef63ae1889c4') in 0.0173997 seconds
Number of updated asset objects reloaded before import = 0Number of asset objects unloaded after import = 1

========================================================================
Received Import Request.
  Time since last request: 0.000025 seconds.
  path: Assets/3.UI/kenney_desert-shooter-pack_1.0/PNG/Interface/Tiles/tile_0153.png
  artifactKey: Guid(091ff6bd0d1c98a4fba4dd83bf242815) Importer(2089858483,b0f066a214c2f5e87bad3c948f4d605d)
Start importing Assets/3.UI/kenney_desert-shooter-pack_1.0/PNG/Interface/Tiles/tile_0153.png using Guid(091ff6bd0d1c98a4fba4dd83bf242815) Importer(2089858483,b0f066a214c2f5e87bad3c948f4d605d) (ScriptedImporter) -> (artifact id: '92350d61f6e8553aad20577569e307e2') in 0.0222387 seconds
Number of updated asset objects reloaded before import = 0Number of asset objects unloaded after import = 1

========================================================================
Received Import Request.
  Time since last request: 0.000034 seconds.
  path: Assets/3.UI/kenney_desert-shooter-pack_1.0/PNG/Interface/Tiles/tile_0124.png
  artifactKey: Guid(ce17b1f53b71374428bcd0f79c5e378c) Importer(2089858483,b0f066a214c2f5e87bad3c948f4d605d)
Start importing Assets/3.UI/kenney_desert-shooter-pack_1.0/PNG/Interface/Tiles/tile_0124.png using Guid(ce17b1f53b71374428bcd0f79c5e378c) Importer(2089858483,b0f066a214c2f5e87bad3c948f4d605d) (ScriptedImporter) -> (artifact id: '735fd2fe9c3784711ddc4d194929fe06') in 0.0202661 seconds
Number of updated asset objects reloaded before import = 0Number of asset objects unloaded after import = 1

========================================================================
Received Import Request.
  Time since last request: 0.000016 seconds.
  path: Assets/3.UI/kenney_desert-shooter-pack_1.0/PNG/Interface/Tiles/tile_0156.png
  artifactKey: Guid(b75e7bbefc23b3a49bbb12d0e8a601bf) Importer(2089858483,b0f066a214c2f5e87bad3c948f4d605d)
Start importing Assets/3.UI/kenney_desert-shooter-pack_1.0/PNG/Interface/Tiles/tile_0156.png using Guid(b75e7bbefc23b3a49bbb12d0e8a601bf) Importer(2089858483,b0f066a214c2f5e87bad3c948f4d605d) (ScriptedImporter) -> (artifact id: '88c1f75230af073f27ff0dc67595206b') in 0.0243929 seconds
Number of updated asset objects reloaded before import = 0Number of asset objects unloaded after import = 1

========================================================================
Received Import Request.
  Time since last request: 0.000038 seconds.
  path: Assets/3.UI/kenney_desert-shooter-pack_1.0/Sounds/move-a.ogg
  artifactKey: Guid(c49384d8208a8214580ac71a2b551b60) Importer(2089858483,b0f066a214c2f5e87bad3c948f4d605d)
Start importing Assets/3.UI/kenney_desert-shooter-pack_1.0/Sounds/move-a.ogg using Guid(c49384d8208a8214580ac71a2b551b60) Importer(2089858483,b0f066a214c2f5e87bad3c948f4d605d) (ScriptedImporter) -> (artifact id: '34a5f7751cfd0f7084acd7c697c253dd') in 0.0324745 seconds
Number of updated asset objects reloaded before import = 0Number of asset objects unloaded after import = 1

========================================================================
Received Import Request.
  Time since last request: 0.000036 seconds.
  path: Assets/3.UI/kenney_desert-shooter-pack_1.0/PNG/Interface/Tiles/tile_0183.png
  artifactKey: Guid(0a9423ece115f81429173336f1d71185) Importer(2089858483,b0f066a214c2f5e87bad3c948f4d605d)
Start importing Assets/3.UI/kenney_desert-shooter-pack_1.0/PNG/Interface/Tiles/tile_0183.png using Guid(0a9423ece115f81429173336f1d71185) Importer(2089858483,b0f066a214c2f5e87bad3c948f4d605d) (ScriptedImporter) -> (artifact id: 'dfabcf3ed0f9eec44e6eca19f935c3b6') in 0.0238604 seconds
Number of updated asset objects reloaded before import = 0Number of asset objects unloaded after import = 1

========================================================================
Received Import Request.
  Time since last request: 0.000041 seconds.
  path: Assets/3.UI/kenney_desert-shooter-pack_1.0/PNG/Interface/Tiles/tile_0136.png
  artifactKey: Guid(5a10e8d57d6d58341b1f5265ffe32cfb) Importer(2089858483,b0f066a214c2f5e87bad3c948f4d605d)
Start importing Assets/3.UI/kenney_desert-shooter-pack_1.0/PNG/Interface/Tiles/tile_0136.png using Guid(5a10e8d57d6d58341b1f5265ffe32cfb) Importer(2089858483,b0f066a214c2f5e87bad3c948f4d605d) (ScriptedImporter) -> (artifact id: '82033485116b8cb4a43988fcd5af3c6d') in 0.020469 seconds
Number of updated asset objects reloaded before import = 0Number of asset objects unloaded after import = 1

========================================================================
Received Import Request.
  Time since last request: 0.000026 seconds.
  path: Assets/3.UI/kenney_cursor-pixel-pack/Tiles/tile_0133.png
  artifactKey: Guid(0065ad83bf11358438133c02242bcce2) Importer(2089858483,b0f066a214c2f5e87bad3c948f4d605d)
Start importing Assets/3.UI/kenney_cursor-pixel-pack/Tiles/tile_0133.png using Guid(0065ad83bf11358438133c02242bcce2) Importer(2089858483,b0f066a214c2f5e87bad3c948f4d605d) (ScriptedImporter) -> (artifact id: '459f6cdfffda663ccf8b6701ac0951ab') in 0.021681 seconds
Number of updated asset objects reloaded before import = 0Number of asset objects unloaded after import = 1

========================================================================
Received Import Request.
  Time since last request: 0.000020 seconds.
  path: Assets/3.UI/kenney_board-game-icons/PNG/Double (128px)/suit_clubs.png
  artifactKey: Guid(28af1a90f50042b40b6e7c4d6dada04d) Importer(2089858483,b0f066a214c2f5e87bad3c948f4d605d)
Start importing Assets/3.UI/kenney_board-game-icons/PNG/Double (128px)/suit_clubs.png using Guid(28af1a90f50042b40b6e7c4d6dada04d) Importer(2089858483,b0f066a214c2f5e87bad3c948f4d605d) (ScriptedImporter) -> (artifact id: 'ea3e9a359078bb208b2d15c471f2b540') in 0.0202427 seconds
Number of updated asset objects reloaded before import = 0Number of asset objects unloaded after import = 1

========================================================================
Received Import Request.
  Time since last request: 0.000030 seconds.
  path: Assets/3.UI/kenney_board-game-icons/PNG/Double (128px)/pawn.png
  artifactKey: Guid(5a2045bef80b2f44ea95973e0beed1a4) Importer(2089858483,b0f066a214c2f5e87bad3c948f4d605d)
Start importing Assets/3.UI/kenney_board-game-icons/PNG/Double (128px)/pawn.png using Guid(5a2045bef80b2f44ea95973e0beed1a4) Importer(2089858483,b0f066a214c2f5e87bad3c948f4d605d) (ScriptedImporter) -> (artifact id: 'eee227b08c26fb58111f7c1b7edc09f3') in 0.0186435 seconds
Number of updated asset objects reloaded before import = 0Number of asset objects unloaded after import = 1

========================================================================
Received Import Request.
  Time since last request: 0.000063 seconds.
  path: Assets/3.UI/kenney_board-game-icons/PNG/Default (64px)/pawn_down.png
  artifactKey: Guid(212aade3caef95f409748da323bfbca3) Importer(2089858483,b0f066a214c2f5e87bad3c948f4d605d)
Start importing Assets/3.UI/kenney_board-game-icons/PNG/Default (64px)/pawn_down.png using Guid(212aade3caef95f409748da323bfbca3) Importer(2089858483,b0f066a214c2f5e87bad3c948f4d605d) (ScriptedImporter) -> (artifact id: '495da4cf9cdf8cb6ad9a1239ad120f36') in 0.0169193 seconds
Number of updated asset objects reloaded before import = 0Number of asset objects unloaded after import = 1

========================================================================
Received Import Request.
  Time since last request: 0.000023 seconds.
  path: Assets/3.UI/kenney_board-game-icons/PNG/Double (128px)/arrow_rotate.png
  artifactKey: Guid(207a823ee48c12b4688b831b52ac2d68) Importer(2089858483,b0f066a214c2f5e87bad3c948f4d605d)
Start importing Assets/3.UI/kenney_board-game-icons/PNG/Double (128px)/arrow_rotate.png using Guid(207a823ee48c12b4688b831b52ac2d68) Importer(2089858483,b0f066a214c2f5e87bad3c948f4d605d) (ScriptedImporter) -> (artifact id: 'f8085c7e8fd6f5216b3a2c7a65daa97e') in 0.0206589 seconds
Number of updated asset objects reloaded before import = 0Number of asset objects unloaded after import = 1

========================================================================
Received Import Request.
  Time since last request: 0.000027 seconds.
  path: Assets/3.UI/kenney_board-game-icons/PNG/Default (64px)/tag_infinite.png
  artifactKey: Guid(0c7718f959ba6e44eb08d05191809c0d) Importer(2089858483,b0f066a214c2f5e87bad3c948f4d605d)
Start importing Assets/3.UI/kenney_board-game-icons/PNG/Default (64px)/tag_infinite.png using Guid(0c7718f959ba6e44eb08d05191809c0d) Importer(2089858483,b0f066a214c2f5e87bad3c948f4d605d) (ScriptedImporter) -> (artifact id: 'bd7fba8780725e99a33e292ac3e771b2') in 0.0208416 seconds
Number of updated asset objects reloaded before import = 0Number of asset objects unloaded after import = 1

========================================================================
Received Import Request.
  Time since last request: 0.000048 seconds.
  path: Assets/3.UI/kenney_desert-shooter-pack_1.0/PNG/Interface/Tiles/tile_0032.png
  artifactKey: Guid(8ecdf3b895839b8448f2c57edebec598) Importer(2089858483,b0f066a214c2f5e87bad3c948f4d605d)
Start importing Assets/3.UI/kenney_desert-shooter-pack_1.0/PNG/Interface/Tiles/tile_0032.png using Guid(8ecdf3b895839b8448f2c57edebec598) Importer(2089858483,b0f066a214c2f5e87bad3c948f4d605d) (ScriptedImporter) -> (artifact id: '921da29ce9d64ad3344114838f5ed6a9') in 0.0167268 seconds
Number of updated asset objects reloaded before import = 0Number of asset objects unloaded after import = 1

========================================================================
Received Import Request.
  Time since last request: 0.000048 seconds.
  path: Assets/3.UI/kenney_cursor-pixel-pack/Tiles/tile_0218.png
  artifactKey: Guid(99ec35807b0e16e4593acb275aaff3b7) Importer(2089858483,b0f066a214c2f5e87bad3c948f4d605d)
Start importing Assets/3.UI/kenney_cursor-pixel-pack/Tiles/tile_0218.png using Guid(99ec35807b0e16e4593acb275aaff3b7) Importer(2089858483,b0f066a214c2f5e87bad3c948f4d605d) (ScriptedImporter) -> (artifact id: 'c91e64a9b20fe6c4049be69dc3065ed1') in 0.0202496 seconds
Number of updated asset objects reloaded before import = 0Number of asset objects unloaded after import = 1

========================================================================
Received Import Request.
  Time since last request: 0.000018 seconds.
  path: Assets/3.UI/kenney_desert-shooter-pack_1.0/PNG/Enemies/Tiles/tile_0005.png
  artifactKey: Guid(aeadfa72f5ba6e145a1f24e5a4f38e4c) Importer(2089858483,b0f066a214c2f5e87bad3c948f4d605d)
Start importing Assets/3.UI/kenney_desert-shooter-pack_1.0/PNG/Enemies/Tiles/tile_0005.png using Guid(aeadfa72f5ba6e145a1f24e5a4f38e4c) Importer(2089858483,b0f066a214c2f5e87bad3c948f4d605d) (ScriptedImporter) -> (artifact id: '72ad5851c00826f227c1d325286d0249') in 0.0259733 seconds
Number of updated asset objects reloaded before import = 0Number of asset objects unloaded after import = 1

========================================================================
Received Import Request.
  Time since last request: 0.000021 seconds.
  path: Assets/3.UI/kenney_cursor-pixel-pack/Tiles/tile_0010.png
  artifactKey: Guid(cf854b1d7cc7c8140bf02bf97f84912e) Importer(2089858483,b0f066a214c2f5e87bad3c948f4d605d)
Start importing Assets/3.UI/kenney_cursor-pixel-pack/Tiles/tile_0010.png using Guid(cf854b1d7cc7c8140bf02bf97f84912e) Importer(2089858483,b0f066a214c2f5e87bad3c948f4d605d) (ScriptedImporter) -> (artifact id: 'da1458576ade9f32600cf2874432c9a0') in 0.0187147 seconds
Number of updated asset objects reloaded before import = 0Number of asset objects unloaded after import = 1

========================================================================
Received Import Request.
  Time since last request: 0.000161 seconds.
  path: Assets/3.UI/kenney_board-game-icons/PNG/Default (64px)/cards_return.png
  artifactKey: Guid(98a6e8c51abba3c4c9f1f9b15eae5031) Importer(2089858483,b0f066a214c2f5e87bad3c948f4d605d)
Start importing Assets/3.UI/kenney_board-game-icons/PNG/Default (64px)/cards_return.png using Guid(98a6e8c51abba3c4c9f1f9b15eae5031) Importer(2089858483,b0f066a214c2f5e87bad3c948f4d605d) (ScriptedImporter) -> (artifact id: '50d574107a1ba692d333025b5867cc3b') in 0.0170623 seconds
Number of updated asset objects reloaded before import = 0Number of asset objects unloaded after import = 1

========================================================================
Received Import Request.
  Time since last request: 0.000016 seconds.
  path: Assets/3.UI/kenney_board-game-icons/PNG/Double (128px)/pawn_left.png
  artifactKey: Guid(4564f783d7f280045889f4c4375ab0da) Importer(2089858483,b0f066a214c2f5e87bad3c948f4d605d)
Start importing Assets/3.UI/kenney_board-game-icons/PNG/Double (128px)/pawn_left.png using Guid(4564f783d7f280045889f4c4375ab0da) Importer(2089858483,b0f066a214c2f5e87bad3c948f4d605d) (ScriptedImporter) -> (artifact id: '99a6a41def3d27bd9bfdfd3c85ca2e4e') in 0.0248707 seconds
Number of updated asset objects reloaded before import = 0Number of asset objects unloaded after import = 1

========================================================================
Received Import Request.
  Time since last request: 0.000029 seconds.
  path: Assets/3.UI/kenney_board-game-icons/Vector/Icons/lock_open.svg
  artifactKey: Guid(6d8a91d8d8b05dd4195925e98c40a469) Importer(2089858483,b0f066a214c2f5e87bad3c948f4d605d)
Start importing Assets/3.UI/kenney_board-game-icons/Vector/Icons/lock_open.svg using Guid(6d8a91d8d8b05dd4195925e98c40a469) Importer(2089858483,b0f066a214c2f5e87bad3c948f4d605d) (ScriptedImporter) -> (artifact id: '8124805a60035999e6dc523d78544640') in 0.0179827 seconds
Number of updated asset objects reloaded before import = 0Number of asset objects unloaded after import = 1

========================================================================
Received Import Request.
  Time since last request: 0.000025 seconds.
  path: Assets/3.UI/kenney_board-game-icons/PNG/Double (128px)/hourglass_bottom.png
  artifactKey: Guid(59d8dcd145521a44dbb7f439d7f7fcba) Importer(2089858483,b0f066a214c2f5e87bad3c948f4d605d)
Start importing Assets/3.UI/kenney_board-game-icons/PNG/Double (128px)/hourglass_bottom.png using Guid(59d8dcd145521a44dbb7f439d7f7fcba) Importer(2089858483,b0f066a214c2f5e87bad3c948f4d605d) (ScriptedImporter) -> (artifact id: 'e8d50906ba276e7bcf5cce1525739eec') in 0.021003 seconds
Number of updated asset objects reloaded before import = 0Number of asset objects unloaded after import = 1

========================================================================
Received Import Request.
  Time since last request: 0.000030 seconds.
  path: Assets/3.UI/kenney_board-game-icons/PNG/Default (64px)/tag_4.png
  artifactKey: Guid(5e1593b213a84bb4d9521ba48458a328) Importer(2089858483,b0f066a214c2f5e87bad3c948f4d605d)
Start importing Assets/3.UI/kenney_board-game-icons/PNG/Default (64px)/tag_4.png using Guid(5e1593b213a84bb4d9521ba48458a328) Importer(2089858483,b0f066a214c2f5e87bad3c948f4d605d) (ScriptedImporter) -> (artifact id: 'c87da2d0e2d38b2364b58375b42756ec') in 0.0229121 seconds
Number of updated asset objects reloaded before import = 0Number of asset objects unloaded after import = 1

========================================================================
Received Import Request.
  Time since last request: 0.000022 seconds.
  path: Assets/3.UI/kenney_board-game-icons/Vector/Icons/pawn_table.svg
  artifactKey: Guid(1d3973b9c030db54dbc0dea42d8d21f1) Importer(2089858483,b0f066a214c2f5e87bad3c948f4d605d)
Start importing Assets/3.UI/kenney_board-game-icons/Vector/Icons/pawn_table.svg using Guid(1d3973b9c030db54dbc0dea42d8d21f1) Importer(2089858483,b0f066a214c2f5e87bad3c948f4d605d) (ScriptedImporter) -> (artifact id: '254ffe85d310e3461651b15e1f47e941') in 0.020495 seconds
Number of updated asset objects reloaded before import = 0Number of asset objects unloaded after import = 1

========================================================================
Received Import Request.
  Time since last request: 0.000018 seconds.
  path: Assets/3.UI/kenney_board-game-icons/Vector/Icons/tag_infinite.svg
  artifactKey: Guid(90b7574a1c57db94684f6ae03f4808e1) Importer(2089858483,b0f066a214c2f5e87bad3c948f4d605d)
Start importing Assets/3.UI/kenney_board-game-icons/Vector/Icons/tag_infinite.svg using Guid(90b7574a1c57db94684f6ae03f4808e1) Importer(2089858483,b0f066a214c2f5e87bad3c948f4d605d) (ScriptedImporter) -> (artifact id: '690d47139758be54bc5633780ee6d68f') in 0.0246369 seconds
Number of updated asset objects reloaded before import = 0Number of asset objects unloaded after import = 1

========================================================================
Received Import Request.
  Time since last request: 0.000047 seconds.
  path: Assets/3.UI/kenney_board-game-icons/Vector/Icons/crown_a.svg
  artifactKey: Guid(321e3b67df57b404d906efaab4d42ddb) Importer(2089858483,b0f066a214c2f5e87bad3c948f4d605d)
Start importing Assets/3.UI/kenney_board-game-icons/Vector/Icons/crown_a.svg using Guid(321e3b67df57b404d906efaab4d42ddb) Importer(2089858483,b0f066a214c2f5e87bad3c948f4d605d) (ScriptedImporter) -> (artifact id: '4d4e3017af89f4fd48697c46eb988938') in 0.0179685 seconds
Number of updated asset objects reloaded before import = 0Number of asset objects unloaded after import = 1

========================================================================
Received Import Request.
  Time since last request: 0.000026 seconds.
  path: Assets/3.UI/kenney_board-game-icons/Vector/Icons/flag_triangle.svg
  artifactKey: Guid(ea61b5431dca5a14d980a070a1135651) Importer(2089858483,b0f066a214c2f5e87bad3c948f4d605d)
Start importing Assets/3.UI/kenney_board-game-icons/Vector/Icons/flag_triangle.svg using Guid(ea61b5431dca5a14d980a070a1135651) Importer(2089858483,b0f066a214c2f5e87bad3c948f4d605d) (ScriptedImporter) -> (artifact id: 'a291b119160757a45a6011d051329128') in 0.0215822 seconds
Number of updated asset objects reloaded before import = 0Number of asset objects unloaded after import = 1

========================================================================
Received Import Request.
  Time since last request: 0.000017 seconds.
  path: Assets/3.UI/kenney_board-game-icons/PNG/Double (128px)/d4_outline.png
  artifactKey: Guid(975cdbbd598380949b6dff585e914b17) Importer(2089858483,b0f066a214c2f5e87bad3c948f4d605d)
Start importing Assets/3.UI/kenney_board-game-icons/PNG/Double (128px)/d4_outline.png using Guid(975cdbbd598380949b6dff585e914b17) Importer(2089858483,b0f066a214c2f5e87bad3c948f4d605d) (ScriptedImporter) -> (artifact id: '8dfe84b12db9a7856793e5e30841be5f') in 0.0231431 seconds
Number of updated asset objects reloaded before import = 0Number of asset objects unloaded after import = 1

========================================================================
Received Import Request.
  Time since last request: 0.000018 seconds.
  path: Assets/3.UI/kenney_board-game-icons/Tilesheet/iconsDefault.png
  artifactKey: Guid(ab1189edcf65dca4ca5c59e65703b146) Importer(2089858483,b0f066a214c2f5e87bad3c948f4d605d)
Start importing Assets/3.UI/kenney_board-game-icons/Tilesheet/iconsDefault.png using Guid(ab1189edcf65dca4ca5c59e65703b146) Importer(2089858483,b0f066a214c2f5e87bad3c948f4d605d) (ScriptedImporter) -> (artifact id: '5259f98b214d47d8ca0c9f8128727c84') in 0.031563 seconds
Number of updated asset objects reloaded before import = 0Number of asset objects unloaded after import = 1

========================================================================
Received Import Request.
  Time since last request: 0.000042 seconds.
  path: Assets/3.UI/kenney_board-game-icons/PNG/Double (128px)/cards_under.png
  artifactKey: Guid(5a8897dfd1dc96b4bb90eee2bc6bfe54) Importer(2089858483,b0f066a214c2f5e87bad3c948f4d605d)
Start importing Assets/3.UI/kenney_board-game-icons/PNG/Double (128px)/cards_under.png using Guid(5a8897dfd1dc96b4bb90eee2bc6bfe54) Importer(2089858483,b0f066a214c2f5e87bad3c948f4d605d) (ScriptedImporter) -> (artifact id: '75b1f42d619c1f94b187ef100d4ec1be') in 0.0225534 seconds
Number of updated asset objects reloaded before import = 0Number of asset objects unloaded after import = 1

========================================================================
Received Import Request.
  Time since last request: 0.000027 seconds.
  path: Assets/3.UI/kenney_cursor-pixel-pack/Tiles/tile_0054.png
  artifactKey: Guid(2ef47a67f10088a44a3589ff7bb03d5b) Importer(2089858483,b0f066a214c2f5e87bad3c948f4d605d)
Start importing Assets/3.UI/kenney_cursor-pixel-pack/Tiles/tile_0054.png using Guid(2ef47a67f10088a44a3589ff7bb03d5b) Importer(2089858483,b0f066a214c2f5e87bad3c948f4d605d) (ScriptedImporter) -> (artifact id: '07b4fc8f9053b3dfb7f09f134ef8f02a') in 0.0227865 seconds
Number of updated asset objects reloaded before import = 0Number of asset objects unloaded after import = 1

========================================================================
Received Import Request.
  Time since last request: 0.000018 seconds.
  path: Assets/3.UI/kenney_desert-shooter-pack_1.0/PNG/Tiles/Tiles/tile_0218.png
  artifactKey: Guid(70218cbcf19c5534bb89ab79e5037f94) Importer(2089858483,b0f066a214c2f5e87bad3c948f4d605d)
Start importing Assets/3.UI/kenney_desert-shooter-pack_1.0/PNG/Tiles/Tiles/tile_0218.png using Guid(70218cbcf19c5534bb89ab79e5037f94) Importer(2089858483,b0f066a214c2f5e87bad3c948f4d605d) (ScriptedImporter) -> (artifact id: '0a23b587be35c513ad388b99fb119666') in 0.0171807 seconds
Number of updated asset objects reloaded before import = 0Number of asset objects unloaded after import = 1

========================================================================
Received Import Request.
  Time since last request: 0.000023 seconds.
  path: Assets/3.UI/kenney_desert-shooter-pack_1.0/PNG/Weapons/Tiles/tile_0013.png
  artifactKey: Guid(65ccd40c5ee5d1b40801161fed95c442) Importer(2089858483,b0f066a214c2f5e87bad3c948f4d605d)
Start importing Assets/3.UI/kenney_desert-shooter-pack_1.0/PNG/Weapons/Tiles/tile_0013.png using Guid(65ccd40c5ee5d1b40801161fed95c442) Importer(2089858483,b0f066a214c2f5e87bad3c948f4d605d) (ScriptedImporter) -> (artifact id: 'f733bc49f8203b6f2b4d152b58917d40') in 0.0222198 seconds
Number of updated asset objects reloaded before import = 0Number of asset objects unloaded after import = 1

========================================================================
Received Import Request.
  Time since last request: 0.000023 seconds.
  path: Assets/3.UI/kenney_board-game-icons/PNG/Double (128px)/arrow_cross.png
  artifactKey: Guid(109e9fb7b6ef5494d8d8871c7fac5674) Importer(2089858483,b0f066a214c2f5e87bad3c948f4d605d)
Start importing Assets/3.UI/kenney_board-game-icons/PNG/Double (128px)/arrow_cross.png using Guid(109e9fb7b6ef5494d8d8871c7fac5674) Importer(2089858483,b0f066a214c2f5e87bad3c948f4d605d) (ScriptedImporter) -> (artifact id: '624df3c35f87a987943863a8960f8570') in 0.0166753 seconds
Number of updated asset objects reloaded before import = 0Number of asset objects unloaded after import = 1

========================================================================
Received Import Request.
  Time since last request: 0.000030 seconds.
  path: Assets/3.UI/kenney_desert-shooter-pack_1.0/PNG/Interface/Tiles/tile_0103.png
  artifactKey: Guid(2bf68bafc84b55846a025d9c6f032370) Importer(2089858483,b0f066a214c2f5e87bad3c948f4d605d)
Start importing Assets/3.UI/kenney_desert-shooter-pack_1.0/PNG/Interface/Tiles/tile_0103.png using Guid(2bf68bafc84b55846a025d9c6f032370) Importer(2089858483,b0f066a214c2f5e87bad3c948f4d605d) (ScriptedImporter) -> (artifact id: 'b6461fe36d224ddaca371bdb7cf373b8') in 0.0209079 seconds
Number of updated asset objects reloaded before import = 0Number of asset objects unloaded after import = 1

========================================================================
Received Import Request.
  Time since last request: 0.000132 seconds.
  path: Assets/3.UI/kenney_board-game-icons/Vector/Icons/chess_king.svg
  artifactKey: Guid(7ff2723f553c1e0438f05c38225815fc) Importer(2089858483,b0f066a214c2f5e87bad3c948f4d605d)
Start importing Assets/3.UI/kenney_board-game-icons/Vector/Icons/chess_king.svg using Guid(7ff2723f553c1e0438f05c38225815fc) Importer(2089858483,b0f066a214c2f5e87bad3c948f4d605d) (ScriptedImporter) -> (artifact id: '05cf1ee3f1a207ca3eb12ef4cbad8552') in 0.0160548 seconds
Number of updated asset objects reloaded before import = 0Number of asset objects unloaded after import = 1

========================================================================
Received Import Request.
  Time since last request: 0.000035 seconds.
  path: Assets/3.UI/kenney_desert-shooter-pack_1.0/PNG/Tiles/Tiles/tile_0016.png
  artifactKey: Guid(b6aa41c70d3be964d890acd516f1afc5) Importer(2089858483,b0f066a214c2f5e87bad3c948f4d605d)
Start importing Assets/3.UI/kenney_desert-shooter-pack_1.0/PNG/Tiles/Tiles/tile_0016.png using Guid(b6aa41c70d3be964d890acd516f1afc5) Importer(2089858483,b0f066a214c2f5e87bad3c948f4d605d) (ScriptedImporter) -> (artifact id: 'ddd659d6b87091c3f0d449ee518f18a2') in 0.017535 seconds
Number of updated asset objects reloaded before import = 0Number of asset objects unloaded after import = 1

========================================================================
Received Import Request.
  Time since last request: 0.000096 seconds.
  path: Assets/3.UI/kenney_desert-shooter-pack_1.0/PNG/Interface/Tiles/tile_0161.png
  artifactKey: Guid(031c6b5f62bae174fbbca11c42eaaf13) Importer(2089858483,b0f066a214c2f5e87bad3c948f4d605d)
Start importing Assets/3.UI/kenney_desert-shooter-pack_1.0/PNG/Interface/Tiles/tile_0161.png using Guid(031c6b5f62bae174fbbca11c42eaaf13) Importer(2089858483,b0f066a214c2f5e87bad3c948f4d605d) (ScriptedImporter) -> (artifact id: '79a3c495f842a61157cdebeae3619b30') in 0.0181924 seconds
Number of updated asset objects reloaded before import = 0Number of asset objects unloaded after import = 1

========================================================================
Received Import Request.
  Time since last request: 0.000103 seconds.
  path: Assets/3.UI/kenney_board-game-icons/PNG/Double (128px)/card_diagonal.png
  artifactKey: Guid(494b58297b1be9845a7119925656bd5e) Importer(2089858483,b0f066a214c2f5e87bad3c948f4d605d)
Start importing Assets/3.UI/kenney_board-game-icons/PNG/Double (128px)/card_diagonal.png using Guid(494b58297b1be9845a7119925656bd5e) Importer(2089858483,b0f066a214c2f5e87bad3c948f4d605d) (ScriptedImporter) -> (artifact id: 'dbcefd2956474752a9e6793cece781b8') in 0.0230771 seconds
Number of updated asset objects reloaded before import = 0Number of asset objects unloaded after import = 1

========================================================================
Received Import Request.
  Time since last request: 0.000022 seconds.
  path: Assets/3.UI/kenney_cursor-pixel-pack/Tiles/tile_0148.png
  artifactKey: Guid(2c2b6128a60666442a46fc788cfc842a) Importer(2089858483,b0f066a214c2f5e87bad3c948f4d605d)
Start importing Assets/3.UI/kenney_cursor-pixel-pack/Tiles/tile_0148.png using Guid(2c2b6128a60666442a46fc788cfc842a) Importer(2089858483,b0f066a214c2f5e87bad3c948f4d605d) (ScriptedImporter) -> (artifact id: '2fc4d9399f44a1ccbba7136ad22cdb02') in 0.0203993 seconds
Number of updated asset objects reloaded before import = 0Number of asset objects unloaded after import = 1

========================================================================
Received Import Request.
  Time since last request: 0.000017 seconds.
  path: Assets/3.UI/kenney_desert-shooter-pack_1.0/PNG/Interface/Tiles/tile_0089.png
  artifactKey: Guid(def60ec702a8798499d13f7442601311) Importer(2089858483,b0f066a214c2f5e87bad3c948f4d605d)
Start importing Assets/3.UI/kenney_desert-shooter-pack_1.0/PNG/Interface/Tiles/tile_0089.png using Guid(def60ec702a8798499d13f7442601311) Importer(2089858483,b0f066a214c2f5e87bad3c948f4d605d) (ScriptedImporter) -> (artifact id: '618f507e5afbaf1fef58bc46ebef3dcd') in 0.0154663 seconds
Number of updated asset objects reloaded before import = 0Number of asset objects unloaded after import = 1

========================================================================
Received Import Request.
  Time since last request: 0.000019 seconds.
  path: Assets/3.UI/kenney_board-game-icons/Vector/Icons/dice_3.svg
  artifactKey: Guid(a1aeb492ba6e89a41808a20ce220d403) Importer(2089858483,b0f066a214c2f5e87bad3c948f4d605d)
Start importing Assets/3.UI/kenney_board-game-icons/Vector/Icons/dice_3.svg using Guid(a1aeb492ba6e89a41808a20ce220d403) Importer(2089858483,b0f066a214c2f5e87bad3c948f4d605d) (ScriptedImporter) -> (artifact id: '806d2158249842a190aaf92544183b87') in 0.0198282 seconds
Number of updated asset objects reloaded before import = 0Number of asset objects unloaded after import = 1

========================================================================
Received Import Request.
  Time since last request: 0.000048 seconds.
  path: Assets/3.UI/kenney_board-game-icons/PNG/Default (64px)/pawn_clockwise.png
  artifactKey: Guid(987a8f6e6d78fb74788478a0efd0f49f) Importer(2089858483,b0f066a214c2f5e87bad3c948f4d605d)
Start importing Assets/3.UI/kenney_board-game-icons/PNG/Default (64px)/pawn_clockwise.png using Guid(987a8f6e6d78fb74788478a0efd0f49f) Importer(2089858483,b0f066a214c2f5e87bad3c948f4d605d) (ScriptedImporter) -> (artifact id: '7d2551f759c8a97dab0a8143e64c0d86') in 0.0196157 seconds
Number of updated asset objects reloaded before import = 0Number of asset objects unloaded after import = 1

========================================================================
Received Import Request.
  Time since last request: 0.000044 seconds.
  path: Assets/3.UI/kenney_desert-shooter-pack_1.0/PNG/Tiles/Tiles/tile_0185.png
  artifactKey: Guid(bfa90f4adc330c448b89ccaa07820805) Importer(2089858483,b0f066a214c2f5e87bad3c948f4d605d)
Start importing Assets/3.UI/kenney_desert-shooter-pack_1.0/PNG/Tiles/Tiles/tile_0185.png using Guid(bfa90f4adc330c448b89ccaa07820805) Importer(2089858483,b0f066a214c2f5e87bad3c948f4d605d) (ScriptedImporter) -> (artifact id: 'f23cdf2f3c701f035c0681b61ba26342') in 0.0169754 seconds
Number of updated asset objects reloaded before import = 0Number of asset objects unloaded after import = 1

========================================================================
Received Import Request.
  Time since last request: 0.000021 seconds.
  path: Assets/3.UI/kenney_cursor-pixel-pack/Tiles/tile_0021.png
  artifactKey: Guid(def1e4b9d3f87f94fa6b855206c7175c) Importer(2089858483,b0f066a214c2f5e87bad3c948f4d605d)
Start importing Assets/3.UI/kenney_cursor-pixel-pack/Tiles/tile_0021.png using Guid(def1e4b9d3f87f94fa6b855206c7175c) Importer(2089858483,b0f066a214c2f5e87bad3c948f4d605d) (ScriptedImporter) -> (artifact id: 'e80716efec157c535a984d92b0746fed') in 0.0277225 seconds
Number of updated asset objects reloaded before import = 0Number of asset objects unloaded after import = 1

========================================================================
Received Import Request.
  Time since last request: 0.000027 seconds.
  path: Assets/3.UI/kenney_board-game-icons/PNG/Default (64px)/d6_number.png
  artifactKey: Guid(2577f580c2600c24d9caaaada6e42636) Importer(2089858483,b0f066a214c2f5e87bad3c948f4d605d)
Start importing Assets/3.UI/kenney_board-game-icons/PNG/Default (64px)/d6_number.png using Guid(2577f580c2600c24d9caaaada6e42636) Importer(2089858483,b0f066a214c2f5e87bad3c948f4d605d) (ScriptedImporter) -> (artifact id: 'f86af4510e9a31a90224a3c14c01d1e2') in 0.0183084 seconds
Number of updated asset objects reloaded before import = 0Number of asset objects unloaded after import = 1

========================================================================
Received Import Request.
  Time since last request: 0.000030 seconds.
  path: Assets/3.UI/kenney_desert-shooter-pack_1.0/PNG/Interface/Tiles/tile_0178.png
  artifactKey: Guid(0284775ca07c0fe4aaf01816fc114006) Importer(2089858483,b0f066a214c2f5e87bad3c948f4d605d)
Start importing Assets/3.UI/kenney_desert-shooter-pack_1.0/PNG/Interface/Tiles/tile_0178.png using Guid(0284775ca07c0fe4aaf01816fc114006) Importer(2089858483,b0f066a214c2f5e87bad3c948f4d605d) (ScriptedImporter) -> (artifact id: 'c43304db5d397fd5b3b509b81ef38fd8') in 0.0176231 seconds
Number of updated asset objects reloaded before import = 0Number of asset objects unloaded after import = 1

========================================================================
Received Import Request.
  Time since last request: 0.000044 seconds.
  path: Assets/3.UI/kenney_board-game-icons/Tilesheet/Tilesheet.txt
  artifactKey: Guid(2745f5e1774d7824e9d44b9e6e480a74) Importer(2089858483,b0f066a214c2f5e87bad3c948f4d605d)
Start importing Assets/3.UI/kenney_board-game-icons/Tilesheet/Tilesheet.txt using Guid(2745f5e1774d7824e9d44b9e6e480a74) Importer(2089858483,b0f066a214c2f5e87bad3c948f4d605d) (ScriptedImporter) -> (artifact id: '7e665d4ec756a29fd8bcf4023fb5d5ac') in 0.0290833 seconds
Number of updated asset objects reloaded before import = 0Number of asset objects unloaded after import = 1

========================================================================
Received Import Request.
  Time since last request: 0.000020 seconds.
  path: Assets/3.UI/kenney_cursor-pixel-pack/Tiles/tile_0207.png
  artifactKey: Guid(07dacf631376a184d89a6365beef5996) Importer(2089858483,b0f066a214c2f5e87bad3c948f4d605d)
Start importing Assets/3.UI/kenney_cursor-pixel-pack/Tiles/tile_0207.png using Guid(07dacf631376a184d89a6365beef5996) Importer(2089858483,b0f066a214c2f5e87bad3c948f4d605d) (ScriptedImporter) -> (artifact id: 'f36536d8012d7222d46fe6c9ce539dd7') in 0.0215228 seconds
Number of updated asset objects reloaded before import = 0Number of asset objects unloaded after import = 1

========================================================================
Received Import Request.
  Time since last request: 0.000021 seconds.
  path: Assets/3.UI/kenney_cursor-pixel-pack/Tiles/tile_0189.png
  artifactKey: Guid(d0432be3a2ab9fd49a7bcc2ebccf7fc7) Importer(2089858483,b0f066a214c2f5e87bad3c948f4d605d)
Start importing Assets/3.UI/kenney_cursor-pixel-pack/Tiles/tile_0189.png using Guid(d0432be3a2ab9fd49a7bcc2ebccf7fc7) Importer(2089858483,b0f066a214c2f5e87bad3c948f4d605d) (ScriptedImporter) -> (artifact id: 'b7f6b5336b3c8906696ab752e7dcc2bb') in 0.0197155 seconds
Number of updated asset objects reloaded before import = 0Number of asset objects unloaded after import = 1

========================================================================
Received Import Request.
  Time since last request: 0.000022 seconds.
  path: Assets/3.UI/kenney_desert-shooter-pack_1.0/PNG/Interface/Tiles/tile_0110.png
  artifactKey: Guid(fec898e4f0a03a04791cc0010d551479) Importer(2089858483,b0f066a214c2f5e87bad3c948f4d605d)
Start importing Assets/3.UI/kenney_desert-shooter-pack_1.0/PNG/Interface/Tiles/tile_0110.png using Guid(fec898e4f0a03a04791cc0010d551479) Importer(2089858483,b0f066a214c2f5e87bad3c948f4d605d) (ScriptedImporter) -> (artifact id: 'ffd508a4060b869e597845c22fc49a7d') in 0.0249881 seconds
Number of updated asset objects reloaded before import = 0Number of asset objects unloaded after import = 1

========================================================================
Received Import Request.
  Time since last request: 0.000027 seconds.
  path: Assets/3.UI/kenney_desert-shooter-pack_1.0/PNG/Weapons/Tiles/tile_0027.png
  artifactKey: Guid(104a0ea34d519d4459169d734d9a63a6) Importer(2089858483,b0f066a214c2f5e87bad3c948f4d605d)
Start importing Assets/3.UI/kenney_desert-shooter-pack_1.0/PNG/Weapons/Tiles/tile_0027.png using Guid(104a0ea34d519d4459169d734d9a63a6) Importer(2089858483,b0f066a214c2f5e87bad3c948f4d605d) (ScriptedImporter) -> (artifact id: '31b36926379b01c9f2af5659a8525469') in 0.0264263 seconds
Number of updated asset objects reloaded before import = 0Number of asset objects unloaded after import = 1

========================================================================
Received Import Request.
  Time since last request: 0.000016 seconds.
  path: Assets/3.UI/kenney_board-game-icons/PNG/Default (64px)/hexagon_out.png
  artifactKey: Guid(a8ae29933ed63354fa41f5252ceecc59) Importer(2089858483,b0f066a214c2f5e87bad3c948f4d605d)
Start importing Assets/3.UI/kenney_board-game-icons/PNG/Default (64px)/hexagon_out.png using Guid(a8ae29933ed63354fa41f5252ceecc59) Importer(2089858483,b0f066a214c2f5e87bad3c948f4d605d) (ScriptedImporter) -> (artifact id: '13ef9d02a1f40b1a2578c3b093a81923') in 0.0210229 seconds
Number of updated asset objects reloaded before import = 0Number of asset objects unloaded after import = 1

========================================================================
Received Import Request.
  Time since last request: 0.000016 seconds.
  path: Assets/3.UI/kenney_desert-shooter-pack_1.0/PNG/Tiles/Tiles/tile_0115.png
  artifactKey: Guid(31214ac29c3b883499617523579b6e7d) Importer(2089858483,b0f066a214c2f5e87bad3c948f4d605d)
Start importing Assets/3.UI/kenney_desert-shooter-pack_1.0/PNG/Tiles/Tiles/tile_0115.png using Guid(31214ac29c3b883499617523579b6e7d) Importer(2089858483,b0f066a214c2f5e87bad3c948f4d605d) (ScriptedImporter) -> (artifact id: 'b03371aca17998380479f8b4fa39169a') in 0.0213172 seconds
Number of updated asset objects reloaded before import = 0Number of asset objects unloaded after import = 1

========================================================================
Received Import Request.
  Time since last request: 0.000019 seconds.
  path: Assets/3.UI/kenney_board-game-icons/Vector/Icons/card_add.svg
  artifactKey: Guid(af1acc8f435628c4692c09feefe3cc95) Importer(2089858483,b0f066a214c2f5e87bad3c948f4d605d)
Start importing Assets/3.UI/kenney_board-game-icons/Vector/Icons/card_add.svg using Guid(af1acc8f435628c4692c09feefe3cc95) Importer(2089858483,b0f066a214c2f5e87bad3c948f4d605d) (ScriptedImporter) -> (artifact id: '5d361878b20a6060cb0d059cff5268ef') in 0.0242125 seconds
Number of updated asset objects reloaded before import = 0Number of asset objects unloaded after import = 1

========================================================================
Received Import Request.
  Time since last request: 0.000027 seconds.
  path: Assets/3.UI/kenney_board-game-icons/PNG/Default (64px)/timer_CCW_75.png
  artifactKey: Guid(84d1116bb358a834ca50f581c7c71ff5) Importer(2089858483,b0f066a214c2f5e87bad3c948f4d605d)
Start importing Assets/3.UI/kenney_board-game-icons/PNG/Default (64px)/timer_CCW_75.png using Guid(84d1116bb358a834ca50f581c7c71ff5) Importer(2089858483,b0f066a214c2f5e87bad3c948f4d605d) (ScriptedImporter) -> (artifact id: '22950d9f7533e3cf8b42aba2eca55a90') in 0.0244582 seconds
Number of updated asset objects reloaded before import = 0Number of asset objects unloaded after import = 1

========================================================================
Received Import Request.
  Time since last request: 0.000022 seconds.
  path: Assets/3.UI/kenney_board-game-icons/PNG/Double (128px)/arrow_cross_divided.png
  artifactKey: Guid(1fd64bd53a4cf394ebc4daccb2b1ab8c) Importer(2089858483,b0f066a214c2f5e87bad3c948f4d605d)
Start importing Assets/3.UI/kenney_board-game-icons/PNG/Double (128px)/arrow_cross_divided.png using Guid(1fd64bd53a4cf394ebc4daccb2b1ab8c) Importer(2089858483,b0f066a214c2f5e87bad3c948f4d605d) (ScriptedImporter) -> (artifact id: 'df8598444b39083bc5e015c586a7e628') in 0.0270229 seconds
Number of updated asset objects reloaded before import = 0Number of asset objects unloaded after import = 1

========================================================================
Received Import Request.
  Time since last request: 0.000037 seconds.
  path: Assets/3.UI/kenney_board-game-icons/PNG/Double (128px)/d3_outline_number.png
  artifactKey: Guid(65714b239e2bbe64cb162e54b0ba3229) Importer(2089858483,b0f066a214c2f5e87bad3c948f4d605d)
Start importing Assets/3.UI/kenney_board-game-icons/PNG/Double (128px)/d3_outline_number.png using Guid(65714b239e2bbe64cb162e54b0ba3229) Importer(2089858483,b0f066a214c2f5e87bad3c948f4d605d) (ScriptedImporter) -> (artifact id: 'abd6b381af40ab70e7f71a12fc1c9df0') in 0.0248826 seconds
Number of updated asset objects reloaded before import = 0Number of asset objects unloaded after import = 1

========================================================================
Received Import Request.
  Time since last request: 0.000021 seconds.
  path: Assets/3.UI/kenney_desert-shooter-pack_1.0/PNG/Enemies/Tiles/tile_0015.png
  artifactKey: Guid(82a7f70e54cd01248884c4a461a28d05) Importer(2089858483,b0f066a214c2f5e87bad3c948f4d605d)
Start importing Assets/3.UI/kenney_desert-shooter-pack_1.0/PNG/Enemies/Tiles/tile_0015.png using Guid(82a7f70e54cd01248884c4a461a28d05) Importer(2089858483,b0f066a214c2f5e87bad3c948f4d605d) (ScriptedImporter) -> (artifact id: '2bf9624a1253901d898c3961e45b06d2') in 0.0194166 seconds
Number of updated asset objects reloaded before import = 0Number of asset objects unloaded after import = 1

========================================================================
Received Import Request.
  Time since last request: 0.000039 seconds.
  path: Assets/3.UI/kenney_board-game-icons/PNG/Double (128px)/exploding_6.png
  artifactKey: Guid(4c295864951843049a02c5622853728b) Importer(2089858483,b0f066a214c2f5e87bad3c948f4d605d)
Start importing Assets/3.UI/kenney_board-game-icons/PNG/Double (128px)/exploding_6.png using Guid(4c295864951843049a02c5622853728b) Importer(2089858483,b0f066a214c2f5e87bad3c948f4d605d) (ScriptedImporter) -> (artifact id: 'dbf8df59b6e0e68b9ba724a5c6b067e0') in 0.0183181 seconds
Number of updated asset objects reloaded before import = 0Number of asset objects unloaded after import = 1

========================================================================
Received Import Request.
  Time since last request: 0.000018 seconds.
  path: Assets/3.UI/kenney_desert-shooter-pack_1.0/PNG/Enemies/Tiles
  artifactKey: Guid(90bcc7727f9f0da47a71aaa9cd05d754) Importer(2089858483,b0f066a214c2f5e87bad3c948f4d605d)
Start importing Assets/3.UI/kenney_desert-shooter-pack_1.0/PNG/Enemies/Tiles using Guid(90bcc7727f9f0da47a71aaa9cd05d754) Importer(2089858483,b0f066a214c2f5e87bad3c948f4d605d) (ScriptedImporter) -> (artifact id: 'a6c0a78834bc1f6f874193e0cfec63ee') in 0.01048 seconds
Number of updated asset objects reloaded before import = 0Number of asset objects unloaded after import = 1

========================================================================
Received Import Request.
  Time since last request: 0.000017 seconds.
  path: Assets/3.UI/kenney_board-game-icons/PNG/Default (64px)/campfire.png
  artifactKey: Guid(8f01d824d171c36439cb0fdd417511a2) Importer(2089858483,b0f066a214c2f5e87bad3c948f4d605d)
Start importing Assets/3.UI/kenney_board-game-icons/PNG/Default (64px)/campfire.png using Guid(8f01d824d171c36439cb0fdd417511a2) Importer(2089858483,b0f066a214c2f5e87bad3c948f4d605d) (ScriptedImporter) -> (artifact id: 'b6c3e032e2c955a5910f48f61b1069f5') in 0.0277386 seconds
Number of updated asset objects reloaded before import = 0Number of asset objects unloaded after import = 1

========================================================================
Received Import Request.
  Time since last request: 0.000020 seconds.
  path: Assets/3.UI/kenney_desert-shooter-pack_1.0/PNG/Tiles/Tiles/tile_0029.png
  artifactKey: Guid(eca604ed044a71a449015e6e00da98e5) Importer(2089858483,b0f066a214c2f5e87bad3c948f4d605d)
Start importing Assets/3.UI/kenney_desert-shooter-pack_1.0/PNG/Tiles/Tiles/tile_0029.png using Guid(eca604ed044a71a449015e6e00da98e5) Importer(2089858483,b0f066a214c2f5e87bad3c948f4d605d) (ScriptedImporter) -> (artifact id: '6df9fbf3f045a90032c708f8e5aba6f7') in 0.0254728 seconds
Number of updated asset objects reloaded before import = 0Number of asset objects unloaded after import = 1

========================================================================
Received Import Request.
  Time since last request: 0.000032 seconds.
  path: Assets/3.UI/kenney_cursor-pixel-pack/Tiles/tile_0086.png
  artifactKey: Guid(b6ee308d88595e14eace93804f6ff3de) Importer(2089858483,b0f066a214c2f5e87bad3c948f4d605d)
Start importing Assets/3.UI/kenney_cursor-pixel-pack/Tiles/tile_0086.png using Guid(b6ee308d88595e14eace93804f6ff3de) Importer(2089858483,b0f066a214c2f5e87bad3c948f4d605d) (ScriptedImporter) -> (artifact id: '588e36f38d8d1eba6a5881704657e679') in 0.0252228 seconds
Number of updated asset objects reloaded before import = 0Number of asset objects unloaded after import = 1

========================================================================
Received Import Request.
  Time since last request: 0.000016 seconds.
  path: Assets/3.UI/kenney_desert-shooter-pack_1.0/PNG/Interface/Tiles/tile_0174.png
  artifactKey: Guid(8e5dbde87da3acc47a4b0db929401032) Importer(2089858483,b0f066a214c2f5e87bad3c948f4d605d)
Start importing Assets/3.UI/kenney_desert-shooter-pack_1.0/PNG/Interface/Tiles/tile_0174.png using Guid(8e5dbde87da3acc47a4b0db929401032) Importer(2089858483,b0f066a214c2f5e87bad3c948f4d605d) (ScriptedImporter) -> (artifact id: '9e7865ca2dffcbdb0c9014cf8a9fb61c') in 0.020789 seconds
Number of updated asset objects reloaded before import = 0Number of asset objects unloaded after import = 1

========================================================================
Received Import Request.
  Time since last request: 0.000018 seconds.
  path: Assets/3.UI/kenney_desert-shooter-pack_1.0/PNG/Interface/Tiles/tile_0064.png
  artifactKey: Guid(39884ca88668c8c47be89972d90f9fb8) Importer(2089858483,b0f066a214c2f5e87bad3c948f4d605d)
Start importing Assets/3.UI/kenney_desert-shooter-pack_1.0/PNG/Interface/Tiles/tile_0064.png using Guid(39884ca88668c8c47be89972d90f9fb8) Importer(2089858483,b0f066a214c2f5e87bad3c948f4d605d) (ScriptedImporter) -> (artifact id: '1f84902371a3fc3057ed134f19de6170') in 0.0291823 seconds
Number of updated asset objects reloaded before import = 0Number of asset objects unloaded after import = 1

========================================================================
Received Import Request.
  Time since last request: 0.000021 seconds.
  path: Assets/3.UI/kenney_board-game-icons/PNG/Default (64px)/resource_iron.png
  artifactKey: Guid(0579d7ce1f06a4948b7ac25c99cbffb1) Importer(2089858483,b0f066a214c2f5e87bad3c948f4d605d)
Start importing Assets/3.UI/kenney_board-game-icons/PNG/Default (64px)/resource_iron.png using Guid(0579d7ce1f06a4948b7ac25c99cbffb1) Importer(2089858483,b0f066a214c2f5e87bad3c948f4d605d) (ScriptedImporter) -> (artifact id: 'd6383d5ed544a29e6c9584619eebef81') in 0.0191001 seconds
Number of updated asset objects reloaded before import = 0Number of asset objects unloaded after import = 1

========================================================================
Received Import Request.
  Time since last request: 0.000037 seconds.
  path: Assets/3.UI/kenney_desert-shooter-pack_1.0/Sounds/fall-b.ogg
  artifactKey: Guid(79b728b0a0ea7b1419f23b4c2229b7c4) Importer(2089858483,b0f066a214c2f5e87bad3c948f4d605d)
Start importing Assets/3.UI/kenney_desert-shooter-pack_1.0/Sounds/fall-b.ogg using Guid(79b728b0a0ea7b1419f23b4c2229b7c4) Importer(2089858483,b0f066a214c2f5e87bad3c948f4d605d) (ScriptedImporter) -> (artifact id: '914acbd341e8fa6d73abc2f8fe3396d3') in 0.0322967 seconds
Number of updated asset objects reloaded before import = 0Number of asset objects unloaded after import = 1

========================================================================
Received Import Request.
  Time since last request: 0.000033 seconds.
  path: Assets/3.UI/kenney_board-game-icons/Vector/Icons/sword.svg
  artifactKey: Guid(9e87a4ff01b1b394594f28759ac0ee93) Importer(2089858483,b0f066a214c2f5e87bad3c948f4d605d)
Start importing Assets/3.UI/kenney_board-game-icons/Vector/Icons/sword.svg using Guid(9e87a4ff01b1b394594f28759ac0ee93) Importer(2089858483,b0f066a214c2f5e87bad3c948f4d605d) (ScriptedImporter) -> (artifact id: '817f89345f63c9d50f711ad49961ea8b') in 0.0229552 seconds
Number of updated asset objects reloaded before import = 0Number of asset objects unloaded after import = 1

========================================================================
Received Import Request.
  Time since last request: 0.000017 seconds.
  path: Assets/3.UI/kenney_desert-shooter-pack_1.0/PNG/Interface/Tiles/tile_0085.png
  artifactKey: Guid(e4b9a34d9244a7840a0aee11d8f05802) Importer(2089858483,b0f066a214c2f5e87bad3c948f4d605d)
Start importing Assets/3.UI/kenney_desert-shooter-pack_1.0/PNG/Interface/Tiles/tile_0085.png using Guid(e4b9a34d9244a7840a0aee11d8f05802) Importer(2089858483,b0f066a214c2f5e87bad3c948f4d605d) (ScriptedImporter) -> (artifact id: '91b62290302998dd91e351a09f6540a1') in 0.0253687 seconds
Number of updated asset objects reloaded before import = 0Number of asset objects unloaded after import = 1

========================================================================
Received Import Request.
  Time since last request: 0.000037 seconds.
  path: Assets/3.UI/kenney_board-game-icons/PNG/Double (128px)/sword.png
  artifactKey: Guid(4e94b14b582a0274ca608bc27059e9b9) Importer(2089858483,b0f066a214c2f5e87bad3c948f4d605d)
Start importing Assets/3.UI/kenney_board-game-icons/PNG/Double (128px)/sword.png using Guid(4e94b14b582a0274ca608bc27059e9b9) Importer(2089858483,b0f066a214c2f5e87bad3c948f4d605d) (ScriptedImporter) -> (artifact id: '0be3c3bd42ef37e817f8446b07d41c5b') in 0.0284736 seconds
Number of updated asset objects reloaded before import = 0Number of asset objects unloaded after import = 1

========================================================================
Received Import Request.
  Time since last request: 0.000028 seconds.
  path: Assets/3.UI/kenney_desert-shooter-pack_1.0/PNG/Tiles
  artifactKey: Guid(3b8d2fe2116a8884785e80cb0f9f8b3b) Importer(2089858483,b0f066a214c2f5e87bad3c948f4d605d)
Start importing Assets/3.UI/kenney_desert-shooter-pack_1.0/PNG/Tiles using Guid(3b8d2fe2116a8884785e80cb0f9f8b3b) Importer(2089858483,b0f066a214c2f5e87bad3c948f4d605d) (ScriptedImporter) -> (artifact id: 'a06a5e5f6137bc959fa69cd7159d4461') in 0.0168386 seconds
Number of updated asset objects reloaded before import = 0Number of asset objects unloaded after import = 1

========================================================================
Received Import Request.
  Time since last request: 0.000023 seconds.
  path: Assets/3.UI/kenney_desert-shooter-pack_1.0/PNG/Tiles/Tiles/tile_0138.png
  artifactKey: Guid(3d3e772babc662d4491fa740b7baa8bd) Importer(2089858483,b0f066a214c2f5e87bad3c948f4d605d)
Start importing Assets/3.UI/kenney_desert-shooter-pack_1.0/PNG/Tiles/Tiles/tile_0138.png using Guid(3d3e772babc662d4491fa740b7baa8bd) Importer(2089858483,b0f066a214c2f5e87bad3c948f4d605d) (ScriptedImporter) -> (artifact id: '8459b06442f9d4f39d6df0339b7a4f0d') in 0.0241106 seconds
Number of updated asset objects reloaded before import = 0Number of asset objects unloaded after import = 1

========================================================================
Received Import Request.
  Time since last request: 0.000024 seconds.
  path: Assets/3.UI/kenney_board-game-icons/PNG/Default (64px)/rhombus_outline.png
  artifactKey: Guid(571772a5e91a42f4faf969c20f50dc5c) Importer(2089858483,b0f066a214c2f5e87bad3c948f4d605d)
Start importing Assets/3.UI/kenney_board-game-icons/PNG/Default (64px)/rhombus_outline.png using Guid(571772a5e91a42f4faf969c20f50dc5c) Importer(2089858483,b0f066a214c2f5e87bad3c948f4d605d) (ScriptedImporter) -> (artifact id: 'ee5f2d68c289d55fcba1d68c7f974a6c') in 0.0191827 seconds
Number of updated asset objects reloaded before import = 0Number of asset objects unloaded after import = 1

========================================================================
Received Import Request.
  Time since last request: 0.000019 seconds.
  path: Assets/3.UI/kenney_desert-shooter-pack_1.0/PNG/Interface/Tiles/tile_0104.png
  artifactKey: Guid(6adba0233c350304f8c3337a6b5e8838) Importer(2089858483,b0f066a214c2f5e87bad3c948f4d605d)
Start importing Assets/3.UI/kenney_desert-shooter-pack_1.0/PNG/Interface/Tiles/tile_0104.png using Guid(6adba0233c350304f8c3337a6b5e8838) Importer(2089858483,b0f066a214c2f5e87bad3c948f4d605d) (ScriptedImporter) -> (artifact id: '98cc10c7041297d13c8c2295de3a0af6') in 0.0194355 seconds
Number of updated asset objects reloaded before import = 0Number of asset objects unloaded after import = 1

========================================================================
Received Import Request.
  Time since last request: 0.000030 seconds.
  path: Assets/3.UI/kenney_cursor-pixel-pack/Tiles/tile_0019.png
  artifactKey: Guid(4da8e47b291d9da44a379ff21c7b8f3b) Importer(2089858483,b0f066a214c2f5e87bad3c948f4d605d)
Start importing Assets/3.UI/kenney_cursor-pixel-pack/Tiles/tile_0019.png using Guid(4da8e47b291d9da44a379ff21c7b8f3b) Importer(2089858483,b0f066a214c2f5e87bad3c948f4d605d) (ScriptedImporter) -> (artifact id: '6ce0acb8c608f05f36055cdaf073e274') in 0.0183928 seconds
Number of updated asset objects reloaded before import = 0Number of asset objects unloaded after import = 1

========================================================================
Received Import Request.
  Time since last request: 0.000166 seconds.
  path: Assets/3.UI/kenney_cursor-pixel-pack/Tiles/tile_0031.png
  artifactKey: Guid(6b8c62e34e5c4d74a8003748e96e6da9) Importer(2089858483,b0f066a214c2f5e87bad3c948f4d605d)
Start importing Assets/3.UI/kenney_cursor-pixel-pack/Tiles/tile_0031.png using Guid(6b8c62e34e5c4d74a8003748e96e6da9) Importer(2089858483,b0f066a214c2f5e87bad3c948f4d605d) (ScriptedImporter) -> (artifact id: '42654f96706f6f37bde21eeba8a1ee98') in 0.0199498 seconds
Number of updated asset objects reloaded before import = 0Number of asset objects unloaded after import = 1

========================================================================
Received Import Request.
  Time since last request: 0.000020 seconds.
  path: Assets/3.UI/kenney_desert-shooter-pack_1.0/PNG/Interface/Tiles/tile_0057.png
  artifactKey: Guid(f4d04fb2d066d854abf0e71744d3774e) Importer(2089858483,b0f066a214c2f5e87bad3c948f4d605d)
Start importing Assets/3.UI/kenney_desert-shooter-pack_1.0/PNG/Interface/Tiles/tile_0057.png using Guid(f4d04fb2d066d854abf0e71744d3774e) Importer(2089858483,b0f066a214c2f5e87bad3c948f4d605d) (ScriptedImporter) -> (artifact id: 'b48b7742357f94e50127b9a18f19f15a') in 0.0175814 seconds
Number of updated asset objects reloaded before import = 0Number of asset objects unloaded after import = 1

========================================================================
Received Import Request.
  Time since last request: 0.000024 seconds.
  path: Assets/3.UI/kenney_board-game-icons/Vector/Icons/arrow_right.svg
  artifactKey: Guid(fc4745e433819a343a3373e5b0488764) Importer(2089858483,b0f066a214c2f5e87bad3c948f4d605d)
Start importing Assets/3.UI/kenney_board-game-icons/Vector/Icons/arrow_right.svg using Guid(fc4745e433819a343a3373e5b0488764) Importer(2089858483,b0f066a214c2f5e87bad3c948f4d605d) (ScriptedImporter) -> (artifact id: 'b325ab0757cb70412aacdeb6cb9283e2') in 0.0159487 seconds
Number of updated asset objects reloaded before import = 0Number of asset objects unloaded after import = 1

========================================================================
Received Import Request.
  Time since last request: 0.000023 seconds.
  path: Assets/3.UI/kenney_board-game-icons/Vector/Icons/hand_cross.svg
  artifactKey: Guid(53072621bcf48fd44818d3dc5a62c6c4) Importer(2089858483,b0f066a214c2f5e87bad3c948f4d605d)
Start importing Assets/3.UI/kenney_board-game-icons/Vector/Icons/hand_cross.svg using Guid(53072621bcf48fd44818d3dc5a62c6c4) Importer(2089858483,b0f066a214c2f5e87bad3c948f4d605d) (ScriptedImporter) -> (artifact id: '17b8fd9048d9d88f4452b2bc06846670') in 0.0182807 seconds
Number of updated asset objects reloaded before import = 0Number of asset objects unloaded after import = 1

========================================================================
Received Import Request.
  Time since last request: 0.000032 seconds.
  path: Assets/3.UI/kenney_board-game-icons/PNG/Default (64px)/tag_shield_1.png
  artifactKey: Guid(f6e80306a0e46bf44a47769c2d91e56f) Importer(2089858483,b0f066a214c2f5e87bad3c948f4d605d)
Start importing Assets/3.UI/kenney_board-game-icons/PNG/Default (64px)/tag_shield_1.png using Guid(f6e80306a0e46bf44a47769c2d91e56f) Importer(2089858483,b0f066a214c2f5e87bad3c948f4d605d) (ScriptedImporter) -> (artifact id: '71ae60b6fcf5f57fb4d868637b964bdd') in 0.0233867 seconds
Number of updated asset objects reloaded before import = 0Number of asset objects unloaded after import = 1

========================================================================
Received Import Request.
  Time since last request: 0.000016 seconds.
  path: Assets/3.UI/kenney_board-game-icons/PNG/Double (128px)/card_down.png
  artifactKey: Guid(0e620c7a9b175c241bf34769ed859f12) Importer(2089858483,b0f066a214c2f5e87bad3c948f4d605d)
Start importing Assets/3.UI/kenney_board-game-icons/PNG/Double (128px)/card_down.png using Guid(0e620c7a9b175c241bf34769ed859f12) Importer(2089858483,b0f066a214c2f5e87bad3c948f4d605d) (ScriptedImporter) -> (artifact id: '8c46efeb50f8341663f29b1e73698d12') in 0.0250036 seconds
Number of updated asset objects reloaded before import = 0Number of asset objects unloaded after import = 1

========================================================================
Received Import Request.
  Time since last request: 0.000019 seconds.
  path: Assets/3.UI/kenney_cursor-pixel-pack/Tiles/tile_0076.png
  artifactKey: Guid(3657cda0830343e4185bc6f783414e64) Importer(2089858483,b0f066a214c2f5e87bad3c948f4d605d)
Start importing Assets/3.UI/kenney_cursor-pixel-pack/Tiles/tile_0076.png using Guid(3657cda0830343e4185bc6f783414e64) Importer(2089858483,b0f066a214c2f5e87bad3c948f4d605d) (ScriptedImporter) -> (artifact id: 'ff14015954120f3d782b67b6a3cadf27') in 0.0164652 seconds
Number of updated asset objects reloaded before import = 0Number of asset objects unloaded after import = 1

========================================================================
Received Import Request.
  Time since last request: 0.000037 seconds.
  path: Assets/3.UI/kenney_board-game-icons/PNG/Default (64px)/tag_10.png
  artifactKey: Guid(374275e38209dfb44bf3569fc09c14cb) Importer(2089858483,b0f066a214c2f5e87bad3c948f4d605d)
Start importing Assets/3.UI/kenney_board-game-icons/PNG/Default (64px)/tag_10.png using Guid(374275e38209dfb44bf3569fc09c14cb) Importer(2089858483,b0f066a214c2f5e87bad3c948f4d605d) (ScriptedImporter) -> (artifact id: '7e090862ac3b6f48e09b488aabd92a32') in 0.0256868 seconds
Number of updated asset objects reloaded before import = 0Number of asset objects unloaded after import = 1

========================================================================
Received Import Request.
  Time since last request: 0.000027 seconds.
  path: Assets/3.UI/kenney_board-game-icons/PNG/Default (64px)/tag_d6_check.png
  artifactKey: Guid(a1ab4f64692829b4abbe1ebe6da99c02) Importer(2089858483,b0f066a214c2f5e87bad3c948f4d605d)
Start importing Assets/3.UI/kenney_board-game-icons/PNG/Default (64px)/tag_d6_check.png using Guid(a1ab4f64692829b4abbe1ebe6da99c02) Importer(2089858483,b0f066a214c2f5e87bad3c948f4d605d) (ScriptedImporter) -> (artifact id: '93120bb6f7d7c5adbe1ed73a1e446243') in 0.0219058 seconds
Number of updated asset objects reloaded before import = 0Number of asset objects unloaded after import = 1

========================================================================
Received Import Request.
  Time since last request: 0.000016 seconds.
  path: Assets/3.UI/kenney_desert-shooter-pack_1.0/PNG/Interface/Tiles/tile_0195.png
  artifactKey: Guid(dea6e158d7a9f9a448c438cca80b78ee) Importer(2089858483,b0f066a214c2f5e87bad3c948f4d605d)
Start importing Assets/3.UI/kenney_desert-shooter-pack_1.0/PNG/Interface/Tiles/tile_0195.png using Guid(dea6e158d7a9f9a448c438cca80b78ee) Importer(2089858483,b0f066a214c2f5e87bad3c948f4d605d) (ScriptedImporter) -> (artifact id: '98e41791f6f2b44e55f76b1333c08932') in 0.0239117 seconds
Number of updated asset objects reloaded before import = 0Number of asset objects unloaded after import = 1

========================================================================
Received Import Request.
  Time since last request: 0.000017 seconds.
  path: Assets/3.UI/kenney_board-game-icons/PNG/Double (128px)/rhombus.png
  artifactKey: Guid(a27031c9e293e3a488fceb4e1b1855b6) Importer(2089858483,b0f066a214c2f5e87bad3c948f4d605d)
Start importing Assets/3.UI/kenney_board-game-icons/PNG/Double (128px)/rhombus.png using Guid(a27031c9e293e3a488fceb4e1b1855b6) Importer(2089858483,b0f066a214c2f5e87bad3c948f4d605d) (ScriptedImporter) -> (artifact id: '1d2082100ce3c52bb820e521975cb4a4') in 0.0199098 seconds
Number of updated asset objects reloaded before import = 0Number of asset objects unloaded after import = 1

========================================================================
Received Import Request.
  Time since last request: 0.000035 seconds.
  path: Assets/3.UI/kenney_board-game-icons/PNG/Default (64px)/tag_shield_3.png
  artifactKey: Guid(c2fb529a23b65d947814f1eb9b1f63a0) Importer(2089858483,b0f066a214c2f5e87bad3c948f4d605d)
Start importing Assets/3.UI/kenney_board-game-icons/PNG/Default (64px)/tag_shield_3.png using Guid(c2fb529a23b65d947814f1eb9b1f63a0) Importer(2089858483,b0f066a214c2f5e87bad3c948f4d605d) (ScriptedImporter) -> (artifact id: 'f5e836b88ed6447aca31d73fe3cbc2da') in 0.0213385 seconds
Number of updated asset objects reloaded before import = 0Number of asset objects unloaded after import = 1

========================================================================
Received Import Request.
  Time since last request: 0.000027 seconds.
  path: Assets/3.UI/kenney_board-game-icons/PNG/Default (64px)/card_target.png
  artifactKey: Guid(39ca6fd52a6613c4788901548c43b7b2) Importer(2089858483,b0f066a214c2f5e87bad3c948f4d605d)
Start importing Assets/3.UI/kenney_board-game-icons/PNG/Default (64px)/card_target.png using Guid(39ca6fd52a6613c4788901548c43b7b2) Importer(2089858483,b0f066a214c2f5e87bad3c948f4d605d) (ScriptedImporter) -> (artifact id: 'ca5960ca7a66dcc8b3de35429758d34f') in 0.0237815 seconds
Number of updated asset objects reloaded before import = 0Number of asset objects unloaded after import = 1

========================================================================
Received Import Request.
  Time since last request: 0.000017 seconds.
  path: Assets/3.UI/kenney_board-game-icons/Vector/Icons/pouch.svg
  artifactKey: Guid(16c9733c344e35143abde89f3ee2f448) Importer(2089858483,b0f066a214c2f5e87bad3c948f4d605d)
Start importing Assets/3.UI/kenney_board-game-icons/Vector/Icons/pouch.svg using Guid(16c9733c344e35143abde89f3ee2f448) Importer(2089858483,b0f066a214c2f5e87bad3c948f4d605d) (ScriptedImporter) -> (artifact id: 'd935c766f10e19c7b89d22eaa59b01c4') in 0.0207631 seconds
Number of updated asset objects reloaded before import = 0Number of asset objects unloaded after import = 1

========================================================================
Received Import Request.
  Time since last request: 0.000018 seconds.
  path: Assets/3.UI/kenney_board-game-icons/PNG/Default (64px)/resource_wheat.png
  artifactKey: Guid(9974c7bdee99f1845bb2a9ad30907bd8) Importer(2089858483,b0f066a214c2f5e87bad3c948f4d605d)
Start importing Assets/3.UI/kenney_board-game-icons/PNG/Default (64px)/resource_wheat.png using Guid(9974c7bdee99f1845bb2a9ad30907bd8) Importer(2089858483,b0f066a214c2f5e87bad3c948f4d605d) (ScriptedImporter) -> (artifact id: '39a4cad363032d8779db17f1dfb6a079') in 0.0198373 seconds
Number of updated asset objects reloaded before import = 0Number of asset objects unloaded after import = 1

========================================================================
Received Import Request.
  Time since last request: 0.000018 seconds.
  path: Assets/3.UI/kenney_board-game-icons/PNG/Default (64px)/pouch_add.png
  artifactKey: Guid(d6d4da166457bed4f9a7c21aad6e28ac) Importer(2089858483,b0f066a214c2f5e87bad3c948f4d605d)
Start importing Assets/3.UI/kenney_board-game-icons/PNG/Default (64px)/pouch_add.png using Guid(d6d4da166457bed4f9a7c21aad6e28ac) Importer(2089858483,b0f066a214c2f5e87bad3c948f4d605d) (ScriptedImporter) -> (artifact id: 'a34ee7456443cceb1e9caba9e5eb3337') in 0.0172234 seconds
Number of updated asset objects reloaded before import = 0Number of asset objects unloaded after import = 1

========================================================================
Received Import Request.
  Time since last request: 0.000050 seconds.
  path: Assets/3.UI/kenney_desert-shooter-pack_1.0/PNG/Interface/Tiles/tile_0111.png
  artifactKey: Guid(77a99560eae9b4f4088a9acd5962df6a) Importer(2089858483,b0f066a214c2f5e87bad3c948f4d605d)
Start importing Assets/3.UI/kenney_desert-shooter-pack_1.0/PNG/Interface/Tiles/tile_0111.png using Guid(77a99560eae9b4f4088a9acd5962df6a) Importer(2089858483,b0f066a214c2f5e87bad3c948f4d605d) (ScriptedImporter) -> (artifact id: '183d8eb00d59f1eab51502100ecdc21c') in 0.0638342 seconds
Number of updated asset objects reloaded before import = 0Number of asset objects unloaded after import = 1

========================================================================
Received Import Request.
  Time since last request: 0.000014 seconds.
  path: Assets/3.UI/kenney_board-game-icons/PNG/Double (128px)/tag_2.png
  artifactKey: Guid(a5d2475368467704b80a28d9899cc3bb) Importer(2089858483,b0f066a214c2f5e87bad3c948f4d605d)
Start importing Assets/3.UI/kenney_board-game-icons/PNG/Double (128px)/tag_2.png using Guid(a5d2475368467704b80a28d9899cc3bb) Importer(2089858483,b0f066a214c2f5e87bad3c948f4d605d) (ScriptedImporter) -> (artifact id: '5069c13e84c4ba141eb4e6b806986d70') in 0.020019 seconds
Number of updated asset objects reloaded before import = 0Number of asset objects unloaded after import = 1

========================================================================
Received Import Request.
  Time since last request: 0.000022 seconds.
  path: Assets/3.UI/kenney_board-game-icons/Vector/Icons/d4_outline_number.svg
  artifactKey: Guid(0f713f25494c5d04ebc2df117ad66cd6) Importer(2089858483,b0f066a214c2f5e87bad3c948f4d605d)
Start importing Assets/3.UI/kenney_board-game-icons/Vector/Icons/d4_outline_number.svg using Guid(0f713f25494c5d04ebc2df117ad66cd6) Importer(2089858483,b0f066a214c2f5e87bad3c948f4d605d) (ScriptedImporter) -> (artifact id: '6ac7472081f3e86d3b296da9728336b5') in 0.020223 seconds
Number of updated asset objects reloaded before import = 0Number of asset objects unloaded after import = 1

========================================================================
Received Import Request.
  Time since last request: 0.000137 seconds.
  path: Assets/3.UI/kenney_cursor-pixel-pack/Tiles/tile_0090.png
  artifactKey: Guid(34dd30a52e4b4db46b231ba2a417a3dd) Importer(2089858483,b0f066a214c2f5e87bad3c948f4d605d)
Start importing Assets/3.UI/kenney_cursor-pixel-pack/Tiles/tile_0090.png using Guid(34dd30a52e4b4db46b231ba2a417a3dd) Importer(2089858483,b0f066a214c2f5e87bad3c948f4d605d) (ScriptedImporter) -> (artifact id: '3a5f6ca548e9f507be2942647d1f44fb') in 0.0191612 seconds
Number of updated asset objects reloaded before import = 0Number of asset objects unloaded after import = 1

========================================================================
Received Import Request.
  Time since last request: 0.000038 seconds.
  path: Assets/3.UI/kenney_board-game-icons/PNG/Default (64px)/dice_3D.png
  artifactKey: Guid(bd6593c8d2bf12c478b53fb97dcda28f) Importer(2089858483,b0f066a214c2f5e87bad3c948f4d605d)
Start importing Assets/3.UI/kenney_board-game-icons/PNG/Default (64px)/dice_3D.png using Guid(bd6593c8d2bf12c478b53fb97dcda28f) Importer(2089858483,b0f066a214c2f5e87bad3c948f4d605d) (ScriptedImporter) -> (artifact id: '6daf9f03dbb55a3dcf045a97fe0f90f4') in 0.0235765 seconds
Number of updated asset objects reloaded before import = 0Number of asset objects unloaded after import = 1

========================================================================
Received Import Request.
  Time since last request: 0.000044 seconds.
  path: Assets/3.UI/kenney_desert-shooter-pack_1.0/PNG/Tiles/Tiles/tile_0144.png
  artifactKey: Guid(7e343fa83a42e5d429e5913329b745ce) Importer(2089858483,b0f066a214c2f5e87bad3c948f4d605d)
Start importing Assets/3.UI/kenney_desert-shooter-pack_1.0/PNG/Tiles/Tiles/tile_0144.png using Guid(7e343fa83a42e5d429e5913329b745ce) Importer(2089858483,b0f066a214c2f5e87bad3c948f4d605d) (ScriptedImporter) -> (artifact id: '9b05c02e8c7330eb4a361714a8093624') in 0.0226169 seconds
Number of updated asset objects reloaded before import = 0Number of asset objects unloaded after import = 1

========================================================================
Received Import Request.
  Time since last request: 0.000019 seconds.
  path: Assets/3.UI/kenney_desert-shooter-pack_1.0/Sounds/jump-c.ogg
  artifactKey: Guid(7ea151b1ea480bf45a788d11f2d2085b) Importer(2089858483,b0f066a214c2f5e87bad3c948f4d605d)
Start importing Assets/3.UI/kenney_desert-shooter-pack_1.0/Sounds/jump-c.ogg using Guid(7ea151b1ea480bf45a788d11f2d2085b) Importer(2089858483,b0f066a214c2f5e87bad3c948f4d605d) (ScriptedImporter) -> (artifact id: 'f076abce4e4f014d39f0d1a12c67dddf') in 0.0416375 seconds
Number of updated asset objects reloaded before import = 0Number of asset objects unloaded after import = 1

========================================================================
Received Import Request.
  Time since last request: 0.000027 seconds.
  path: Assets/3.UI/kenney_cursor-pixel-pack/Tiles/tile_0128.png
  artifactKey: Guid(d0c15f00ede05d647ba9d00d73bb74fd) Importer(2089858483,b0f066a214c2f5e87bad3c948f4d605d)
Start importing Assets/3.UI/kenney_cursor-pixel-pack/Tiles/tile_0128.png using Guid(d0c15f00ede05d647ba9d00d73bb74fd) Importer(2089858483,b0f066a214c2f5e87bad3c948f4d605d) (ScriptedImporter) -> (artifact id: '5490fd81c0c54cd01af07d9fe28f90b2') in 0.022286 seconds
Number of updated asset objects reloaded before import = 0Number of asset objects unloaded after import = 1

========================================================================
Received Import Request.
  Time since last request: 0.000026 seconds.
  path: Assets/3.UI/kenney_cursor-pixel-pack/Tiles/tile_0178.png
  artifactKey: Guid(7089faef326bda64e8b0ed1634f7a082) Importer(2089858483,b0f066a214c2f5e87bad3c948f4d605d)
Start importing Assets/3.UI/kenney_cursor-pixel-pack/Tiles/tile_0178.png using Guid(7089faef326bda64e8b0ed1634f7a082) Importer(2089858483,b0f066a214c2f5e87bad3c948f4d605d) (ScriptedImporter) -> (artifact id: 'b9df4c0305da7500bfac1ba8239f114d') in 0.0228465 seconds
Number of updated asset objects reloaded before import = 0Number of asset objects unloaded after import = 1

========================================================================
Received Import Request.
  Time since last request: 0.000019 seconds.
  path: Assets/3.UI/kenney_desert-shooter-pack_1.0/PNG/Interface/Tiles/tile_0097.png
  artifactKey: Guid(e50b5cb0135605346ae08268796270d9) Importer(2089858483,b0f066a214c2f5e87bad3c948f4d605d)
Start importing Assets/3.UI/kenney_desert-shooter-pack_1.0/PNG/Interface/Tiles/tile_0097.png using Guid(e50b5cb0135605346ae08268796270d9) Importer(2089858483,b0f066a214c2f5e87bad3c948f4d605d) (ScriptedImporter) -> (artifact id: '5059a8b8d1e5a9bdc9c5064797181c1c') in 0.0198366 seconds
Number of updated asset objects reloaded before import = 0Number of asset objects unloaded after import = 1

========================================================================
Received Import Request.
  Time since last request: 0.000017 seconds.
  path: Assets/3.UI/kenney_board-game-icons/PNG/Double (128px)/tag_4.png
  artifactKey: Guid(0c5be10e24860fb4fbc9cc32c7345d65) Importer(2089858483,b0f066a214c2f5e87bad3c948f4d605d)
Start importing Assets/3.UI/kenney_board-game-icons/PNG/Double (128px)/tag_4.png using Guid(0c5be10e24860fb4fbc9cc32c7345d65) Importer(2089858483,b0f066a214c2f5e87bad3c948f4d605d) (ScriptedImporter) -> (artifact id: 'be8ebb656a8e932c94145496ef299040') in 0.0197027 seconds
Number of updated asset objects reloaded before import = 0Number of asset objects unloaded after import = 1

========================================================================
Received Import Request.
  Time since last request: 0.000016 seconds.
  path: Assets/3.UI/kenney_board-game-icons/Vector/Icons/cards_return.svg
  artifactKey: Guid(2a5ff08b0d679ba4ba6a884de3c012c4) Importer(2089858483,b0f066a214c2f5e87bad3c948f4d605d)
Start importing Assets/3.UI/kenney_board-game-icons/Vector/Icons/cards_return.svg using Guid(2a5ff08b0d679ba4ba6a884de3c012c4) Importer(2089858483,b0f066a214c2f5e87bad3c948f4d605d) (ScriptedImporter) -> (artifact id: '82b13a13e1cb4caf7b98aa90acee3cbe') in 0.0213104 seconds
Number of updated asset objects reloaded before import = 0Number of asset objects unloaded after import = 1

========================================================================
Received Import Request.
  Time since last request: 0.000025 seconds.
  path: Assets/3.UI/kenney_board-game-icons/Vector/Icons/chess_pawn.svg
  artifactKey: Guid(c00cc9e9a1cb4744bb670148add18aa6) Importer(2089858483,b0f066a214c2f5e87bad3c948f4d605d)
Start importing Assets/3.UI/kenney_board-game-icons/Vector/Icons/chess_pawn.svg using Guid(c00cc9e9a1cb4744bb670148add18aa6) Importer(2089858483,b0f066a214c2f5e87bad3c948f4d605d) (ScriptedImporter) -> (artifact id: '45458ddfa7204684284df8c8f005a462') in 0.0240628 seconds
Number of updated asset objects reloaded before import = 0Number of asset objects unloaded after import = 1

========================================================================
Received Import Request.
  Time since last request: 0.000034 seconds.
  path: Assets/3.UI/kenney_board-game-icons/Vector/Icons/hexagon_in.svg
  artifactKey: Guid(d1cc5415ed6e22048999d9d450c15b05) Importer(2089858483,b0f066a214c2f5e87bad3c948f4d605d)
Start importing Assets/3.UI/kenney_board-game-icons/Vector/Icons/hexagon_in.svg using Guid(d1cc5415ed6e22048999d9d450c15b05) Importer(2089858483,b0f066a214c2f5e87bad3c948f4d605d) (ScriptedImporter) -> (artifact id: '776acf0f2dae4ab785df82aaeb1d756a') in 0.0216036 seconds
Number of updated asset objects reloaded before import = 0Number of asset objects unloaded after import = 1

========================================================================
Received Import Request.
  Time since last request: 0.000029 seconds.
  path: Assets/3.UI/kenney_board-game-icons/Vector/Icons/card_rotate.svg
  artifactKey: Guid(a902006b4daa8a54bad1a0e8e9e22bc6) Importer(2089858483,b0f066a214c2f5e87bad3c948f4d605d)
Start importing Assets/3.UI/kenney_board-game-icons/Vector/Icons/card_rotate.svg using Guid(a902006b4daa8a54bad1a0e8e9e22bc6) Importer(2089858483,b0f066a214c2f5e87bad3c948f4d605d) (ScriptedImporter) -> (artifact id: '3127304a743d226f271adec0e3aebc83') in 0.0224743 seconds
Number of updated asset objects reloaded before import = 0Number of asset objects unloaded after import = 1

========================================================================
Received Import Request.
  Time since last request: 0.000016 seconds.
  path: Assets/3.UI/kenney_desert-shooter-pack_1.0/PNG/Tiles/Tiles/tile_0050.png
  artifactKey: Guid(9b42110c33dcaff4ba2261f5eb068d56) Importer(2089858483,b0f066a214c2f5e87bad3c948f4d605d)
Start importing Assets/3.UI/kenney_desert-shooter-pack_1.0/PNG/Tiles/Tiles/tile_0050.png using Guid(9b42110c33dcaff4ba2261f5eb068d56) Importer(2089858483,b0f066a214c2f5e87bad3c948f4d605d) (ScriptedImporter) -> (artifact id: 'ee54a5683467691bdb72244582c0771f') in 0.0231808 seconds
Number of updated asset objects reloaded before import = 0Number of asset objects unloaded after import = 1

========================================================================
Received Import Request.
  Time since last request: 0.000022 seconds.
  path: Assets/3.UI/kenney_desert-shooter-pack_1.0/PNG/Weapons/Tiles/tile_0010.png
  artifactKey: Guid(8680679f8572b10459ca4f9c71023a7d) Importer(2089858483,b0f066a214c2f5e87bad3c948f4d605d)
Start importing Assets/3.UI/kenney_desert-shooter-pack_1.0/PNG/Weapons/Tiles/tile_0010.png using Guid(8680679f8572b10459ca4f9c71023a7d) Importer(2089858483,b0f066a214c2f5e87bad3c948f4d605d) (ScriptedImporter) -> (artifact id: '2d1653f69f89c42d375ba21e4dd7fd58') in 0.025542 seconds
Number of updated asset objects reloaded before import = 0Number of asset objects unloaded after import = 1

========================================================================
Received Import Request.
  Time since last request: 0.000037 seconds.
  path: Assets/3.UI/kenney_board-game-icons/PNG/Default (64px)/tag_shield_9.png
  artifactKey: Guid(4e6eb6da85ab38742a1de935977206bf) Importer(2089858483,b0f066a214c2f5e87bad3c948f4d605d)
Start importing Assets/3.UI/kenney_board-game-icons/PNG/Default (64px)/tag_shield_9.png using Guid(4e6eb6da85ab38742a1de935977206bf) Importer(2089858483,b0f066a214c2f5e87bad3c948f4d605d) (ScriptedImporter) -> (artifact id: 'dc2c1dae9003e1072b0bcc1c241ebf1e') in 0.0241999 seconds
Number of updated asset objects reloaded before import = 0Number of asset objects unloaded after import = 1

========================================================================
Received Import Request.
  Time since last request: 0.000021 seconds.
  path: Assets/3.UI/kenney_desert-shooter-pack_1.0/PNG/Interface/Tiles/tile_0067.png
  artifactKey: Guid(a117f391866fc8d4f9f5710357e8b884) Importer(2089858483,b0f066a214c2f5e87bad3c948f4d605d)
Start importing Assets/3.UI/kenney_desert-shooter-pack_1.0/PNG/Interface/Tiles/tile_0067.png using Guid(a117f391866fc8d4f9f5710357e8b884) Importer(2089858483,b0f066a214c2f5e87bad3c948f4d605d) (ScriptedImporter) -> (artifact id: 'c7c91c3f16bda5d9bd4e7ad97d8d62a7') in 0.0275796 seconds
Number of updated asset objects reloaded before import = 0Number of asset objects unloaded after import = 1

========================================================================
Received Import Request.
  Time since last request: 0.000022 seconds.
  path: Assets/3.UI/kenney_desert-shooter-pack_1.0/PNG/Tiles/Tiles/tile_0036.png
  artifactKey: Guid(8d11c81576686574094eef71ca834bbf) Importer(2089858483,b0f066a214c2f5e87bad3c948f4d605d)
Start importing Assets/3.UI/kenney_desert-shooter-pack_1.0/PNG/Tiles/Tiles/tile_0036.png using Guid(8d11c81576686574094eef71ca834bbf) Importer(2089858483,b0f066a214c2f5e87bad3c948f4d605d) (ScriptedImporter) -> (artifact id: '82c8e99b707b3bf74ea4e109effa17da') in 0.0254751 seconds
Number of updated asset objects reloaded before import = 0Number of asset objects unloaded after import = 1

========================================================================
Received Import Request.
  Time since last request: 0.000020 seconds.
  path: Assets/3.UI/kenney_desert-shooter-pack_1.0/PNG/Tiles/Tiles/tile_0088.png
  artifactKey: Guid(886ec57718003b547a3524a3e55fa8a5) Importer(2089858483,b0f066a214c2f5e87bad3c948f4d605d)
Start importing Assets/3.UI/kenney_desert-shooter-pack_1.0/PNG/Tiles/Tiles/tile_0088.png using Guid(886ec57718003b547a3524a3e55fa8a5) Importer(2089858483,b0f066a214c2f5e87bad3c948f4d605d) (ScriptedImporter) -> (artifact id: '2187d452aecb226177df0358f042ee31') in 0.022689 seconds
Number of updated asset objects reloaded before import = 0Number of asset objects unloaded after import = 1

========================================================================
Received Import Request.
  Time since last request: 0.000049 seconds.
  path: Assets/3.UI/kenney_desert-shooter-pack_1.0/PNG/Tiles/Tiles/tile_0188.png
  artifactKey: Guid(23a8495c6a0dd1540acc563bced40047) Importer(2089858483,b0f066a214c2f5e87bad3c948f4d605d)
Start importing Assets/3.UI/kenney_desert-shooter-pack_1.0/PNG/Tiles/Tiles/tile_0188.png using Guid(23a8495c6a0dd1540acc563bced40047) Importer(2089858483,b0f066a214c2f5e87bad3c948f4d605d) (ScriptedImporter) -> (artifact id: '7516f4c501ae14846abc465e812e3458') in 0.0228721 seconds
Number of updated asset objects reloaded before import = 0Number of asset objects unloaded after import = 1

========================================================================
Received Import Request.
  Time since last request: 0.000029 seconds.
  path: Assets/3.UI/kenney_board-game-icons/Vector/Icons/suit_spades.svg
  artifactKey: Guid(72953db5a080fc140b8f6cd309ab170f) Importer(2089858483,b0f066a214c2f5e87bad3c948f4d605d)
Start importing Assets/3.UI/kenney_board-game-icons/Vector/Icons/suit_spades.svg using Guid(72953db5a080fc140b8f6cd309ab170f) Importer(2089858483,b0f066a214c2f5e87bad3c948f4d605d) (ScriptedImporter) -> (artifact id: '4b6d34f92d2b3b07f22cf61681197844') in 0.0223314 seconds
Number of updated asset objects reloaded before import = 0Number of asset objects unloaded after import = 1

========================================================================
Received Import Request.
  Time since last request: 0.000027 seconds.
  path: Assets/3.UI/kenney_board-game-icons/Vector/overview.swf
  artifactKey: Guid(134edc9368216d84896cd9703bb34c69) Importer(2089858483,b0f066a214c2f5e87bad3c948f4d605d)
Start importing Assets/3.UI/kenney_board-game-icons/Vector/overview.swf using Guid(134edc9368216d84896cd9703bb34c69) Importer(2089858483,b0f066a214c2f5e87bad3c948f4d605d) (ScriptedImporter) -> (artifact id: 'a73dc4283e1ccccfb16b0ccb263e27ca') in 0.0144701 seconds
Number of updated asset objects reloaded before import = 0Number of asset objects unloaded after import = 1

========================================================================
Received Import Request.
  Time since last request: 0.000027 seconds.
  path: Assets/3.UI/kenney_board-game-icons/Vector/Icons/cards_seek_top.svg
  artifactKey: Guid(1c6ce011253cb554ba69cbece1de6fc2) Importer(2089858483,b0f066a214c2f5e87bad3c948f4d605d)
Start importing Assets/3.UI/kenney_board-game-icons/Vector/Icons/cards_seek_top.svg using Guid(1c6ce011253cb554ba69cbece1de6fc2) Importer(2089858483,b0f066a214c2f5e87bad3c948f4d605d) (ScriptedImporter) -> (artifact id: 'f70ac8cdbc3f69a38602395a6cc21c0d') in 0.0218047 seconds
Number of updated asset objects reloaded before import = 0Number of asset objects unloaded after import = 1

========================================================================
Received Import Request.
  Time since last request: 0.000139 seconds.
  path: Assets/3.UI/kenney_desert-shooter-pack_1.0/PNG/Players/Tiles/tile_0012.png
  artifactKey: Guid(b29608e7ca0a9bc4b98de562772a31df) Importer(2089858483,b0f066a214c2f5e87bad3c948f4d605d)
Start importing Assets/3.UI/kenney_desert-shooter-pack_1.0/PNG/Players/Tiles/tile_0012.png using Guid(b29608e7ca0a9bc4b98de562772a31df) Importer(2089858483,b0f066a214c2f5e87bad3c948f4d605d) (ScriptedImporter) -> (artifact id: 'ada100960985333cf07a0cee53eb2db0') in 0.0208123 seconds
Number of updated asset objects reloaded before import = 0Number of asset objects unloaded after import = 1

========================================================================
Received Import Request.
  Time since last request: 0.000099 seconds.
  path: Assets/3.UI/kenney_desert-shooter-pack_1.0/PNG/Interface/Tiles/tile_0160.png
  artifactKey: Guid(9ba6254e1d400c44f8dcee723b3f8a60) Importer(2089858483,b0f066a214c2f5e87bad3c948f4d605d)
Start importing Assets/3.UI/kenney_desert-shooter-pack_1.0/PNG/Interface/Tiles/tile_0160.png using Guid(9ba6254e1d400c44f8dcee723b3f8a60) Importer(2089858483,b0f066a214c2f5e87bad3c948f4d605d) (ScriptedImporter) -> (artifact id: 'a946d7abc6e0245c526c278423404159') in 0.0210449 seconds
Number of updated asset objects reloaded before import = 0Number of asset objects unloaded after import = 1

========================================================================
Received Import Request.
  Time since last request: 0.000027 seconds.
  path: Assets/3.UI/kenney_board-game-icons/Vector/Icons/tag_d6_6.svg
  artifactKey: Guid(e977771f959c17d498d40692b2126045) Importer(2089858483,b0f066a214c2f5e87bad3c948f4d605d)
Start importing Assets/3.UI/kenney_board-game-icons/Vector/Icons/tag_d6_6.svg using Guid(e977771f959c17d498d40692b2126045) Importer(2089858483,b0f066a214c2f5e87bad3c948f4d605d) (ScriptedImporter) -> (artifact id: '66c371a63b67c1fa919d94de0a8f6999') in 0.0153539 seconds
Number of updated asset objects reloaded before import = 0Number of asset objects unloaded after import = 1

========================================================================
Received Import Request.
  Time since last request: 0.000028 seconds.
  path: Assets/3.UI/kenney_board-game-icons/Vector/Icons/tag_shield_5.svg
  artifactKey: Guid(fedbe0ef8d486dc4986a5dc8e965ff7e) Importer(2089858483,b0f066a214c2f5e87bad3c948f4d605d)
Start importing Assets/3.UI/kenney_board-game-icons/Vector/Icons/tag_shield_5.svg using Guid(fedbe0ef8d486dc4986a5dc8e965ff7e) Importer(2089858483,b0f066a214c2f5e87bad3c948f4d605d) (ScriptedImporter) -> (artifact id: '244a461ab9fb07417a2c43ef7540c14e') in 0.0198685 seconds
Number of updated asset objects reloaded before import = 0Number of asset objects unloaded after import = 1

========================================================================
Received Import Request.
  Time since last request: 0.000041 seconds.
  path: Assets/3.UI/kenney_board-game-icons/Vector/Icons/hexagon_tile.svg
  artifactKey: Guid(08b42aa0685df7f46aa244ccf7b847a3) Importer(2089858483,b0f066a214c2f5e87bad3c948f4d605d)
Start importing Assets/3.UI/kenney_board-game-icons/Vector/Icons/hexagon_tile.svg using Guid(08b42aa0685df7f46aa244ccf7b847a3) Importer(2089858483,b0f066a214c2f5e87bad3c948f4d605d) (ScriptedImporter) -> (artifact id: '121cbfa40bc839f2a9bf4a056fb76bdb') in 0.0329121 seconds
Number of updated asset objects reloaded before import = 0Number of asset objects unloaded after import = 1

========================================================================
Received Import Request.
  Time since last request: 0.000018 seconds.
  path: Assets/3.UI/kenney_board-game-icons/Vector/Icons/spinner.svg
  artifactKey: Guid(c394fcb10e76f98479ee2ba851650306) Importer(2089858483,b0f066a214c2f5e87bad3c948f4d605d)
Start importing Assets/3.UI/kenney_board-game-icons/Vector/Icons/spinner.svg using Guid(c394fcb10e76f98479ee2ba851650306) Importer(2089858483,b0f066a214c2f5e87bad3c948f4d605d) (ScriptedImporter) -> (artifact id: 'e5e40dc5b974ef528fbb62349a21b6bb') in 0.0179164 seconds
Number of updated asset objects reloaded before import = 0Number of asset objects unloaded after import = 1

========================================================================
Received Import Request.
  Time since last request: 0.000050 seconds.
  path: Assets/3.UI/kenney_cursor-pixel-pack/Tiles/tile_0066.png
  artifactKey: Guid(8305c1615f00eb7498b144da56f067fd) Importer(2089858483,b0f066a214c2f5e87bad3c948f4d605d)
Start importing Assets/3.UI/kenney_cursor-pixel-pack/Tiles/tile_0066.png using Guid(8305c1615f00eb7498b144da56f067fd) Importer(2089858483,b0f066a214c2f5e87bad3c948f4d605d) (ScriptedImporter) -> (artifact id: '88d218413c96006e89db6f496685a475') in 0.0178445 seconds
Number of updated asset objects reloaded before import = 0Number of asset objects unloaded after import = 1

========================================================================
Received Import Request.
  Time since last request: 0.000036 seconds.
  path: Assets/3.UI/kenney_desert-shooter-pack_1.0/PNG/Tiles/Tiles/tile_0233.png
  artifactKey: Guid(a6c0b6549c40b5b438229c955b3296bd) Importer(2089858483,b0f066a214c2f5e87bad3c948f4d605d)
Start importing Assets/3.UI/kenney_desert-shooter-pack_1.0/PNG/Tiles/Tiles/tile_0233.png using Guid(a6c0b6549c40b5b438229c955b3296bd) Importer(2089858483,b0f066a214c2f5e87bad3c948f4d605d) (ScriptedImporter) -> (artifact id: '4b3ccdb8c15156378f172863055e2985') in 0.018231 seconds
Number of updated asset objects reloaded before import = 0Number of asset objects unloaded after import = 1

========================================================================
Received Import Request.
  Time since last request: 0.000038 seconds.
  path: Assets/3.UI/kenney_board-game-icons/PNG/Double (128px)/card_outline_lift.png
  artifactKey: Guid(1f4ee83ad71521c48b79d8f6cc2bbbcc) Importer(2089858483,b0f066a214c2f5e87bad3c948f4d605d)
Start importing Assets/3.UI/kenney_board-game-icons/PNG/Double (128px)/card_outline_lift.png using Guid(1f4ee83ad71521c48b79d8f6cc2bbbcc) Importer(2089858483,b0f066a214c2f5e87bad3c948f4d605d) (ScriptedImporter) -> (artifact id: 'd6cee97657c5a1b1250c7c443a24381b') in 0.0270476 seconds
Number of updated asset objects reloaded before import = 0Number of asset objects unloaded after import = 1

========================================================================
Received Import Request.
  Time since last request: 0.000028 seconds.
  path: Assets/3.UI/kenney_desert-shooter-pack_1.0/PNG/Tiles/Tiles/tile_0020.png
  artifactKey: Guid(ec14ec85fead6fa44a5160555b208568) Importer(2089858483,b0f066a214c2f5e87bad3c948f4d605d)
Start importing Assets/3.UI/kenney_desert-shooter-pack_1.0/PNG/Tiles/Tiles/tile_0020.png using Guid(ec14ec85fead6fa44a5160555b208568) Importer(2089858483,b0f066a214c2f5e87bad3c948f4d605d) (ScriptedImporter) -> (artifact id: '14612b98e64b627afa73903a6d3a5a1b') in 0.0162844 seconds
Number of updated asset objects reloaded before import = 0Number of asset objects unloaded after import = 1

========================================================================
Received Import Request.
  Time since last request: 0.000104 seconds.
  path: Assets/3.UI/kenney_board-game-icons/PNG/Double (128px)/flip_full.png
  artifactKey: Guid(fae86aaff77b4524c91740c8f5010f97) Importer(2089858483,b0f066a214c2f5e87bad3c948f4d605d)
Start importing Assets/3.UI/kenney_board-game-icons/PNG/Double (128px)/flip_full.png using Guid(fae86aaff77b4524c91740c8f5010f97) Importer(2089858483,b0f066a214c2f5e87bad3c948f4d605d) (ScriptedImporter) -> (artifact id: '65f7e4d48206850eeff66e3187e7ff1c') in 0.0157012 seconds
Number of updated asset objects reloaded before import = 0Number of asset objects unloaded after import = 1

========================================================================
Received Import Request.
  Time since last request: 0.000025 seconds.
  path: Assets/3.UI/kenney_board-game-icons/PNG/Double (128px)/pawn_reverse.png
  artifactKey: Guid(4c003500f78cffa4097bebb6870904c7) Importer(2089858483,b0f066a214c2f5e87bad3c948f4d605d)
Start importing Assets/3.UI/kenney_board-game-icons/PNG/Double (128px)/pawn_reverse.png using Guid(4c003500f78cffa4097bebb6870904c7) Importer(2089858483,b0f066a214c2f5e87bad3c948f4d605d) (ScriptedImporter) -> (artifact id: '4aefe90d821c8ae1dd309b96797d6293') in 0.019732 seconds
Number of updated asset objects reloaded before import = 0Number of asset objects unloaded after import = 1

========================================================================
Received Import Request.
  Time since last request: 0.000029 seconds.
  path: Assets/3.UI/kenney_cursor-pixel-pack/Tiles/tile_0044.png
  artifactKey: Guid(5517913fd96f4d94c91e6d7a8c12e2b7) Importer(2089858483,b0f066a214c2f5e87bad3c948f4d605d)
Start importing Assets/3.UI/kenney_cursor-pixel-pack/Tiles/tile_0044.png using Guid(5517913fd96f4d94c91e6d7a8c12e2b7) Importer(2089858483,b0f066a214c2f5e87bad3c948f4d605d) (ScriptedImporter) -> (artifact id: '274033ef4a764bfc499a3bf84c67d99e') in 0.0163395 seconds
Number of updated asset objects reloaded before import = 0Number of asset objects unloaded after import = 1

========================================================================
Received Import Request.
  Time since last request: 0.000050 seconds.
  path: Assets/3.UI/kenney_board-game-icons/Vector/Icons/tag_d6_4.svg
  artifactKey: Guid(b39c25045e10d4b45a572194b31e7618) Importer(2089858483,b0f066a214c2f5e87bad3c948f4d605d)
Start importing Assets/3.UI/kenney_board-game-icons/Vector/Icons/tag_d6_4.svg using Guid(b39c25045e10d4b45a572194b31e7618) Importer(2089858483,b0f066a214c2f5e87bad3c948f4d605d) (ScriptedImporter) -> (artifact id: 'ac59fab95301ab4aa4a5a6c4dd1674f5') in 0.0173283 seconds
Number of updated asset objects reloaded before import = 0Number of asset objects unloaded after import = 1

========================================================================
Received Import Request.
  Time since last request: 0.000071 seconds.
  path: Assets/3.UI/kenney_board-game-icons/Vector/Icons/hand.svg
  artifactKey: Guid(042609ff83a53d241bea0db9bd444805) Importer(2089858483,b0f066a214c2f5e87bad3c948f4d605d)
Start importing Assets/3.UI/kenney_board-game-icons/Vector/Icons/hand.svg using Guid(042609ff83a53d241bea0db9bd444805) Importer(2089858483,b0f066a214c2f5e87bad3c948f4d605d) (ScriptedImporter) -> (artifact id: '3054ffcef0d6ea564cf60b7ca63d2c0e') in 0.0182378 seconds
Number of updated asset objects reloaded before import = 0Number of asset objects unloaded after import = 1

========================================================================
Received Import Request.
  Time since last request: 0.000020 seconds.
  path: Assets/3.UI/kenney_desert-shooter-pack_1.0/Sounds/shoot-b.ogg
  artifactKey: Guid(b48b2bfdc05d0d24f928fb8319998661) Importer(2089858483,b0f066a214c2f5e87bad3c948f4d605d)
Start importing Assets/3.UI/kenney_desert-shooter-pack_1.0/Sounds/shoot-b.ogg using Guid(b48b2bfdc05d0d24f928fb8319998661) Importer(2089858483,b0f066a214c2f5e87bad3c948f4d605d) (ScriptedImporter) -> (artifact id: 'fc76769581d1e193f43cc1eedc31f58e') in 0.0236546 seconds
Number of updated asset objects reloaded before import = 0Number of asset objects unloaded after import = 1

========================================================================
Received Import Request.
  Time since last request: 0.000033 seconds.
  path: Assets/3.UI/kenney_desert-shooter-pack_1.0/PNG/Tiles/Tiles/tile_0068.png
  artifactKey: Guid(fef9963ef07b46940b31fc753db0b531) Importer(2089858483,b0f066a214c2f5e87bad3c948f4d605d)
Start importing Assets/3.UI/kenney_desert-shooter-pack_1.0/PNG/Tiles/Tiles/tile_0068.png using Guid(fef9963ef07b46940b31fc753db0b531) Importer(2089858483,b0f066a214c2f5e87bad3c948f4d605d) (ScriptedImporter) -> (artifact id: 'd4b68699da842e72e0f8c9578b2fdd1a') in 0.0194119 seconds
Number of updated asset objects reloaded before import = 0Number of asset objects unloaded after import = 1

========================================================================
Received Import Request.
  Time since last request: 0.000029 seconds.
  path: Assets/3.UI/kenney_board-game-icons/PNG/Double (128px)/dice_close.png
  artifactKey: Guid(41431a8d2aae73c41a7fc052630066dc) Importer(2089858483,b0f066a214c2f5e87bad3c948f4d605d)
Start importing Assets/3.UI/kenney_board-game-icons/PNG/Double (128px)/dice_close.png using Guid(41431a8d2aae73c41a7fc052630066dc) Importer(2089858483,b0f066a214c2f5e87bad3c948f4d605d) (ScriptedImporter) -> (artifact id: '6a6f81f4b3f0a307b6fdfc6622cb1321') in 0.0163813 seconds
Number of updated asset objects reloaded before import = 0Number of asset objects unloaded after import = 1

========================================================================
Received Import Request.
  Time since last request: 0.000028 seconds.
  path: Assets/3.UI/kenney_desert-shooter-pack_1.0/PNG/Tiles/Tiles/tile_0013.png
  artifactKey: Guid(7ee2aebafbff2f74284ac2dbfd637ec6) Importer(2089858483,b0f066a214c2f5e87bad3c948f4d605d)
Start importing Assets/3.UI/kenney_desert-shooter-pack_1.0/PNG/Tiles/Tiles/tile_0013.png using Guid(7ee2aebafbff2f74284ac2dbfd637ec6) Importer(2089858483,b0f066a214c2f5e87bad3c948f4d605d) (ScriptedImporter) -> (artifact id: '0926bb741ba1319acb738ac03c75bdc8') in 0.0218476 seconds
Number of updated asset objects reloaded before import = 0Number of asset objects unloaded after import = 1

========================================================================
Received Import Request.
  Time since last request: 0.000017 seconds.
  path: Assets/3.UI/kenney_desert-shooter-pack_1.0/PNG/Interface/Tiles/tile_0162.png
  artifactKey: Guid(a5c8b3e06051934429f6c69db75ba55f) Importer(2089858483,b0f066a214c2f5e87bad3c948f4d605d)
Start importing Assets/3.UI/kenney_desert-shooter-pack_1.0/PNG/Interface/Tiles/tile_0162.png using Guid(a5c8b3e06051934429f6c69db75ba55f) Importer(2089858483,b0f066a214c2f5e87bad3c948f4d605d) (ScriptedImporter) -> (artifact id: 'c138bb1d7ee31322600b213c767086ae') in 0.0189525 seconds
Number of updated asset objects reloaded before import = 0Number of asset objects unloaded after import = 1

========================================================================
Received Import Request.
  Time since last request: 0.000028 seconds.
  path: Assets/3.UI/kenney_desert-shooter-pack_1.0/PNG/Interface/Tiles/tile_0155.png
  artifactKey: Guid(7fa33e9f98404ee4080b2282e87bb41c) Importer(2089858483,b0f066a214c2f5e87bad3c948f4d605d)
Start importing Assets/3.UI/kenney_desert-shooter-pack_1.0/PNG/Interface/Tiles/tile_0155.png using Guid(7fa33e9f98404ee4080b2282e87bb41c) Importer(2089858483,b0f066a214c2f5e87bad3c948f4d605d) (ScriptedImporter) -> (artifact id: 'a7ac197b72476307e33fa479fb429ec6') in 0.0205107 seconds
Number of updated asset objects reloaded before import = 0Number of asset objects unloaded after import = 1

========================================================================
Received Import Request.
  Time since last request: 0.000029 seconds.
  path: Assets/3.UI/kenney_board-game-icons/PNG/Double (128px)/timer_CCW_50.png
  artifactKey: Guid(3af161e7620f1af4b8fc9c84e2a207f6) Importer(2089858483,b0f066a214c2f5e87bad3c948f4d605d)
Start importing Assets/3.UI/kenney_board-game-icons/PNG/Double (128px)/timer_CCW_50.png using Guid(3af161e7620f1af4b8fc9c84e2a207f6) Importer(2089858483,b0f066a214c2f5e87bad3c948f4d605d) (ScriptedImporter) -> (artifact id: '009d73a45903265e1f9b913b08953ebb') in 0.0209981 seconds
Number of updated asset objects reloaded before import = 0Number of asset objects unloaded after import = 1

========================================================================
Received Import Request.
  Time since last request: 0.000025 seconds.
  path: Assets/3.UI/kenney_board-game-icons/PNG/Default (64px)/arrow_right_curve.png
  artifactKey: Guid(09418872cdb89ec49943db09ddb4fa08) Importer(2089858483,b0f066a214c2f5e87bad3c948f4d605d)
Start importing Assets/3.UI/kenney_board-game-icons/PNG/Default (64px)/arrow_right_curve.png using Guid(09418872cdb89ec49943db09ddb4fa08) Importer(2089858483,b0f066a214c2f5e87bad3c948f4d605d) (ScriptedImporter) -> (artifact id: '8b644721335427680f3aa2ad0cc163a2') in 0.020356 seconds
Number of updated asset objects reloaded before import = 0Number of asset objects unloaded after import = 1

========================================================================
Received Import Request.
  Time since last request: 0.000040 seconds.
  path: Assets/3.UI/kenney_board-game-icons/PNG/Default (64px)/rhombus_question.png
  artifactKey: Guid(5d3f1c78e5350ab40a7dacbf5245ae41) Importer(2089858483,b0f066a214c2f5e87bad3c948f4d605d)
Start importing Assets/3.UI/kenney_board-game-icons/PNG/Default (64px)/rhombus_question.png using Guid(5d3f1c78e5350ab40a7dacbf5245ae41) Importer(2089858483,b0f066a214c2f5e87bad3c948f4d605d) (ScriptedImporter) -> (artifact id: 'c6d78f8b769f9c86482221a9071c0854') in 0.020288 seconds
Number of updated asset objects reloaded before import = 0Number of asset objects unloaded after import = 1

========================================================================
Received Import Request.
  Time since last request: 0.000026 seconds.
  path: Assets/3.UI/kenney_board-game-icons/Vector/Icons/token_out.svg
  artifactKey: Guid(b24c9f66b2b51ff458f0c3330222643f) Importer(2089858483,b0f066a214c2f5e87bad3c948f4d605d)
Start importing Assets/3.UI/kenney_board-game-icons/Vector/Icons/token_out.svg using Guid(b24c9f66b2b51ff458f0c3330222643f) Importer(2089858483,b0f066a214c2f5e87bad3c948f4d605d) (ScriptedImporter) -> (artifact id: 'f1d518ff8c84a2429993d047fc658878') in 0.0163997 seconds
Number of updated asset objects reloaded before import = 0Number of asset objects unloaded after import = 1

========================================================================
Received Import Request.
  Time since last request: 0.000044 seconds.
  path: Assets/3.UI/kenney_board-game-icons/PNG/Default (64px)/card_lift.png
  artifactKey: Guid(2fda149db8a8ecc48a07dbd9d2110aa3) Importer(2089858483,b0f066a214c2f5e87bad3c948f4d605d)
Start importing Assets/3.UI/kenney_board-game-icons/PNG/Default (64px)/card_lift.png using Guid(2fda149db8a8ecc48a07dbd9d2110aa3) Importer(2089858483,b0f066a214c2f5e87bad3c948f4d605d) (ScriptedImporter) -> (artifact id: 'ed088933c8f9ed920a20434dce72f669') in 0.0262091 seconds
Number of updated asset objects reloaded before import = 0Number of asset objects unloaded after import = 1

========================================================================
Received Import Request.
  Time since last request: 0.000025 seconds.
  path: Assets/3.UI/kenney_board-game-icons/Vector/Icons
  artifactKey: Guid(ab041cab04fc0994da0020256f8fd808) Importer(2089858483,b0f066a214c2f5e87bad3c948f4d605d)
Start importing Assets/3.UI/kenney_board-game-icons/Vector/Icons using Guid(ab041cab04fc0994da0020256f8fd808) Importer(2089858483,b0f066a214c2f5e87bad3c948f4d605d) (ScriptedImporter) -> (artifact id: '6b87fe7e6cb4809ecf943f3ab00850f2') in 0.0158585 seconds
Number of updated asset objects reloaded before import = 0Number of asset objects unloaded after import = 1

========================================================================
Received Import Request.
  Time since last request: 0.000018 seconds.
  path: Assets/3.UI/kenney_board-game-icons/PNG/Double (128px)/token_out.png
  artifactKey: Guid(20928379f41177b45b7bfd1f2adddf93) Importer(2089858483,b0f066a214c2f5e87bad3c948f4d605d)
Start importing Assets/3.UI/kenney_board-game-icons/PNG/Double (128px)/token_out.png using Guid(20928379f41177b45b7bfd1f2adddf93) Importer(2089858483,b0f066a214c2f5e87bad3c948f4d605d) (ScriptedImporter) -> (artifact id: '943c03d92c3cd39f5f58724ed2b8d401') in 0.0247786 seconds
Number of updated asset objects reloaded before import = 0Number of asset objects unloaded after import = 1

========================================================================
Received Import Request.
  Time since last request: 0.000022 seconds.
  path: Assets/3.UI/kenney_board-game-icons/Vector/Icons/suit_diamonds.svg
  artifactKey: Guid(acf7fcad6de47d0499d66ec0b89affea) Importer(2089858483,b0f066a214c2f5e87bad3c948f4d605d)
Start importing Assets/3.UI/kenney_board-game-icons/Vector/Icons/suit_diamonds.svg using Guid(acf7fcad6de47d0499d66ec0b89affea) Importer(2089858483,b0f066a214c2f5e87bad3c948f4d605d) (ScriptedImporter) -> (artifact id: '9a111781eb19329119cd0bbf5f552a51') in 0.0207006 seconds
Number of updated asset objects reloaded before import = 0Number of asset objects unloaded after import = 1

========================================================================
Received Import Request.
  Time since last request: 0.000045 seconds.
  path: Assets/3.UI/kenney_board-game-icons/Vector/Icons/card_tap_outline_down.svg
  artifactKey: Guid(fa5df0e142b08704281de53ebc9dc8d9) Importer(2089858483,b0f066a214c2f5e87bad3c948f4d605d)
Start importing Assets/3.UI/kenney_board-game-icons/Vector/Icons/card_tap_outline_down.svg using Guid(fa5df0e142b08704281de53ebc9dc8d9) Importer(2089858483,b0f066a214c2f5e87bad3c948f4d605d) (ScriptedImporter) -> (artifact id: '9dcc7a9171908feb9e11fed131689d97') in 0.0215913 seconds
Number of updated asset objects reloaded before import = 0Number of asset objects unloaded after import = 1

========================================================================
Received Import Request.
  Time since last request: 0.000028 seconds.
  path: Assets/3.UI/kenney_desert-shooter-pack_1.0/Sounds/hurt-a.ogg
  artifactKey: Guid(c7d304ad0deb0c648a9db5ddf34f018f) Importer(2089858483,b0f066a214c2f5e87bad3c948f4d605d)
Start importing Assets/3.UI/kenney_desert-shooter-pack_1.0/Sounds/hurt-a.ogg using Guid(c7d304ad0deb0c648a9db5ddf34f018f) Importer(2089858483,b0f066a214c2f5e87bad3c948f4d605d) (ScriptedImporter) -> (artifact id: '4c991c4b4fac12cde347ea6a8269a66b') in 0.0371382 seconds
Number of updated asset objects reloaded before import = 0Number of asset objects unloaded after import = 1

========================================================================
Received Import Request.
  Time since last request: 0.000024 seconds.
  path: Assets/3.UI/kenney_board-game-icons/PNG/Double (128px)/timer_CW_75.png
  artifactKey: Guid(1fc4c854d38515f43b3603b945ff7880) Importer(2089858483,b0f066a214c2f5e87bad3c948f4d605d)
Start importing Assets/3.UI/kenney_board-game-icons/PNG/Double (128px)/timer_CW_75.png using Guid(1fc4c854d38515f43b3603b945ff7880) Importer(2089858483,b0f066a214c2f5e87bad3c948f4d605d) (ScriptedImporter) -> (artifact id: '6a0042d02d8d3d473438404f245e61ee') in 0.0200234 seconds
Number of updated asset objects reloaded before import = 0Number of asset objects unloaded after import = 1

========================================================================
Received Import Request.
  Time since last request: 0.000052 seconds.
  path: Assets/3.UI/kenney_desert-shooter-pack_1.0/PNG/Tiles/Tiles/tile_0093.png
  artifactKey: Guid(92774376673711e42b8747b23105dafa) Importer(2089858483,b0f066a214c2f5e87bad3c948f4d605d)
Start importing Assets/3.UI/kenney_desert-shooter-pack_1.0/PNG/Tiles/Tiles/tile_0093.png using Guid(92774376673711e42b8747b23105dafa) Importer(2089858483,b0f066a214c2f5e87bad3c948f4d605d) (ScriptedImporter) -> (artifact id: 'e894ccf810959c36aceeed00d70b7f5c') in 0.0224431 seconds
Number of updated asset objects reloaded before import = 0Number of asset objects unloaded after import = 1

========================================================================
Received Import Request.
  Time since last request: 0.000036 seconds.
  path: Assets/3.UI/kenney_board-game-icons/Vector/Icons/timer_CCW_25.svg
  artifactKey: Guid(e77d7af75cb0171499a9d0d984ee135b) Importer(2089858483,b0f066a214c2f5e87bad3c948f4d605d)
Start importing Assets/3.UI/kenney_board-game-icons/Vector/Icons/timer_CCW_25.svg using Guid(e77d7af75cb0171499a9d0d984ee135b) Importer(2089858483,b0f066a214c2f5e87bad3c948f4d605d) (ScriptedImporter) -> (artifact id: 'c9ada77f9903e3faf80a62c8c990e6d7') in 0.015536 seconds
Number of updated asset objects reloaded before import = 0Number of asset objects unloaded after import = 1

========================================================================
Received Import Request.
  Time since last request: 0.000019 seconds.
  path: Assets/3.UI/kenney_board-game-icons/Visit Patreon.url
  artifactKey: Guid(ea2d3c5f20396b446887ab23cfacaa68) Importer(2089858483,b0f066a214c2f5e87bad3c948f4d605d)
Start importing Assets/3.UI/kenney_board-game-icons/Visit Patreon.url using Guid(ea2d3c5f20396b446887ab23cfacaa68) Importer(2089858483,b0f066a214c2f5e87bad3c948f4d605d) (ScriptedImporter) -> (artifact id: '447d61c99a00c9fca9994686d8b3b288') in 0.012032 seconds
Number of updated asset objects reloaded before import = 0Number of asset objects unloaded after import = 1

========================================================================
Received Import Request.
  Time since last request: 0.000023 seconds.
  path: Assets/3.UI/kenney_cursor-pixel-pack/Tiles/tile_0138.png
  artifactKey: Guid(1ca0b2ef74916604f9f14fe559664c1a) Importer(2089858483,b0f066a214c2f5e87bad3c948f4d605d)
Start importing Assets/3.UI/kenney_cursor-pixel-pack/Tiles/tile_0138.png using Guid(1ca0b2ef74916604f9f14fe559664c1a) Importer(2089858483,b0f066a214c2f5e87bad3c948f4d605d) (ScriptedImporter) -> (artifact id: 'a8abdcf415e39b77003ad1302cf7463c') in 0.0176586 seconds
Number of updated asset objects reloaded before import = 0Number of asset objects unloaded after import = 1

========================================================================
Received Import Request.
  Time since last request: 0.000030 seconds.
  path: Assets/3.UI/kenney_desert-shooter-pack_1.0/PNG/Tiles/Tiles/tile_0109.png
  artifactKey: Guid(c42187e78072b0b4ea3ed29f4e5d4a1e) Importer(2089858483,b0f066a214c2f5e87bad3c948f4d605d)
Start importing Assets/3.UI/kenney_desert-shooter-pack_1.0/PNG/Tiles/Tiles/tile_0109.png using Guid(c42187e78072b0b4ea3ed29f4e5d4a1e) Importer(2089858483,b0f066a214c2f5e87bad3c948f4d605d) (ScriptedImporter) -> (artifact id: '007df590fa8adf4822ad13537da3f73b') in 0.01972 seconds
Number of updated asset objects reloaded before import = 0Number of asset objects unloaded after import = 1

========================================================================
Received Import Request.
  Time since last request: 0.000035 seconds.
  path: Assets/3.UI/kenney_cursor-pixel-pack/Tiles/tile_0108.png
  artifactKey: Guid(7779975e40902b54e9a371ce4d375e3f) Importer(2089858483,b0f066a214c2f5e87bad3c948f4d605d)
Start importing Assets/3.UI/kenney_cursor-pixel-pack/Tiles/tile_0108.png using Guid(7779975e40902b54e9a371ce4d375e3f) Importer(2089858483,b0f066a214c2f5e87bad3c948f4d605d) (ScriptedImporter) -> (artifact id: '7034e48db6779e1c013aec3f0a5d6030') in 0.0204735 seconds
Number of updated asset objects reloaded before import = 0Number of asset objects unloaded after import = 1

========================================================================
Received Import Request.
  Time since last request: 0.000030 seconds.
  path: Assets/3.UI/kenney_board-game-icons/PNG/Double (128px)/card_outline_remove.png
  artifactKey: Guid(03c9df000c1326546994a98f1dcfec18) Importer(2089858483,b0f066a214c2f5e87bad3c948f4d605d)
Start importing Assets/3.UI/kenney_board-game-icons/PNG/Double (128px)/card_outline_remove.png using Guid(03c9df000c1326546994a98f1dcfec18) Importer(2089858483,b0f066a214c2f5e87bad3c948f4d605d) (ScriptedImporter) -> (artifact id: '08dab23e05dd16c8f28d3a605e2c66cb') in 0.0188142 seconds
Number of updated asset objects reloaded before import = 0Number of asset objects unloaded after import = 1

========================================================================
Received Import Request.
  Time since last request: 0.000017 seconds.
  path: Assets/3.UI/kenney_cursor-pixel-pack/Tiles/tile_0004.png
  artifactKey: Guid(f91bad79fb2683b4cbee1126d27e61f1) Importer(2089858483,b0f066a214c2f5e87bad3c948f4d605d)
Start importing Assets/3.UI/kenney_cursor-pixel-pack/Tiles/tile_0004.png using Guid(f91bad79fb2683b4cbee1126d27e61f1) Importer(2089858483,b0f066a214c2f5e87bad3c948f4d605d) (ScriptedImporter) -> (artifact id: '9fb5d1f5405e4bc2b430e3ff96c9e205') in 0.0191806 seconds
Number of updated asset objects reloaded before import = 0Number of asset objects unloaded after import = 1

========================================================================
Received Import Request.
  Time since last request: 0.000020 seconds.
  path: Assets/3.UI/kenney_board-game-icons/Vector/Icons/d20_number.svg
  artifactKey: Guid(a88b29162e77d7f4ba5f1282ab551b9d) Importer(2089858483,b0f066a214c2f5e87bad3c948f4d605d)
Start importing Assets/3.UI/kenney_board-game-icons/Vector/Icons/d20_number.svg using Guid(a88b29162e77d7f4ba5f1282ab551b9d) Importer(2089858483,b0f066a214c2f5e87bad3c948f4d605d) (ScriptedImporter) -> (artifact id: 'd37b02bdc760c86d53a3673f49f3844d') in 0.0195027 seconds
Number of updated asset objects reloaded before import = 0Number of asset objects unloaded after import = 1

========================================================================
Received Import Request.
  Time since last request: 0.000071 seconds.
  path: Assets/3.UI/kenney_desert-shooter-pack_1.0/PNG/Tiles/Tiles/tile_0135.png
  artifactKey: Guid(5da56f458109a724f97cb1be12d3c060) Importer(2089858483,b0f066a214c2f5e87bad3c948f4d605d)
Start importing Assets/3.UI/kenney_desert-shooter-pack_1.0/PNG/Tiles/Tiles/tile_0135.png using Guid(5da56f458109a724f97cb1be12d3c060) Importer(2089858483,b0f066a214c2f5e87bad3c948f4d605d) (ScriptedImporter) -> (artifact id: '00ec766c8a28ba3f8ac5c9d97c5d6ce0') in 0.0221688 seconds
Number of updated asset objects reloaded before import = 0Number of asset objects unloaded after import = 1

========================================================================
Received Import Request.
  Time since last request: 0.000032 seconds.
  path: Assets/3.UI/kenney_board-game-icons/Vector/Icons/cards_skull.svg
  artifactKey: Guid(88e9ecbf20fe7e144947b391eb2c4b6a) Importer(2089858483,b0f066a214c2f5e87bad3c948f4d605d)
Start importing Assets/3.UI/kenney_board-game-icons/Vector/Icons/cards_skull.svg using Guid(88e9ecbf20fe7e144947b391eb2c4b6a) Importer(2089858483,b0f066a214c2f5e87bad3c948f4d605d) (ScriptedImporter) -> (artifact id: '28f01fa126d7fccabaf878641f89c14b') in 0.0206705 seconds
Number of updated asset objects reloaded before import = 0Number of asset objects unloaded after import = 1

========================================================================
Received Import Request.
  Time since last request: 0.000039 seconds.
  path: Assets/3.UI/kenney_board-game-icons/Vector/Icons/resource_planks.svg
  artifactKey: Guid(2e0465fa2dc2b7e438c2136943b6a3cf) Importer(2089858483,b0f066a214c2f5e87bad3c948f4d605d)
Start importing Assets/3.UI/kenney_board-game-icons/Vector/Icons/resource_planks.svg using Guid(2e0465fa2dc2b7e438c2136943b6a3cf) Importer(2089858483,b0f066a214c2f5e87bad3c948f4d605d) (ScriptedImporter) -> (artifact id: '75dbdf5f3425e3ddd78d19af3e81eefe') in 0.0165498 seconds
Number of updated asset objects reloaded before import = 0Number of asset objects unloaded after import = 1

========================================================================
Received Import Request.
  Time since last request: 0.000023 seconds.
  path: Assets/3.UI/kenney_desert-shooter-pack_1.0/PNG/Interface/Tiles/tile_0131.png
  artifactKey: Guid(747e7e393235802499afd9f8d11ff749) Importer(2089858483,b0f066a214c2f5e87bad3c948f4d605d)
Start importing Assets/3.UI/kenney_desert-shooter-pack_1.0/PNG/Interface/Tiles/tile_0131.png using Guid(747e7e393235802499afd9f8d11ff749) Importer(2089858483,b0f066a214c2f5e87bad3c948f4d605d) (ScriptedImporter) -> (artifact id: '860ff0b234ee1b0d85504dfa45e61b78') in 0.0196739 seconds
Number of updated asset objects reloaded before import = 0Number of asset objects unloaded after import = 1

========================================================================
Received Import Request.
  Time since last request: 0.000057 seconds.
  path: Assets/3.UI/kenney_cursor-pixel-pack/Tiles/tile_0160.png
  artifactKey: Guid(40714e02ce9437741b53cc7ba21bfa49) Importer(2089858483,b0f066a214c2f5e87bad3c948f4d605d)
Start importing Assets/3.UI/kenney_cursor-pixel-pack/Tiles/tile_0160.png using Guid(40714e02ce9437741b53cc7ba21bfa49) Importer(2089858483,b0f066a214c2f5e87bad3c948f4d605d) (ScriptedImporter) -> (artifact id: '61a41f3687e217545bd5a9d13a8b7f5b') in 0.0197586 seconds
Number of updated asset objects reloaded before import = 0Number of asset objects unloaded after import = 1

========================================================================
Received Import Request.
  Time since last request: 0.000017 seconds.
  path: Assets/3.UI/kenney_cursor-pixel-pack/Tilesheet.txt
  artifactKey: Guid(046c6b777ab14a04b928a324aee885be) Importer(2089858483,b0f066a214c2f5e87bad3c948f4d605d)
Start importing Assets/3.UI/kenney_cursor-pixel-pack/Tilesheet.txt using Guid(046c6b777ab14a04b928a324aee885be) Importer(2089858483,b0f066a214c2f5e87bad3c948f4d605d) (ScriptedImporter) -> (artifact id: 'd629fffedfb6efd60eac96cbf7f79d05') in 0.0126459 seconds
Number of updated asset objects reloaded before import = 0Number of asset objects unloaded after import = 1

========================================================================
Received Import Request.
  Time since last request: 0.000030 seconds.
  path: Assets/3.UI/kenney_cursor-pixel-pack/Tiles/tile_0210.png
  artifactKey: Guid(71420505ff972d94c89e0df7b14e9259) Importer(2089858483,b0f066a214c2f5e87bad3c948f4d605d)
Start importing Assets/3.UI/kenney_cursor-pixel-pack/Tiles/tile_0210.png using Guid(71420505ff972d94c89e0df7b14e9259) Importer(2089858483,b0f066a214c2f5e87bad3c948f4d605d) (ScriptedImporter) -> (artifact id: '77c9acea5e4c39567ef0cf2300cb59de') in 0.0187706 seconds
Number of updated asset objects reloaded before import = 0Number of asset objects unloaded after import = 1

========================================================================
Received Import Request.
  Time since last request: 0.000026 seconds.
  path: Assets/3.UI/kenney_desert-shooter-pack_1.0/PNG/Tiles/Tiles/tile_0103.png
  artifactKey: Guid(001e517d0f8664b45a72aca602f83b5d) Importer(2089858483,b0f066a214c2f5e87bad3c948f4d605d)
Start importing Assets/3.UI/kenney_desert-shooter-pack_1.0/PNG/Tiles/Tiles/tile_0103.png using Guid(001e517d0f8664b45a72aca602f83b5d) Importer(2089858483,b0f066a214c2f5e87bad3c948f4d605d) (ScriptedImporter) -> (artifact id: 'dd27ab4dc1bebdd8bfcd17150e8470be') in 0.0203388 seconds
Number of updated asset objects reloaded before import = 0Number of asset objects unloaded after import = 1

========================================================================
Received Import Request.
  Time since last request: 0.000026 seconds.
  path: Assets/3.UI/kenney_board-game-icons/PNG/Default (64px)/arrow_cross_divided.png
  artifactKey: Guid(b5a6589f4ef2f1c4cb0713468fc747f7) Importer(2089858483,b0f066a214c2f5e87bad3c948f4d605d)
Start importing Assets/3.UI/kenney_board-game-icons/PNG/Default (64px)/arrow_cross_divided.png using Guid(b5a6589f4ef2f1c4cb0713468fc747f7) Importer(2089858483,b0f066a214c2f5e87bad3c948f4d605d) (ScriptedImporter) -> (artifact id: '0d253cf659bb2fe00f0e4b9faffde257') in 0.0188363 seconds
Number of updated asset objects reloaded before import = 0Number of asset objects unloaded after import = 1

========================================================================
Received Import Request.
  Time since last request: 0.000074 seconds.
  path: Assets/3.UI/kenney_desert-shooter-pack_1.0/PNG/Tiles/Tiles/tile_0199.png
  artifactKey: Guid(a49c4b9979d590d479c2fdcd712ef0d1) Importer(2089858483,b0f066a214c2f5e87bad3c948f4d605d)
Start importing Assets/3.UI/kenney_desert-shooter-pack_1.0/PNG/Tiles/Tiles/tile_0199.png using Guid(a49c4b9979d590d479c2fdcd712ef0d1) Importer(2089858483,b0f066a214c2f5e87bad3c948f4d605d) (ScriptedImporter) -> (artifact id: 'f8bb3fd9288c030031d79b36590e850e') in 0.02007 seconds
Number of updated asset objects reloaded before import = 0Number of asset objects unloaded after import = 1

========================================================================
Received Import Request.
  Time since last request: 0.000027 seconds.
  path: Assets/3.UI/kenney_board-game-icons/PNG/Default (64px)/tag_d6.png
  artifactKey: Guid(03beab02f93f9d04aa54207c08fa9f42) Importer(2089858483,b0f066a214c2f5e87bad3c948f4d605d)
Start importing Assets/3.UI/kenney_board-game-icons/PNG/Default (64px)/tag_d6.png using Guid(03beab02f93f9d04aa54207c08fa9f42) Importer(2089858483,b0f066a214c2f5e87bad3c948f4d605d) (ScriptedImporter) -> (artifact id: '42ea765d7a594fc426df6ca25cad9261') in 0.0180496 seconds
Number of updated asset objects reloaded before import = 0Number of asset objects unloaded after import = 1

========================================================================
Received Import Request.
  Time since last request: 0.000030 seconds.
  path: Assets/3.UI/kenney_board-game-icons/PNG/Default (64px)/token_add.png
  artifactKey: Guid(563811ca987ebf04c8a26eaf23ab7ab7) Importer(2089858483,b0f066a214c2f5e87bad3c948f4d605d)
Start importing Assets/3.UI/kenney_board-game-icons/PNG/Default (64px)/token_add.png using Guid(563811ca987ebf04c8a26eaf23ab7ab7) Importer(2089858483,b0f066a214c2f5e87bad3c948f4d605d) (ScriptedImporter) -> (artifact id: 'fed821e7fd5b53c76e6050391713e3a7') in 0.0246602 seconds
Number of updated asset objects reloaded before import = 0Number of asset objects unloaded after import = 1

========================================================================
Received Import Request.
  Time since last request: 0.000032 seconds.
  path: Assets/3.UI/kenney_desert-shooter-pack_1.0/PNG/Tiles/Tiles/tile_0116.png
  artifactKey: Guid(5d1a7af249793f64895e3589db70e748) Importer(2089858483,b0f066a214c2f5e87bad3c948f4d605d)
Start importing Assets/3.UI/kenney_desert-shooter-pack_1.0/PNG/Tiles/Tiles/tile_0116.png using Guid(5d1a7af249793f64895e3589db70e748) Importer(2089858483,b0f066a214c2f5e87bad3c948f4d605d) (ScriptedImporter) -> (artifact id: 'c6295482713f1b87c912b6d1bf2d4bf4') in 0.0236307 seconds
Number of updated asset objects reloaded before import = 0Number of asset objects unloaded after import = 1

========================================================================
Received Import Request.
  Time since last request: 0.000021 seconds.
  path: Assets/3.UI/kenney_board-game-icons/PNG/Double (128px)/rhombus_outline.png
  artifactKey: Guid(bfd344568d5fc2c4087adfb3ac0d57f7) Importer(2089858483,b0f066a214c2f5e87bad3c948f4d605d)
Start importing Assets/3.UI/kenney_board-game-icons/PNG/Double (128px)/rhombus_outline.png using Guid(bfd344568d5fc2c4087adfb3ac0d57f7) Importer(2089858483,b0f066a214c2f5e87bad3c948f4d605d) (ScriptedImporter) -> (artifact id: '76659586f384fea4a010f7d23ecd93c2') in 0.022554 seconds
Number of updated asset objects reloaded before import = 0Number of asset objects unloaded after import = 1

========================================================================
Received Import Request.
  Time since last request: 0.000027 seconds.
  path: Assets/3.UI/kenney_cursor-pixel-pack/Tiles/tile_0184.png
  artifactKey: Guid(a47a585abd18c274d8ff2ba51e9c0022) Importer(2089858483,b0f066a214c2f5e87bad3c948f4d605d)
Start importing Assets/3.UI/kenney_cursor-pixel-pack/Tiles/tile_0184.png using Guid(a47a585abd18c274d8ff2ba51e9c0022) Importer(2089858483,b0f066a214c2f5e87bad3c948f4d605d) (ScriptedImporter) -> (artifact id: '8e42cd14825610a4fd06bb898c3f6515') in 0.0211643 seconds
Number of updated asset objects reloaded before import = 0Number of asset objects unloaded after import = 1

========================================================================
Received Import Request.
  Time since last request: 0.000019 seconds.
  path: Assets/3.UI/kenney_desert-shooter-pack_1.0/PNG/Weapons/Tilemap/tilemap.png
  artifactKey: Guid(7ede0cea1d5eb8a409701a2cefd5167d) Importer(2089858483,b0f066a214c2f5e87bad3c948f4d605d)
Start importing Assets/3.UI/kenney_desert-shooter-pack_1.0/PNG/Weapons/Tilemap/tilemap.png using Guid(7ede0cea1d5eb8a409701a2cefd5167d) Importer(2089858483,b0f066a214c2f5e87bad3c948f4d605d) (ScriptedImporter) -> (artifact id: '98e31f2468070752899fa11e499053a8') in 0.0219294 seconds
Number of updated asset objects reloaded before import = 0Number of asset objects unloaded after import = 1

========================================================================
Received Import Request.
  Time since last request: 0.000032 seconds.
  path: Assets/3.UI/kenney_desert-shooter-pack_1.0/Sounds/error-b.ogg
  artifactKey: Guid(29ab71056750616409c29ae5c7d7745f) Importer(2089858483,b0f066a214c2f5e87bad3c948f4d605d)
Start importing Assets/3.UI/kenney_desert-shooter-pack_1.0/Sounds/error-b.ogg using Guid(29ab71056750616409c29ae5c7d7745f) Importer(2089858483,b0f066a214c2f5e87bad3c948f4d605d) (ScriptedImporter) -> (artifact id: '94f6139ea915329e7e9ad98bd7f09491') in 0.0381375 seconds
Number of updated asset objects reloaded before import = 0Number of asset objects unloaded after import = 1

========================================================================
Received Import Request.
  Time since last request: 0.000023 seconds.
  path: Assets/3.UI/kenney_board-game-icons/PNG/Default (64px)/pawn_reverse.png
  artifactKey: Guid(725d59f783f408543a9d7e23615c8a18) Importer(2089858483,b0f066a214c2f5e87bad3c948f4d605d)
Start importing Assets/3.UI/kenney_board-game-icons/PNG/Default (64px)/pawn_reverse.png using Guid(725d59f783f408543a9d7e23615c8a18) Importer(2089858483,b0f066a214c2f5e87bad3c948f4d605d) (ScriptedImporter) -> (artifact id: '3b22768ffce3fd31aa63bfe576caa186') in 0.0204914 seconds
Number of updated asset objects reloaded before import = 0Number of asset objects unloaded after import = 1

========================================================================
Received Import Request.
  Time since last request: 0.000063 seconds.
  path: Assets/3.UI/kenney_cursor-pixel-pack/Tiles/tile_0177.png
  artifactKey: Guid(f3fcc2e9d146f1846b0770aeeafbf0ef) Importer(2089858483,b0f066a214c2f5e87bad3c948f4d605d)
Start importing Assets/3.UI/kenney_cursor-pixel-pack/Tiles/tile_0177.png using Guid(f3fcc2e9d146f1846b0770aeeafbf0ef) Importer(2089858483,b0f066a214c2f5e87bad3c948f4d605d) (ScriptedImporter) -> (artifact id: 'cb13701ba03dcada4d8d604b81769b05') in 0.0214763 seconds
Number of updated asset objects reloaded before import = 0Number of asset objects unloaded after import = 1

========================================================================
Received Import Request.
  Time since last request: 0.000060 seconds.
  path: Assets/3.UI/kenney_desert-shooter-pack_1.0/PNG/Interface/Tiles/tile_0042.png
  artifactKey: Guid(dd4332fff028b794da14366eeba236de) Importer(2089858483,b0f066a214c2f5e87bad3c948f4d605d)
Start importing Assets/3.UI/kenney_desert-shooter-pack_1.0/PNG/Interface/Tiles/tile_0042.png using Guid(dd4332fff028b794da14366eeba236de) Importer(2089858483,b0f066a214c2f5e87bad3c948f4d605d) (ScriptedImporter) -> (artifact id: '33aecc3f09283ea8becbf8e9cacd2c73') in 0.0210826 seconds
Number of updated asset objects reloaded before import = 0Number of asset objects unloaded after import = 1

========================================================================
Received Import Request.
  Time since last request: 0.000018 seconds.
  path: Assets/3.UI/kenney_desert-shooter-pack_1.0/PNG/Tiles/Tiles/tile_0081.png
  artifactKey: Guid(0d740c1e8b9449c40b5d532196ca1f11) Importer(2089858483,b0f066a214c2f5e87bad3c948f4d605d)
Start importing Assets/3.UI/kenney_desert-shooter-pack_1.0/PNG/Tiles/Tiles/tile_0081.png using Guid(0d740c1e8b9449c40b5d532196ca1f11) Importer(2089858483,b0f066a214c2f5e87bad3c948f4d605d) (ScriptedImporter) -> (artifact id: 'ce1c1c46aed3ab4de47673fa5481bf7b') in 0.0246665 seconds
Number of updated asset objects reloaded before import = 0Number of asset objects unloaded after import = 1

========================================================================
Received Import Request.
  Time since last request: 0.000030 seconds.
  path: Assets/3.UI/kenney_board-game-icons/Vector/Icons/book_open.svg
  artifactKey: Guid(8771f4b1c0f307b44acdb29fd23e208a) Importer(2089858483,b0f066a214c2f5e87bad3c948f4d605d)
Start importing Assets/3.UI/kenney_board-game-icons/Vector/Icons/book_open.svg using Guid(8771f4b1c0f307b44acdb29fd23e208a) Importer(2089858483,b0f066a214c2f5e87bad3c948f4d605d) (ScriptedImporter) -> (artifact id: '5708df707f2c688e94cefbdc0e2b3812') in 0.0217659 seconds
Number of updated asset objects reloaded before import = 0Number of asset objects unloaded after import = 1

========================================================================
Received Import Request.
  Time since last request: 0.000074 seconds.
  path: Assets/3.UI/kenney_board-game-icons
  artifactKey: Guid(8e48da46737b2ee479354d9a6029f710) Importer(2089858483,b0f066a214c2f5e87bad3c948f4d605d)
Start importing Assets/3.UI/kenney_board-game-icons using Guid(8e48da46737b2ee479354d9a6029f710) Importer(2089858483,b0f066a214c2f5e87bad3c948f4d605d) (ScriptedImporter) -> (artifact id: 'd55c0b00068ea30302c5ca791bfc4ff7') in 0.0136312 seconds
Number of updated asset objects reloaded before import = 0Number of asset objects unloaded after import = 1

========================================================================
Received Import Request.
  Time since last request: 0.000135 seconds.
  path: Assets/3.UI/kenney_board-game-icons/PNG/Default (64px)/cards_stack.png
  artifactKey: Guid(2958840a8afbc114bac6bc57140865ca) Importer(2089858483,b0f066a214c2f5e87bad3c948f4d605d)
Start importing Assets/3.UI/kenney_board-game-icons/PNG/Default (64px)/cards_stack.png using Guid(2958840a8afbc114bac6bc57140865ca) Importer(2089858483,b0f066a214c2f5e87bad3c948f4d605d) (ScriptedImporter) -> (artifact id: 'f815059df449de5b6cdfc809132e0a6d') in 0.0191127 seconds
Number of updated asset objects reloaded before import = 0Number of asset objects unloaded after import = 1

========================================================================
Received Import Request.
  Time since last request: 0.000016 seconds.
  path: Assets/3.UI/kenney_desert-shooter-pack_1.0/PNG/Tiles/Tiles/tile_0155.png
  artifactKey: Guid(f2e10b0a6d25f494483b7ae7a0b4469e) Importer(2089858483,b0f066a214c2f5e87bad3c948f4d605d)
Start importing Assets/3.UI/kenney_desert-shooter-pack_1.0/PNG/Tiles/Tiles/tile_0155.png using Guid(f2e10b0a6d25f494483b7ae7a0b4469e) Importer(2089858483,b0f066a214c2f5e87bad3c948f4d605d) (ScriptedImporter) -> (artifact id: 'f2d99e78a0877a4b920c06c5f5b3fc2e') in 0.0249772 seconds
Number of updated asset objects reloaded before import = 0Number of asset objects unloaded after import = 1

========================================================================
Received Import Request.
  Time since last request: 0.000025 seconds.
  path: Assets/3.UI/kenney_desert-shooter-pack_1.0/PNG/Tiles/Tiles/tile_0172.png
  artifactKey: Guid(17251194b426b34459f761f233ae29d8) Importer(2089858483,b0f066a214c2f5e87bad3c948f4d605d)
Start importing Assets/3.UI/kenney_desert-shooter-pack_1.0/PNG/Tiles/Tiles/tile_0172.png using Guid(17251194b426b34459f761f233ae29d8) Importer(2089858483,b0f066a214c2f5e87bad3c948f4d605d) (ScriptedImporter) -> (artifact id: '1aa4ecad7543d887e42b238ee41caed1') in 0.0213987 seconds
Number of updated asset objects reloaded before import = 0Number of asset objects unloaded after import = 1

========================================================================
Received Import Request.
  Time since last request: 0.000028 seconds.
  path: Assets/3.UI/kenney_desert-shooter-pack_1.0/PNG/Interface/Tiles/tile_0135.png
  artifactKey: Guid(7ec0cb002ca9cb44eb2dd5081276eab0) Importer(2089858483,b0f066a214c2f5e87bad3c948f4d605d)
Start importing Assets/3.UI/kenney_desert-shooter-pack_1.0/PNG/Interface/Tiles/tile_0135.png using Guid(7ec0cb002ca9cb44eb2dd5081276eab0) Importer(2089858483,b0f066a214c2f5e87bad3c948f4d605d) (ScriptedImporter) -> (artifact id: '100cf9d5be487abfe4f939bd7d814543') in 0.0220382 seconds
Number of updated asset objects reloaded before import = 0Number of asset objects unloaded after import = 1

========================================================================
Received Import Request.
  Time since last request: 0.000017 seconds.
  path: Assets/3.UI/kenney_cursor-pixel-pack/Tiles/tile_0073.png
  artifactKey: Guid(81605cd44f7e0554ea6b54cc9eded7bc) Importer(2089858483,b0f066a214c2f5e87bad3c948f4d605d)
Start importing Assets/3.UI/kenney_cursor-pixel-pack/Tiles/tile_0073.png using Guid(81605cd44f7e0554ea6b54cc9eded7bc) Importer(2089858483,b0f066a214c2f5e87bad3c948f4d605d) (ScriptedImporter) -> (artifact id: '0f2303c3e36584ba2abb9d12a7c5ef8d') in 0.0272888 seconds
Number of updated asset objects reloaded before import = 0Number of asset objects unloaded after import = 1

========================================================================
Received Import Request.
  Time since last request: 0.000030 seconds.
  path: Assets/3.UI/kenney_desert-shooter-pack_1.0/PNG/Tiles/Tiles/tile_0073.png
  artifactKey: Guid(ff6b81cafd3049f4a94981e47b117719) Importer(2089858483,b0f066a214c2f5e87bad3c948f4d605d)
Start importing Assets/3.UI/kenney_desert-shooter-pack_1.0/PNG/Tiles/Tiles/tile_0073.png using Guid(ff6b81cafd3049f4a94981e47b117719) Importer(2089858483,b0f066a214c2f5e87bad3c948f4d605d) (ScriptedImporter) -> (artifact id: 'd7f0b40e8582a9faf9f14962e0b22124') in 0.0226511 seconds
Number of updated asset objects reloaded before import = 0Number of asset objects unloaded after import = 1

========================================================================
Received Import Request.
  Time since last request: 0.000025 seconds.
  path: Assets/3.UI/kenney_desert-shooter-pack_1.0/PNG/Interface/Tiles/tile_0169.png
  artifactKey: Guid(35922dd13cd3f5a4da232ecd1bd1e533) Importer(2089858483,b0f066a214c2f5e87bad3c948f4d605d)
Start importing Assets/3.UI/kenney_desert-shooter-pack_1.0/PNG/Interface/Tiles/tile_0169.png using Guid(35922dd13cd3f5a4da232ecd1bd1e533) Importer(2089858483,b0f066a214c2f5e87bad3c948f4d605d) (ScriptedImporter) -> (artifact id: 'f9a280afd9aada10d5a3358f8d1fa914') in 0.0257379 seconds
Number of updated asset objects reloaded before import = 0Number of asset objects unloaded after import = 1

========================================================================
Received Import Request.
  Time since last request: 0.000044 seconds.
  path: Assets/3.UI/kenney_board-game-icons/PNG/Double (128px)/resource_planks.png
  artifactKey: Guid(3a0dff0add0619f4da803b9b22172fda) Importer(2089858483,b0f066a214c2f5e87bad3c948f4d605d)
Start importing Assets/3.UI/kenney_board-game-icons/PNG/Double (128px)/resource_planks.png using Guid(3a0dff0add0619f4da803b9b22172fda) Importer(2089858483,b0f066a214c2f5e87bad3c948f4d605d) (ScriptedImporter) -> (artifact id: '45cee695ca195dd792aac28b6877ff55') in 0.0233161 seconds
Number of updated asset objects reloaded before import = 0Number of asset objects unloaded after import = 1

========================================================================
Received Import Request.
  Time since last request: 0.000025 seconds.
  path: Assets/3.UI/kenney_desert-shooter-pack_1.0/PNG/Tiles/Tiles/tile_0176.png
  artifactKey: Guid(1239f423c1bac724ba734dcbd2f8a639) Importer(2089858483,b0f066a214c2f5e87bad3c948f4d605d)
Start importing Assets/3.UI/kenney_desert-shooter-pack_1.0/PNG/Tiles/Tiles/tile_0176.png using Guid(1239f423c1bac724ba734dcbd2f8a639) Importer(2089858483,b0f066a214c2f5e87bad3c948f4d605d) (ScriptedImporter) -> (artifact id: '2ebe55ba3da1ad5d136763a31ca9b9c4') in 0.0198947 seconds
Number of updated asset objects reloaded before import = 0Number of asset objects unloaded after import = 1

========================================================================
Received Import Request.
  Time since last request: 0.000020 seconds.
  path: Assets/3.UI/kenney_desert-shooter-pack_1.0/PNG/Tiles/Tiles/tile_0227.png
  artifactKey: Guid(47612263aa91bf04d9c0dce5e9b77b8a) Importer(2089858483,b0f066a214c2f5e87bad3c948f4d605d)
Start importing Assets/3.UI/kenney_desert-shooter-pack_1.0/PNG/Tiles/Tiles/tile_0227.png using Guid(47612263aa91bf04d9c0dce5e9b77b8a) Importer(2089858483,b0f066a214c2f5e87bad3c948f4d605d) (ScriptedImporter) -> (artifact id: 'a05f3d4b64bc73da109bd204bfcd27e6') in 0.0255482 seconds
Number of updated asset objects reloaded before import = 0Number of asset objects unloaded after import = 1

========================================================================
Received Import Request.
  Time since last request: 0.000017 seconds.
  path: Assets/3.UI/kenney_board-game-icons/PNG/Default (64px)/structure_tower.png
  artifactKey: Guid(197e0b404ce09914d8c094e87d367443) Importer(2089858483,b0f066a214c2f5e87bad3c948f4d605d)
Start importing Assets/3.UI/kenney_board-game-icons/PNG/Default (64px)/structure_tower.png using Guid(197e0b404ce09914d8c094e87d367443) Importer(2089858483,b0f066a214c2f5e87bad3c948f4d605d) (ScriptedImporter) -> (artifact id: '9c400887112c801eb317bc627d93bed5') in 0.0230551 seconds
Number of updated asset objects reloaded before import = 0Number of asset objects unloaded after import = 1

========================================================================
Received Import Request.
  Time since last request: 0.000034 seconds.
  path: Assets/3.UI/kenney_desert-shooter-pack_1.0/PNG/Tiles/Tiles/tile_0123.png
  artifactKey: Guid(7c8c7e4582e2ccf4f964b560e2ac0b8f) Importer(2089858483,b0f066a214c2f5e87bad3c948f4d605d)
Start importing Assets/3.UI/kenney_desert-shooter-pack_1.0/PNG/Tiles/Tiles/tile_0123.png using Guid(7c8c7e4582e2ccf4f964b560e2ac0b8f) Importer(2089858483,b0f066a214c2f5e87bad3c948f4d605d) (ScriptedImporter) -> (artifact id: '99c5472a3abb568bef0b7b0c1a8b7221') in 0.0229212 seconds
Number of updated asset objects reloaded before import = 0Number of asset objects unloaded after import = 1

========================================================================
Received Import Request.
  Time since last request: 0.000029 seconds.
  path: Assets/3.UI/kenney_board-game-icons/PNG/Double (128px)/dice_out.png
  artifactKey: Guid(31f0fd9bc12e93948a13105844666a07) Importer(2089858483,b0f066a214c2f5e87bad3c948f4d605d)
Start importing Assets/3.UI/kenney_board-game-icons/PNG/Double (128px)/dice_out.png using Guid(31f0fd9bc12e93948a13105844666a07) Importer(2089858483,b0f066a214c2f5e87bad3c948f4d605d) (ScriptedImporter) -> (artifact id: '96bb0327e66961f00317ccff7f887936') in 0.0224327 seconds
Number of updated asset objects reloaded before import = 0Number of asset objects unloaded after import = 1

========================================================================
Received Import Request.
  Time since last request: 0.000015 seconds.
  path: Assets/3.UI/kenney_board-game-icons/Vector/Icons/direction_n.svg
  artifactKey: Guid(caec477a820c31c428f4d2ff2acef0bc) Importer(2089858483,b0f066a214c2f5e87bad3c948f4d605d)
Start importing Assets/3.UI/kenney_board-game-icons/Vector/Icons/direction_n.svg using Guid(caec477a820c31c428f4d2ff2acef0bc) Importer(2089858483,b0f066a214c2f5e87bad3c948f4d605d) (ScriptedImporter) -> (artifact id: '8e5eeb268f8452a717c7b21a2d3232c2') in 0.0208639 seconds
Number of updated asset objects reloaded before import = 0Number of asset objects unloaded after import = 1

========================================================================
Received Import Request.
  Time since last request: 0.000022 seconds.
  path: Assets/3.UI/kenney_board-game-icons/PNG/Default (64px)/pawn.png
  artifactKey: Guid(8406a9348a7655b429461184bad53b0a) Importer(2089858483,b0f066a214c2f5e87bad3c948f4d605d)
Start importing Assets/3.UI/kenney_board-game-icons/PNG/Default (64px)/pawn.png using Guid(8406a9348a7655b429461184bad53b0a) Importer(2089858483,b0f066a214c2f5e87bad3c948f4d605d) (ScriptedImporter) -> (artifact id: '3e49dd48f39e2b0a6a04b672c69a7dde') in 0.0178087 seconds
Number of updated asset objects reloaded before import = 0Number of asset objects unloaded after import = 1

========================================================================
Received Import Request.
  Time since last request: 0.000035 seconds.
  path: Assets/3.UI/kenney_board-game-icons/PNG/Double (128px)/tag_d6_check.png
  artifactKey: Guid(7f51dbcd8312de24481e256d0dd0860d) Importer(2089858483,b0f066a214c2f5e87bad3c948f4d605d)
Start importing Assets/3.UI/kenney_board-game-icons/PNG/Double (128px)/tag_d6_check.png using Guid(7f51dbcd8312de24481e256d0dd0860d) Importer(2089858483,b0f066a214c2f5e87bad3c948f4d605d) (ScriptedImporter) -> (artifact id: '7e008d7ea94702dbcc298206e8f5618b') in 0.0348747 seconds
Number of updated asset objects reloaded before import = 0Number of asset objects unloaded after import = 1

========================================================================
Received Import Request.
  Time since last request: 0.000081 seconds.
  path: Assets/3.UI/kenney_board-game-icons/PNG/Default (64px)/tag_d6_infinte.png
  artifactKey: Guid(99b50d560bc570c43a81ae76b2fc31c9) Importer(2089858483,b0f066a214c2f5e87bad3c948f4d605d)
Start importing Assets/3.UI/kenney_board-game-icons/PNG/Default (64px)/tag_d6_infinte.png using Guid(99b50d560bc570c43a81ae76b2fc31c9) Importer(2089858483,b0f066a214c2f5e87bad3c948f4d605d) (ScriptedImporter) -> (artifact id: '39cbc0d4a358128804256710b27c9123') in 0.0191897 seconds
Number of updated asset objects reloaded before import = 0Number of asset objects unloaded after import = 1

========================================================================
Received Import Request.
  Time since last request: 0.000016 seconds.
  path: Assets/3.UI/kenney_board-game-icons/PNG/Double (128px)/cards_flip.png
  artifactKey: Guid(9294666233bef5542b31c0ff086c7190) Importer(2089858483,b0f066a214c2f5e87bad3c948f4d605d)
Start importing Assets/3.UI/kenney_board-game-icons/PNG/Double (128px)/cards_flip.png using Guid(9294666233bef5542b31c0ff086c7190) Importer(2089858483,b0f066a214c2f5e87bad3c948f4d605d) (ScriptedImporter) -> (artifact id: '7cfe84b83c4419b0e5ffcb5009512b9a') in 0.0169688 seconds
Number of updated asset objects reloaded before import = 0Number of asset objects unloaded after import = 1

========================================================================
Received Import Request.
  Time since last request: 0.000024 seconds.
  path: Assets/3.UI/kenney_board-game-icons/Vector/Icons/token_subtract.svg
  artifactKey: Guid(5a808d306d00dbc41b16dd56aee87a65) Importer(2089858483,b0f066a214c2f5e87bad3c948f4d605d)
Start importing Assets/3.UI/kenney_board-game-icons/Vector/Icons/token_subtract.svg using Guid(5a808d306d00dbc41b16dd56aee87a65) Importer(2089858483,b0f066a214c2f5e87bad3c948f4d605d) (ScriptedImporter) -> (artifact id: '7bac43867db330c49502d38bda27800c') in 0.0182088 seconds
Number of updated asset objects reloaded before import = 0Number of asset objects unloaded after import = 1

========================================================================
Received Import Request.
  Time since last request: 0.000139 seconds.
  path: Assets/3.UI/kenney_board-game-icons/PNG/Default (64px)/hand_cross.png
  artifactKey: Guid(e297240190b929d48981567c15ef8367) Importer(2089858483,b0f066a214c2f5e87bad3c948f4d605d)
Start importing Assets/3.UI/kenney_board-game-icons/PNG/Default (64px)/hand_cross.png using Guid(e297240190b929d48981567c15ef8367) Importer(2089858483,b0f066a214c2f5e87bad3c948f4d605d) (ScriptedImporter) -> (artifact id: '8ddba7e5548c5a27446ce76b5aec0b2a') in 0.0202573 seconds
Number of updated asset objects reloaded before import = 0Number of asset objects unloaded after import = 1

========================================================================
Received Import Request.
  Time since last request: 0.000087 seconds.
  path: Assets/3.UI/kenney_desert-shooter-pack_1.0/PNG/Weapons
  artifactKey: Guid(760df3701943b5c4b8f7f679c2fe2e9f) Importer(2089858483,b0f066a214c2f5e87bad3c948f4d605d)
Start importing Assets/3.UI/kenney_desert-shooter-pack_1.0/PNG/Weapons using Guid(760df3701943b5c4b8f7f679c2fe2e9f) Importer(2089858483,b0f066a214c2f5e87bad3c948f4d605d) (ScriptedImporter) -> (artifact id: '1bb8f2462dcfa26f4ccfad94ed431030') in 0.0101899 seconds
Number of updated asset objects reloaded before import = 0Number of asset objects unloaded after import = 1

========================================================================
Received Import Request.
  Time since last request: 0.000024 seconds.
  path: Assets/3.UI/kenney_cursor-pixel-pack/Tiles/tile_0051.png
  artifactKey: Guid(20bbab97a48f3b54eb0e4d8c35b11eaa) Importer(2089858483,b0f066a214c2f5e87bad3c948f4d605d)
Start importing Assets/3.UI/kenney_cursor-pixel-pack/Tiles/tile_0051.png using Guid(20bbab97a48f3b54eb0e4d8c35b11eaa) Importer(2089858483,b0f066a214c2f5e87bad3c948f4d605d) (ScriptedImporter) -> (artifact id: 'bc424b2974d840556c9c83da20e3166c') in 0.0200211 seconds
Number of updated asset objects reloaded before import = 0Number of asset objects unloaded after import = 1

========================================================================
Received Import Request.
  Time since last request: 0.000020 seconds.
  path: Assets/3.UI/kenney_desert-shooter-pack_1.0/PNG/Interface/Tiles/tile_0189.png
  artifactKey: Guid(418bddcd3898c574b870654cd083472a) Importer(2089858483,b0f066a214c2f5e87bad3c948f4d605d)
Start importing Assets/3.UI/kenney_desert-shooter-pack_1.0/PNG/Interface/Tiles/tile_0189.png using Guid(418bddcd3898c574b870654cd083472a) Importer(2089858483,b0f066a214c2f5e87bad3c948f4d605d) (ScriptedImporter) -> (artifact id: '3733fd1a03f64ecf9ad8a00794e78936') in 0.0211548 seconds
Number of updated asset objects reloaded before import = 0Number of asset objects unloaded after import = 1

========================================================================
Received Import Request.
  Time since last request: 0.000027 seconds.
  path: Assets/3.UI/kenney_board-game-icons/Vector/Icons/pawn_down.svg
  artifactKey: Guid(26cbd0290aa3dc742bd22dbf80acfba0) Importer(2089858483,b0f066a214c2f5e87bad3c948f4d605d)
Start importing Assets/3.UI/kenney_board-game-icons/Vector/Icons/pawn_down.svg using Guid(26cbd0290aa3dc742bd22dbf80acfba0) Importer(2089858483,b0f066a214c2f5e87bad3c948f4d605d) (ScriptedImporter) -> (artifact id: '0395c481c99c275e5f84fb6401338442') in 0.0210441 seconds
Number of updated asset objects reloaded before import = 0Number of asset objects unloaded after import = 1

========================================================================
Received Import Request.
  Time since last request: 0.000038 seconds.
  path: Assets/3.UI/kenney_cursor-pixel-pack/Tiles/tile_0166.png
  artifactKey: Guid(eb555c2b7716a594b840d132f73b5a63) Importer(2089858483,b0f066a214c2f5e87bad3c948f4d605d)
Start importing Assets/3.UI/kenney_cursor-pixel-pack/Tiles/tile_0166.png using Guid(eb555c2b7716a594b840d132f73b5a63) Importer(2089858483,b0f066a214c2f5e87bad3c948f4d605d) (ScriptedImporter) -> (artifact id: '199675511702fee12d74795a3901e06b') in 0.0194061 seconds
Number of updated asset objects reloaded before import = 0Number of asset objects unloaded after import = 1

========================================================================
Received Import Request.
  Time since last request: 0.000032 seconds.
  path: Assets/3.UI/kenney_board-game-icons/Vector/Icons/card_place.svg
  artifactKey: Guid(233b20faa2078084c9122d1b4f0f1b69) Importer(2089858483,b0f066a214c2f5e87bad3c948f4d605d)
Start importing Assets/3.UI/kenney_board-game-icons/Vector/Icons/card_place.svg using Guid(233b20faa2078084c9122d1b4f0f1b69) Importer(2089858483,b0f066a214c2f5e87bad3c948f4d605d) (ScriptedImporter) -> (artifact id: '9dc99d07b4f1bb9885b52d9048bfbbeb') in 0.0172577 seconds
Number of updated asset objects reloaded before import = 0Number of asset objects unloaded after import = 1

========================================================================
Received Import Request.
  Time since last request: 0.000025 seconds.
  path: Assets/3.UI/kenney_board-game-icons/PNG/Double (128px)/timer_CCW_75.png
  artifactKey: Guid(961ea532c269adc438d6f8757111845c) Importer(2089858483,b0f066a214c2f5e87bad3c948f4d605d)
Start importing Assets/3.UI/kenney_board-game-icons/PNG/Double (128px)/timer_CCW_75.png using Guid(961ea532c269adc438d6f8757111845c) Importer(2089858483,b0f066a214c2f5e87bad3c948f4d605d) (ScriptedImporter) -> (artifact id: '8eb44a31e44c24bfd991486d33587341') in 0.0192564 seconds
Number of updated asset objects reloaded before import = 0Number of asset objects unloaded after import = 1

========================================================================
Received Import Request.
  Time since last request: 0.000027 seconds.
  path: Assets/3.UI/kenney_board-game-icons/PNG/Double (128px)/spinner.png
  artifactKey: Guid(5a37ef2d143364742ad107b79707d0dd) Importer(2089858483,b0f066a214c2f5e87bad3c948f4d605d)
Start importing Assets/3.UI/kenney_board-game-icons/PNG/Double (128px)/spinner.png using Guid(5a37ef2d143364742ad107b79707d0dd) Importer(2089858483,b0f066a214c2f5e87bad3c948f4d605d) (ScriptedImporter) -> (artifact id: 'b448f906190e5583140e3c0a92502e58') in 0.0185298 seconds
Number of updated asset objects reloaded before import = 0Number of asset objects unloaded after import = 1

========================================================================
Received Import Request.
  Time since last request: 0.000078 seconds.
  path: Assets/3.UI/kenney_desert-shooter-pack_1.0/PNG/Interface/Tiles/tile_0185.png
  artifactKey: Guid(d4a191be70540a344b8eb109db87fe05) Importer(2089858483,b0f066a214c2f5e87bad3c948f4d605d)
Start importing Assets/3.UI/kenney_desert-shooter-pack_1.0/PNG/Interface/Tiles/tile_0185.png using Guid(d4a191be70540a344b8eb109db87fe05) Importer(2089858483,b0f066a214c2f5e87bad3c948f4d605d) (ScriptedImporter) -> (artifact id: '7ebb38332abb45b1df87be1e0a3cf15d') in 0.0207576 seconds
Number of updated asset objects reloaded before import = 0Number of asset objects unloaded after import = 1

========================================================================
Received Import Request.
  Time since last request: 0.000020 seconds.
  path: Assets/3.UI/kenney_desert-shooter-pack_1.0/PNG/Tiles/Tiles/tile_0070.png
  artifactKey: Guid(267a74dfb7478f843b11025ace3e8722) Importer(2089858483,b0f066a214c2f5e87bad3c948f4d605d)
Start importing Assets/3.UI/kenney_desert-shooter-pack_1.0/PNG/Tiles/Tiles/tile_0070.png using Guid(267a74dfb7478f843b11025ace3e8722) Importer(2089858483,b0f066a214c2f5e87bad3c948f4d605d) (ScriptedImporter) -> (artifact id: '8c69a394f6438f53e446960ceaa96995') in 0.0265499 seconds
Number of updated asset objects reloaded before import = 0Number of asset objects unloaded after import = 1

========================================================================
Received Import Request.
  Time since last request: 0.000035 seconds.
  path: Assets/3.UI/kenney_board-game-icons/PNG/Default (64px)/pentagon_outline.png
  artifactKey: Guid(ada1e6c9c0cf0ef4ab4c3ab629cd53f7) Importer(2089858483,b0f066a214c2f5e87bad3c948f4d605d)
Start importing Assets/3.UI/kenney_board-game-icons/PNG/Default (64px)/pentagon_outline.png using Guid(ada1e6c9c0cf0ef4ab4c3ab629cd53f7) Importer(2089858483,b0f066a214c2f5e87bad3c948f4d605d) (ScriptedImporter) -> (artifact id: '5e4774105028ca26672372738be7cf00') in 0.0272536 seconds
Number of updated asset objects reloaded before import = 0Number of asset objects unloaded after import = 1

========================================================================
Received Import Request.
  Time since last request: 0.000125 seconds.
  path: Assets/3.UI/kenney_board-game-icons/Vector/Icons/character_lift.svg
  artifactKey: Guid(005eca437e4e9304b8a7981a1d77b324) Importer(2089858483,b0f066a214c2f5e87bad3c948f4d605d)
Start importing Assets/3.UI/kenney_board-game-icons/Vector/Icons/character_lift.svg using Guid(005eca437e4e9304b8a7981a1d77b324) Importer(2089858483,b0f066a214c2f5e87bad3c948f4d605d) (ScriptedImporter) -> (artifact id: 'c46f86ee633f18b39cfd88538c2286e3') in 0.0148406 seconds
Number of updated asset objects reloaded before import = 0Number of asset objects unloaded after import = 1

========================================================================
Received Import Request.
  Time since last request: 0.000131 seconds.
  path: Assets/3.UI/kenney_desert-shooter-pack_1.0/PNG/Tiles/Tiles/tile_0202.png
  artifactKey: Guid(ac2edec8e9580e24c9e8c2304d8e3632) Importer(2089858483,b0f066a214c2f5e87bad3c948f4d605d)
Start importing Assets/3.UI/kenney_desert-shooter-pack_1.0/PNG/Tiles/Tiles/tile_0202.png using Guid(ac2edec8e9580e24c9e8c2304d8e3632) Importer(2089858483,b0f066a214c2f5e87bad3c948f4d605d) (ScriptedImporter) -> (artifact id: '7dc98159092822694dfdcec3c893f2df') in 0.0178328 seconds
Number of updated asset objects reloaded before import = 0Number of asset objects unloaded after import = 1

========================================================================
Received Import Request.
  Time since last request: 0.000025 seconds.
  path: Assets/3.UI/kenney_board-game-icons/PNG/Double (128px)/pentagon_question.png
  artifactKey: Guid(df30c28d6b57f8f44bb991ff6625cd6b) Importer(2089858483,b0f066a214c2f5e87bad3c948f4d605d)
Start importing Assets/3.UI/kenney_board-game-icons/PNG/Double (128px)/pentagon_question.png using Guid(df30c28d6b57f8f44bb991ff6625cd6b) Importer(2089858483,b0f066a214c2f5e87bad3c948f4d605d) (ScriptedImporter) -> (artifact id: 'a5a8157c6de720558ade045418e9ea84') in 0.0213164 seconds
Number of updated asset objects reloaded before import = 0Number of asset objects unloaded after import = 1

========================================================================
Received Import Request.
  Time since last request: 0.000025 seconds.
  path: Assets/3.UI/kenney_board-game-icons/PNG/Double (128px)/suit_diamonds.png
  artifactKey: Guid(b9e617fe851aa884aaa6efecad5c94c0) Importer(2089858483,b0f066a214c2f5e87bad3c948f4d605d)
Start importing Assets/3.UI/kenney_board-game-icons/PNG/Double (128px)/suit_diamonds.png using Guid(b9e617fe851aa884aaa6efecad5c94c0) Importer(2089858483,b0f066a214c2f5e87bad3c948f4d605d) (ScriptedImporter) -> (artifact id: 'd37b8008edd35dfacbe3b0730d7c9e10') in 0.0170164 seconds
Number of updated asset objects reloaded before import = 0Number of asset objects unloaded after import = 1

========================================================================
Received Import Request.
  Time since last request: 0.000041 seconds.
  path: Assets/3.UI/kenney_desert-shooter-pack_1.0/PNG/Tiles/Tiles/tile_0186.png
  artifactKey: Guid(880d7c4f43f796149bcdecad03211668) Importer(2089858483,b0f066a214c2f5e87bad3c948f4d605d)
Start importing Assets/3.UI/kenney_desert-shooter-pack_1.0/PNG/Tiles/Tiles/tile_0186.png using Guid(880d7c4f43f796149bcdecad03211668) Importer(2089858483,b0f066a214c2f5e87bad3c948f4d605d) (ScriptedImporter) -> (artifact id: '52f3c99a5d25d2b61d50394a8a681b7d') in 0.0289152 seconds
Number of updated asset objects reloaded before import = 0Number of asset objects unloaded after import = 1

========================================================================
Received Import Request.
  Time since last request: 0.000038 seconds.
  path: Assets/3.UI/kenney_desert-shooter-pack_1.0/PNG/Tiles/Tiles/tile_0137.png
  artifactKey: Guid(2053f30bf5ee2914c94d930d3e2a18ff) Importer(2089858483,b0f066a214c2f5e87bad3c948f4d605d)
Start importing Assets/3.UI/kenney_desert-shooter-pack_1.0/PNG/Tiles/Tiles/tile_0137.png using Guid(2053f30bf5ee2914c94d930d3e2a18ff) Importer(2089858483,b0f066a214c2f5e87bad3c948f4d605d) (ScriptedImporter) -> (artifact id: '8f2075ca4f7c252c929f82645872bd74') in 0.0249031 seconds
Number of updated asset objects reloaded before import = 0Number of asset objects unloaded after import = 1

========================================================================
Received Import Request.
  Time since last request: 0.000024 seconds.
  path: Assets/3.UI/kenney_desert-shooter-pack_1.0/PNG/Players/Tiles/tile_0006.png
  artifactKey: Guid(ecc1be8bd99cd9640a7ba42c9d6a0c9a) Importer(2089858483,b0f066a214c2f5e87bad3c948f4d605d)
Start importing Assets/3.UI/kenney_desert-shooter-pack_1.0/PNG/Players/Tiles/tile_0006.png using Guid(ecc1be8bd99cd9640a7ba42c9d6a0c9a) Importer(2089858483,b0f066a214c2f5e87bad3c948f4d605d) (ScriptedImporter) -> (artifact id: '0d8198d6c25a1983457c26e37679ef58') in 0.0216447 seconds
Number of updated asset objects reloaded before import = 0Number of asset objects unloaded after import = 1

========================================================================
Received Import Request.
  Time since last request: 0.000027 seconds.
  path: Assets/3.UI/kenney_desert-shooter-pack_1.0/PNG/Interface/Tiles/tile_0030.png
  artifactKey: Guid(959f531ee55cdf44ebf1f1826f3797df) Importer(2089858483,b0f066a214c2f5e87bad3c948f4d605d)
Start importing Assets/3.UI/kenney_desert-shooter-pack_1.0/PNG/Interface/Tiles/tile_0030.png using Guid(959f531ee55cdf44ebf1f1826f3797df) Importer(2089858483,b0f066a214c2f5e87bad3c948f4d605d) (ScriptedImporter) -> (artifact id: '8af41cc20f36f24145a1dbf4e6036ee5') in 0.0263932 seconds
Number of updated asset objects reloaded before import = 0Number of asset objects unloaded after import = 1

========================================================================
Received Import Request.
  Time since last request: 0.000024 seconds.
  path: Assets/3.UI/kenney_board-game-icons/Vector/Icons/dice_2.svg
  artifactKey: Guid(0d4477d6ced77cb4280bd17e1723a9e3) Importer(2089858483,b0f066a214c2f5e87bad3c948f4d605d)
Start importing Assets/3.UI/kenney_board-game-icons/Vector/Icons/dice_2.svg using Guid(0d4477d6ced77cb4280bd17e1723a9e3) Importer(2089858483,b0f066a214c2f5e87bad3c948f4d605d) (ScriptedImporter) -> (artifact id: '60146844d15f1009a7e007360c409e1d') in 0.0171039 seconds
Number of updated asset objects reloaded before import = 0Number of asset objects unloaded after import = 1

========================================================================
Received Import Request.
  Time since last request: 0.000029 seconds.
  path: Assets/3.UI/kenney_desert-shooter-pack_1.0/PNG/Interface/Tiles/tile_0012.png
  artifactKey: Guid(70bdbfcb139beaa4481353a7acac54b3) Importer(2089858483,b0f066a214c2f5e87bad3c948f4d605d)
Start importing Assets/3.UI/kenney_desert-shooter-pack_1.0/PNG/Interface/Tiles/tile_0012.png using Guid(70bdbfcb139beaa4481353a7acac54b3) Importer(2089858483,b0f066a214c2f5e87bad3c948f4d605d) (ScriptedImporter) -> (artifact id: '129c84cacb2943a69a6d4dc6f986d297') in 0.0168694 seconds
Number of updated asset objects reloaded before import = 0Number of asset objects unloaded after import = 1

========================================================================
Received Import Request.
  Time since last request: 0.000071 seconds.
  path: Assets/3.UI/kenney_board-game-icons/Vector/Icons/lock_closed.svg
  artifactKey: Guid(9b3d4e1ec7829f4438ee7f2bdd7272ed) Importer(2089858483,b0f066a214c2f5e87bad3c948f4d605d)
Start importing Assets/3.UI/kenney_board-game-icons/Vector/Icons/lock_closed.svg using Guid(9b3d4e1ec7829f4438ee7f2bdd7272ed) Importer(2089858483,b0f066a214c2f5e87bad3c948f4d605d) (ScriptedImporter) -> (artifact id: '3ff4a95638fc44552972d31a097d9fba') in 0.0181638 seconds
Number of updated asset objects reloaded before import = 0Number of asset objects unloaded after import = 1

========================================================================
Received Import Request.
  Time since last request: 0.000140 seconds.
  path: Assets/3.UI/kenney_board-game-icons/PNG/Default (64px)/d4.png
  artifactKey: Guid(c878bb6ae3f0f264f9892a70b9d81d95) Importer(2089858483,b0f066a214c2f5e87bad3c948f4d605d)
Start importing Assets/3.UI/kenney_board-game-icons/PNG/Default (64px)/d4.png using Guid(c878bb6ae3f0f264f9892a70b9d81d95) Importer(2089858483,b0f066a214c2f5e87bad3c948f4d605d) (ScriptedImporter) -> (artifact id: 'b9255363681dcd3b9a248790280e40b4') in 0.0166992 seconds
Number of updated asset objects reloaded before import = 0Number of asset objects unloaded after import = 1

========================================================================
Received Import Request.
  Time since last request: 0.000025 seconds.
  path: Assets/3.UI/kenney_desert-shooter-pack_1.0/PNG/Interface/Tiles/tile_0016.png
  artifactKey: Guid(8fdd8c8019c08b9439fc5355b2604497) Importer(2089858483,b0f066a214c2f5e87bad3c948f4d605d)
Start importing Assets/3.UI/kenney_desert-shooter-pack_1.0/PNG/Interface/Tiles/tile_0016.png using Guid(8fdd8c8019c08b9439fc5355b2604497) Importer(2089858483,b0f066a214c2f5e87bad3c948f4d605d) (ScriptedImporter) -> (artifact id: 'd846d326d3a697b744283424cac9ec93') in 0.0183896 seconds
Number of updated asset objects reloaded before import = 0Number of asset objects unloaded after import = 1

========================================================================
Received Import Request.
  Time since last request: 0.000077 seconds.
  path: Assets/3.UI/kenney_board-game-icons/PNG/Default (64px)/notepad_write.png
  artifactKey: Guid(856883b6933d4284d80e1611fadd3627) Importer(2089858483,b0f066a214c2f5e87bad3c948f4d605d)
Start importing Assets/3.UI/kenney_board-game-icons/PNG/Default (64px)/notepad_write.png using Guid(856883b6933d4284d80e1611fadd3627) Importer(2089858483,b0f066a214c2f5e87bad3c948f4d605d) (ScriptedImporter) -> (artifact id: 'ac89dd16d420381d0fce5174ff1aa121') in 0.0212756 seconds
Number of updated asset objects reloaded before import = 0Number of asset objects unloaded after import = 1

========================================================================
Received Import Request.
  Time since last request: 0.000040 seconds.
  path: Assets/3.UI/kenney_board-game-icons/PNG/Double (128px)/token.png
  artifactKey: Guid(15bc52b78e2313a4098be3a984336348) Importer(2089858483,b0f066a214c2f5e87bad3c948f4d605d)
Start importing Assets/3.UI/kenney_board-game-icons/PNG/Double (128px)/token.png using Guid(15bc52b78e2313a4098be3a984336348) Importer(2089858483,b0f066a214c2f5e87bad3c948f4d605d) (ScriptedImporter) -> (artifact id: '88f89efc4e8b0cedf9c1e72be5d47a77') in 0.0188579 seconds
Number of updated asset objects reloaded before import = 0Number of asset objects unloaded after import = 1

========================================================================
Received Import Request.
  Time since last request: 0.000046 seconds.
  path: Assets/3.UI/kenney_cursor-pixel-pack/Tiles/tile_0018.png
  artifactKey: Guid(51c0c382d88ede940b6a48549f4b447a) Importer(2089858483,b0f066a214c2f5e87bad3c948f4d605d)
Start importing Assets/3.UI/kenney_cursor-pixel-pack/Tiles/tile_0018.png using Guid(51c0c382d88ede940b6a48549f4b447a) Importer(2089858483,b0f066a214c2f5e87bad3c948f4d605d) (ScriptedImporter) -> (artifact id: '21bc43f60511a6e24020f45ab70372eb') in 0.0155389 seconds
Number of updated asset objects reloaded before import = 0Number of asset objects unloaded after import = 1

========================================================================
Received Import Request.
  Time since last request: 0.000038 seconds.
  path: Assets/3.UI/kenney_board-game-icons/Vector/Icons/chess_rook.svg
  artifactKey: Guid(88059f3c391af2645b287dd565be7eac) Importer(2089858483,b0f066a214c2f5e87bad3c948f4d605d)
Start importing Assets/3.UI/kenney_board-game-icons/Vector/Icons/chess_rook.svg using Guid(88059f3c391af2645b287dd565be7eac) Importer(2089858483,b0f066a214c2f5e87bad3c948f4d605d) (ScriptedImporter) -> (artifact id: 'c31feb4dedf8d8d1a8e499d9bbaceffd') in 0.0173632 seconds
Number of updated asset objects reloaded before import = 0Number of asset objects unloaded after import = 1

========================================================================
Received Import Request.
  Time since last request: 0.000039 seconds.
  path: Assets/3.UI/kenney_cursor-pixel-pack/Tiles/tile_0038.png
  artifactKey: Guid(89fd310ab98fcfa438b133c63988ad00) Importer(2089858483,b0f066a214c2f5e87bad3c948f4d605d)
Start importing Assets/3.UI/kenney_cursor-pixel-pack/Tiles/tile_0038.png using Guid(89fd310ab98fcfa438b133c63988ad00) Importer(2089858483,b0f066a214c2f5e87bad3c948f4d605d) (ScriptedImporter) -> (artifact id: 'fe36da29c096145c3e1d19cd13eb00b7') in 0.0191624 seconds
Number of updated asset objects reloaded before import = 0Number of asset objects unloaded after import = 1

========================================================================
Received Import Request.
  Time since last request: 0.000063 seconds.
  path: Assets/3.UI/kenney_board-game-icons/PNG/Double (128px)/arrow_reserve.png
  artifactKey: Guid(b3750ee32e9a2134985677fb8cae5a8e) Importer(2089858483,b0f066a214c2f5e87bad3c948f4d605d)
Start importing Assets/3.UI/kenney_board-game-icons/PNG/Double (128px)/arrow_reserve.png using Guid(b3750ee32e9a2134985677fb8cae5a8e) Importer(2089858483,b0f066a214c2f5e87bad3c948f4d605d) (ScriptedImporter) -> (artifact id: '6185bd633828cf4ed236f49046baec36') in 0.0194798 seconds
Number of updated asset objects reloaded before import = 0Number of asset objects unloaded after import = 1

========================================================================
Received Import Request.
  Time since last request: 0.000023 seconds.
  path: Assets/3.UI/kenney_board-game-icons/Vector/Icons/rhombus_question.svg
  artifactKey: Guid(cabd8dc50d8060c42966ccd034c72ad1) Importer(2089858483,b0f066a214c2f5e87bad3c948f4d605d)
Start importing Assets/3.UI/kenney_board-game-icons/Vector/Icons/rhombus_question.svg using Guid(cabd8dc50d8060c42966ccd034c72ad1) Importer(2089858483,b0f066a214c2f5e87bad3c948f4d605d) (ScriptedImporter) -> (artifact id: 'f0dad6293de4cb3c9873c4fa6b7839a0') in 0.018219 seconds
Number of updated asset objects reloaded before import = 0Number of asset objects unloaded after import = 1

========================================================================
Received Import Request.
  Time since last request: 0.000020 seconds.
  path: Assets/3.UI/kenney_board-game-icons/Vector/Icons/pentagon_outline.svg
  artifactKey: Guid(6677a693ec2e9934f93a575fce03ce47) Importer(2089858483,b0f066a214c2f5e87bad3c948f4d605d)
Start importing Assets/3.UI/kenney_board-game-icons/Vector/Icons/pentagon_outline.svg using Guid(6677a693ec2e9934f93a575fce03ce47) Importer(2089858483,b0f066a214c2f5e87bad3c948f4d605d) (ScriptedImporter) -> (artifact id: '53020173212b1e882822d89baab83367') in 0.0208857 seconds
Number of updated asset objects reloaded before import = 0Number of asset objects unloaded after import = 1

========================================================================
Received Import Request.
  Time since last request: 0.000030 seconds.
  path: Assets/3.UI/kenney_desert-shooter-pack_1.0/PNG/Interface/Tiles/tile_0167.png
  artifactKey: Guid(47609e995c10a124784760e314448d86) Importer(2089858483,b0f066a214c2f5e87bad3c948f4d605d)
Start importing Assets/3.UI/kenney_desert-shooter-pack_1.0/PNG/Interface/Tiles/tile_0167.png using Guid(47609e995c10a124784760e314448d86) Importer(2089858483,b0f066a214c2f5e87bad3c948f4d605d) (ScriptedImporter) -> (artifact id: 'e42207e3ea861b71301abf83be19408a') in 0.0171511 seconds
Number of updated asset objects reloaded before import = 0Number of asset objects unloaded after import = 1

========================================================================
Received Import Request.
  Time since last request: 0.000024 seconds.
  path: Assets/3.UI/kenney_desert-shooter-pack_1.0/PNG/Tiles/Tiles/tile_0141.png
  artifactKey: Guid(4b44663ab0f322b4d979e4d4ebeabfcb) Importer(2089858483,b0f066a214c2f5e87bad3c948f4d605d)
Start importing Assets/3.UI/kenney_desert-shooter-pack_1.0/PNG/Tiles/Tiles/tile_0141.png using Guid(4b44663ab0f322b4d979e4d4ebeabfcb) Importer(2089858483,b0f066a214c2f5e87bad3c948f4d605d) (ScriptedImporter) -> (artifact id: '828bc7f9420e85e4845048746b2812af') in 0.0219668 seconds
Number of updated asset objects reloaded before import = 0Number of asset objects unloaded after import = 1

========================================================================
Received Import Request.
  Time since last request: 0.000028 seconds.
  path: Assets/3.UI/kenney_cursor-pixel-pack/Tiles/tile_0006.png
  artifactKey: Guid(8101fe7e8ca5b9b48967f49f17acf91c) Importer(2089858483,b0f066a214c2f5e87bad3c948f4d605d)
Start importing Assets/3.UI/kenney_cursor-pixel-pack/Tiles/tile_0006.png using Guid(8101fe7e8ca5b9b48967f49f17acf91c) Importer(2089858483,b0f066a214c2f5e87bad3c948f4d605d) (ScriptedImporter) -> (artifact id: '8653aff1aa3fac3a6010b1b2d3b80ee5') in 0.0172182 seconds
Number of updated asset objects reloaded before import = 0Number of asset objects unloaded after import = 1

========================================================================
Received Import Request.
  Time since last request: 0.000024 seconds.
  path: Assets/3.UI/kenney_cursor-pixel-pack/Tiles/tile_0107.png
  artifactKey: Guid(5680e57e38d27f64599a3363d3ce489a) Importer(2089858483,b0f066a214c2f5e87bad3c948f4d605d)
Start importing Assets/3.UI/kenney_cursor-pixel-pack/Tiles/tile_0107.png using Guid(5680e57e38d27f64599a3363d3ce489a) Importer(2089858483,b0f066a214c2f5e87bad3c948f4d605d) (ScriptedImporter) -> (artifact id: 'e60df4fca588165b316694cb40f30108') in 0.019592 seconds
Number of updated asset objects reloaded before import = 0Number of asset objects unloaded after import = 1

========================================================================
Received Import Request.
  Time since last request: 0.000030 seconds.
  path: Assets/3.UI/kenney_board-game-icons/PNG/Default (64px)/card_tap_outline_up.png
  artifactKey: Guid(58c92d88ada2cb048a0ff76748f54d8e) Importer(2089858483,b0f066a214c2f5e87bad3c948f4d605d)
Start importing Assets/3.UI/kenney_board-game-icons/PNG/Default (64px)/card_tap_outline_up.png using Guid(58c92d88ada2cb048a0ff76748f54d8e) Importer(2089858483,b0f066a214c2f5e87bad3c948f4d605d) (ScriptedImporter) -> (artifact id: 'def90e689148ba4632190c6cf479b67f') in 0.0196623 seconds
Number of updated asset objects reloaded before import = 0Number of asset objects unloaded after import = 1

========================================================================
Received Import Request.
  Time since last request: 0.000016 seconds.
  path: Assets/3.UI/kenney_desert-shooter-pack_1.0/PNG/Tiles/Tiles/tile_0080.png
  artifactKey: Guid(ee3bd684811e1eb469409fbc27474558) Importer(2089858483,b0f066a214c2f5e87bad3c948f4d605d)
Start importing Assets/3.UI/kenney_desert-shooter-pack_1.0/PNG/Tiles/Tiles/tile_0080.png using Guid(ee3bd684811e1eb469409fbc27474558) Importer(2089858483,b0f066a214c2f5e87bad3c948f4d605d) (ScriptedImporter) -> (artifact id: '7eda6a9b94dd4698a6d315cc6e5d43a6') in 0.0660594 seconds
Number of updated asset objects reloaded before import = 0Number of asset objects unloaded after import = 1

========================================================================
Received Import Request.
  Time since last request: 0.000019 seconds.
  path: Assets/3.UI/kenney_desert-shooter-pack_1.0/PNG/Tiles/Tiles/tile_0216.png
  artifactKey: Guid(0c5f410ded196f749bbd3323d675265d) Importer(2089858483,b0f066a214c2f5e87bad3c948f4d605d)
Start importing Assets/3.UI/kenney_desert-shooter-pack_1.0/PNG/Tiles/Tiles/tile_0216.png using Guid(0c5f410ded196f749bbd3323d675265d) Importer(2089858483,b0f066a214c2f5e87bad3c948f4d605d) (ScriptedImporter) -> (artifact id: '96278a858e0bdb1e7cfed89ac4b6d40a') in 0.025208 seconds
Number of updated asset objects reloaded before import = 0Number of asset objects unloaded after import = 1

========================================================================
Received Import Request.
  Time since last request: 0.000037 seconds.
  path: Assets/3.UI/kenney_desert-shooter-pack_1.0/PNG/Interface/Tiles/tile_0046.png
  artifactKey: Guid(4131c32207f18d2448280593f2e10169) Importer(2089858483,b0f066a214c2f5e87bad3c948f4d605d)
Start importing Assets/3.UI/kenney_desert-shooter-pack_1.0/PNG/Interface/Tiles/tile_0046.png using Guid(4131c32207f18d2448280593f2e10169) Importer(2089858483,b0f066a214c2f5e87bad3c948f4d605d) (ScriptedImporter) -> (artifact id: '33a59fc8b0149f8c983112fda7df52cc') in 0.0177251 seconds
Number of updated asset objects reloaded before import = 0Number of asset objects unloaded after import = 1

========================================================================
Received Import Request.
  Time since last request: 0.000051 seconds.
  path: Assets/3.UI/kenney_desert-shooter-pack_1.0/PNG/Tiles/Tiles/tile_0215.png
  artifactKey: Guid(91c4e21f1df5cbe48b81f5f79c334231) Importer(2089858483,b0f066a214c2f5e87bad3c948f4d605d)
Start importing Assets/3.UI/kenney_desert-shooter-pack_1.0/PNG/Tiles/Tiles/tile_0215.png using Guid(91c4e21f1df5cbe48b81f5f79c334231) Importer(2089858483,b0f066a214c2f5e87bad3c948f4d605d) (ScriptedImporter) -> (artifact id: '909b32c3925abcaa62c2cb878a5164ed') in 0.0212303 seconds
Number of updated asset objects reloaded before import = 0Number of asset objects unloaded after import = 1

========================================================================
Received Import Request.
  Time since last request: 0.000034 seconds.
  path: Assets/3.UI/kenney_board-game-icons/Vector/Icons/hand_token_open.svg
  artifactKey: Guid(30962fee0ff3b0f4dba3f42ec6168aa5) Importer(2089858483,b0f066a214c2f5e87bad3c948f4d605d)
Start importing Assets/3.UI/kenney_board-game-icons/Vector/Icons/hand_token_open.svg using Guid(30962fee0ff3b0f4dba3f42ec6168aa5) Importer(2089858483,b0f066a214c2f5e87bad3c948f4d605d) (ScriptedImporter) -> (artifact id: '035f1bd13c9e0ade27084a234f6b474c') in 0.0171302 seconds
Number of updated asset objects reloaded before import = 0Number of asset objects unloaded after import = 1

========================================================================
Received Import Request.
  Time since last request: 0.000024 seconds.
  path: Assets/3.UI/kenney_cursor-pixel-pack/Tiles/tile_0206.png
  artifactKey: Guid(6923d0a2050a561468b2f3870208a794) Importer(2089858483,b0f066a214c2f5e87bad3c948f4d605d)
Start importing Assets/3.UI/kenney_cursor-pixel-pack/Tiles/tile_0206.png using Guid(6923d0a2050a561468b2f3870208a794) Importer(2089858483,b0f066a214c2f5e87bad3c948f4d605d) (ScriptedImporter) -> (artifact id: '7ba54c2804094f2c416aaf8cb2f78301') in 0.017405 seconds
Number of updated asset objects reloaded before import = 0Number of asset objects unloaded after import = 1

========================================================================
Received Import Request.
  Time since last request: 0.000023 seconds.
  path: Assets/3.UI/kenney_desert-shooter-pack_1.0/PNG/Tiles/Tiles/tile_0136.png
  artifactKey: Guid(2ffe6f39260c9a940ab02f2d5745b2dc) Importer(2089858483,b0f066a214c2f5e87bad3c948f4d605d)
Start importing Assets/3.UI/kenney_desert-shooter-pack_1.0/PNG/Tiles/Tiles/tile_0136.png using Guid(2ffe6f39260c9a940ab02f2d5745b2dc) Importer(2089858483,b0f066a214c2f5e87bad3c948f4d605d) (ScriptedImporter) -> (artifact id: 'd3afd44b32c96ad551a6d8ea28c5fcf0') in 0.0238058 seconds
Number of updated asset objects reloaded before import = 0Number of asset objects unloaded after import = 1

========================================================================
Received Import Request.
  Time since last request: 0.000026 seconds.
  path: Assets/3.UI/kenney_desert-shooter-pack_1.0/PNG/Tiles/Tiles/tile_0105.png
  artifactKey: Guid(e327db6e74d66674caa1c61f60e51ebe) Importer(2089858483,b0f066a214c2f5e87bad3c948f4d605d)
Start importing Assets/3.UI/kenney_desert-shooter-pack_1.0/PNG/Tiles/Tiles/tile_0105.png using Guid(e327db6e74d66674caa1c61f60e51ebe) Importer(2089858483,b0f066a214c2f5e87bad3c948f4d605d) (ScriptedImporter) -> (artifact id: '105a16d999f492f8108b693e73c099e2') in 0.0196129 seconds
Number of updated asset objects reloaded before import = 0Number of asset objects unloaded after import = 1

========================================================================
Received Import Request.
  Time since last request: 0.000024 seconds.
  path: Assets/3.UI/kenney_board-game-icons/Vector/Icons/arrow_reserve.svg
  artifactKey: Guid(8fed33813cbc0be49a49cb6baad9289e) Importer(2089858483,b0f066a214c2f5e87bad3c948f4d605d)
Start importing Assets/3.UI/kenney_board-game-icons/Vector/Icons/arrow_reserve.svg using Guid(8fed33813cbc0be49a49cb6baad9289e) Importer(2089858483,b0f066a214c2f5e87bad3c948f4d605d) (ScriptedImporter) -> (artifact id: 'ff663da50d2b24b21a834fd552b173fa') in 0.0247902 seconds
Number of updated asset objects reloaded before import = 0Number of asset objects unloaded after import = 1

========================================================================
Received Import Request.
  Time since last request: 0.000018 seconds.
  path: Assets/3.UI/kenney_desert-shooter-pack_1.0/PNG/Players/Tiles/tile_0005.png
  artifactKey: Guid(503610a36fba3a34fb78280a0b1c9e3c) Importer(2089858483,b0f066a214c2f5e87bad3c948f4d605d)
Start importing Assets/3.UI/kenney_desert-shooter-pack_1.0/PNG/Players/Tiles/tile_0005.png using Guid(503610a36fba3a34fb78280a0b1c9e3c) Importer(2089858483,b0f066a214c2f5e87bad3c948f4d605d) (ScriptedImporter) -> (artifact id: '6d92dfb8b53446e0d42e4f7ac42e8b30') in 0.0169096 seconds
Number of updated asset objects reloaded before import = 0Number of asset objects unloaded after import = 1

========================================================================
Received Import Request.
  Time since last request: 0.000033 seconds.
  path: Assets/3.UI/kenney_board-game-icons/PNG/Default (64px)/tag_d6_4.png
  artifactKey: Guid(93a6731815013ca459fcddcd41f79221) Importer(2089858483,b0f066a214c2f5e87bad3c948f4d605d)
Start importing Assets/3.UI/kenney_board-game-icons/PNG/Default (64px)/tag_d6_4.png using Guid(93a6731815013ca459fcddcd41f79221) Importer(2089858483,b0f066a214c2f5e87bad3c948f4d605d) (ScriptedImporter) -> (artifact id: '3d680162bdb574ab76924d0b8fdb91e1') in 0.0203791 seconds
Number of updated asset objects reloaded before import = 0Number of asset objects unloaded after import = 1

========================================================================
Received Import Request.
  Time since last request: 0.000040 seconds.
  path: Assets/3.UI/kenney_board-game-icons/Vector/Icons/card_diagonal.svg
  artifactKey: Guid(d47bbfafe1780e549a5b484fc27b402c) Importer(2089858483,b0f066a214c2f5e87bad3c948f4d605d)
Start importing Assets/3.UI/kenney_board-game-icons/Vector/Icons/card_diagonal.svg using Guid(d47bbfafe1780e549a5b484fc27b402c) Importer(2089858483,b0f066a214c2f5e87bad3c948f4d605d) (ScriptedImporter) -> (artifact id: '965c9c320f7fbc89428f8b06d5cfb450') in 0.0157224 seconds
Number of updated asset objects reloaded before import = 0Number of asset objects unloaded after import = 1

========================================================================
Received Import Request.
  Time since last request: 0.000025 seconds.
  path: Assets/3.UI/kenney_desert-shooter-pack_1.0/PNG/Tiles/Tiles/tile_0061.png
  artifactKey: Guid(0388a6a84ba90524b804e5ddcffbabb9) Importer(2089858483,b0f066a214c2f5e87bad3c948f4d605d)
Start importing Assets/3.UI/kenney_desert-shooter-pack_1.0/PNG/Tiles/Tiles/tile_0061.png using Guid(0388a6a84ba90524b804e5ddcffbabb9) Importer(2089858483,b0f066a214c2f5e87bad3c948f4d605d) (ScriptedImporter) -> (artifact id: '7c385c2220ac092db5fa19149218d721') in 0.0175861 seconds
Number of updated asset objects reloaded before import = 0Number of asset objects unloaded after import = 1

========================================================================
Received Import Request.
  Time since last request: 0.000017 seconds.
  path: Assets/3.UI/kenney_board-game-icons/PNG/Double (128px)/tag_9.png
  artifactKey: Guid(49b3225c776089245a1a477b31550333) Importer(2089858483,b0f066a214c2f5e87bad3c948f4d605d)
Start importing Assets/3.UI/kenney_board-game-icons/PNG/Double (128px)/tag_9.png using Guid(49b3225c776089245a1a477b31550333) Importer(2089858483,b0f066a214c2f5e87bad3c948f4d605d) (ScriptedImporter) -> (artifact id: '3db07a5c5a179a235a6c0d55918de6d1') in 0.0186532 seconds
Number of updated asset objects reloaded before import = 0Number of asset objects unloaded after import = 1

========================================================================
Received Import Request.
  Time since last request: 0.000022 seconds.
  path: Assets/3.UI/kenney_board-game-icons/Vector/Icons/cards_stack_high.svg
  artifactKey: Guid(fbd1ff2dcb5a2f341ae522a4662bcb66) Importer(2089858483,b0f066a214c2f5e87bad3c948f4d605d)
Start importing Assets/3.UI/kenney_board-game-icons/Vector/Icons/cards_stack_high.svg using Guid(fbd1ff2dcb5a2f341ae522a4662bcb66) Importer(2089858483,b0f066a214c2f5e87bad3c948f4d605d) (ScriptedImporter) -> (artifact id: '1f3d5d3ea7f1362c6cfc8d2c80b8e1ba') in 0.0162595 seconds
Number of updated asset objects reloaded before import = 0Number of asset objects unloaded after import = 1

========================================================================
Received Import Request.
  Time since last request: 0.000029 seconds.
  path: Assets/3.UI/kenney_cursor-pixel-pack/Tiles/tile_0159.png
  artifactKey: Guid(1e0d429474f4b614faf7c02654a5c70c) Importer(2089858483,b0f066a214c2f5e87bad3c948f4d605d)
Start importing Assets/3.UI/kenney_cursor-pixel-pack/Tiles/tile_0159.png using Guid(1e0d429474f4b614faf7c02654a5c70c) Importer(2089858483,b0f066a214c2f5e87bad3c948f4d605d) (ScriptedImporter) -> (artifact id: '84f3531d1b8c04d277f79ef232e5988f') in 0.0188088 seconds
Number of updated asset objects reloaded before import = 0Number of asset objects unloaded after import = 1

========================================================================
Received Import Request.
  Time since last request: 0.000018 seconds.
  path: Assets/3.UI/kenney_desert-shooter-pack_1.0/PNG/Tiles/Tiles/tile_0092.png
  artifactKey: Guid(cb85cb224ba3ee14b8a728ec66658c75) Importer(2089858483,b0f066a214c2f5e87bad3c948f4d605d)
Start importing Assets/3.UI/kenney_desert-shooter-pack_1.0/PNG/Tiles/Tiles/tile_0092.png using Guid(cb85cb224ba3ee14b8a728ec66658c75) Importer(2089858483,b0f066a214c2f5e87bad3c948f4d605d) (ScriptedImporter) -> (artifact id: '57add2320337b1dbe76d172ebc52a987') in 0.0240161 seconds
Number of updated asset objects reloaded before import = 0Number of asset objects unloaded after import = 1

========================================================================
Received Import Request.
  Time since last request: 0.000022 seconds.
  path: Assets/3.UI/kenney_board-game-icons/Vector/Icons/dice_1.svg
  artifactKey: Guid(bf1f0029a501ce64fb4fd11d5a3fe600) Importer(2089858483,b0f066a214c2f5e87bad3c948f4d605d)
Start importing Assets/3.UI/kenney_board-game-icons/Vector/Icons/dice_1.svg using Guid(bf1f0029a501ce64fb4fd11d5a3fe600) Importer(2089858483,b0f066a214c2f5e87bad3c948f4d605d) (ScriptedImporter) -> (artifact id: 'a411b6a75e7eedbc3585ade94dc2cc97') in 0.0190388 seconds
Number of updated asset objects reloaded before import = 0Number of asset objects unloaded after import = 1

========================================================================
Received Import Request.
  Time since last request: 0.000022 seconds.
  path: Assets/3.UI/kenney_board-game-icons/PNG/Double (128px)/card_rotate.png
  artifactKey: Guid(19db36fcafaa6f64eaf460f09256bfbe) Importer(2089858483,b0f066a214c2f5e87bad3c948f4d605d)
Start importing Assets/3.UI/kenney_board-game-icons/PNG/Double (128px)/card_rotate.png using Guid(19db36fcafaa6f64eaf460f09256bfbe) Importer(2089858483,b0f066a214c2f5e87bad3c948f4d605d) (ScriptedImporter) -> (artifact id: '472e2b1d91788a7af5a3777f92da528e') in 0.0178873 seconds
Number of updated asset objects reloaded before import = 0Number of asset objects unloaded after import = 1

========================================================================
Received Import Request.
  Time since last request: 0.000051 seconds.
  path: Assets/3.UI/kenney_board-game-icons/Vector/Icons/timer_CCW_50.svg
  artifactKey: Guid(f373272c5473cb64a8f4de11973655a4) Importer(2089858483,b0f066a214c2f5e87bad3c948f4d605d)
Start importing Assets/3.UI/kenney_board-game-icons/Vector/Icons/timer_CCW_50.svg using Guid(f373272c5473cb64a8f4de11973655a4) Importer(2089858483,b0f066a214c2f5e87bad3c948f4d605d) (ScriptedImporter) -> (artifact id: '3b9b42549d1c4d9cef35399688357d5d') in 0.0159366 seconds
Number of updated asset objects reloaded before import = 0Number of asset objects unloaded after import = 1

========================================================================
Received Import Request.
  Time since last request: 0.000021 seconds.
  path: Assets/3.UI/kenney_desert-shooter-pack_1.0/PNG/Tiles/Tiles/tile_0041.png
  artifactKey: Guid(9f9e25d0a3b878749931dfe2faa16861) Importer(2089858483,b0f066a214c2f5e87bad3c948f4d605d)
Start importing Assets/3.UI/kenney_desert-shooter-pack_1.0/PNG/Tiles/Tiles/tile_0041.png using Guid(9f9e25d0a3b878749931dfe2faa16861) Importer(2089858483,b0f066a214c2f5e87bad3c948f4d605d) (ScriptedImporter) -> (artifact id: 'f121dfdee90fb157c2622c94452ac034') in 0.0218554 seconds
Number of updated asset objects reloaded before import = 0Number of asset objects unloaded after import = 1

========================================================================
Received Import Request.
  Time since last request: 0.000021 seconds.
  path: Assets/3.UI/kenney_board-game-icons/PNG/Double (128px)/cards_stack_cross.png
  artifactKey: Guid(e43a37903596be0418c1cdadb8bb39d4) Importer(2089858483,b0f066a214c2f5e87bad3c948f4d605d)
Start importing Assets/3.UI/kenney_board-game-icons/PNG/Double (128px)/cards_stack_cross.png using Guid(e43a37903596be0418c1cdadb8bb39d4) Importer(2089858483,b0f066a214c2f5e87bad3c948f4d605d) (ScriptedImporter) -> (artifact id: 'a5192c69ed815a1481ad2052629e887a') in 0.0198354 seconds
Number of updated asset objects reloaded before import = 0Number of asset objects unloaded after import = 1

========================================================================
Received Import Request.
  Time since last request: 0.000021 seconds.
  path: Assets/3.UI/kenney_board-game-icons/PNG/Double (128px)/d10_outline.png
  artifactKey: Guid(5d57229d65e01fa4fbe2d70d177a1561) Importer(2089858483,b0f066a214c2f5e87bad3c948f4d605d)
Start importing Assets/3.UI/kenney_board-game-icons/PNG/Double (128px)/d10_outline.png using Guid(5d57229d65e01fa4fbe2d70d177a1561) Importer(2089858483,b0f066a214c2f5e87bad3c948f4d605d) (ScriptedImporter) -> (artifact id: '4cff2daa80b91ccae0e9ba6176881f5f') in 0.0169927 seconds
Number of updated asset objects reloaded before import = 0Number of asset objects unloaded after import = 1

========================================================================
Received Import Request.
  Time since last request: 0.000032 seconds.
  path: Assets/3.UI/kenney_board-game-icons/PNG/Double (128px)/campfire.png
  artifactKey: Guid(0ca17a604c978c74ea25319fab0dad8f) Importer(2089858483,b0f066a214c2f5e87bad3c948f4d605d)
Start importing Assets/3.UI/kenney_board-game-icons/PNG/Double (128px)/campfire.png using Guid(0ca17a604c978c74ea25319fab0dad8f) Importer(2089858483,b0f066a214c2f5e87bad3c948f4d605d) (ScriptedImporter) -> (artifact id: 'b4e768f85d60d7ab88681f0c18b28d5a') in 0.027191 seconds
Number of updated asset objects reloaded before import = 0Number of asset objects unloaded after import = 1

========================================================================
Received Import Request.
  Time since last request: 0.000021 seconds.
  path: Assets/3.UI/kenney_board-game-icons/Vector/Icons/award.svg
  artifactKey: Guid(668832778effa51468e4097325143a0d) Importer(2089858483,b0f066a214c2f5e87bad3c948f4d605d)
Start importing Assets/3.UI/kenney_board-game-icons/Vector/Icons/award.svg using Guid(668832778effa51468e4097325143a0d) Importer(2089858483,b0f066a214c2f5e87bad3c948f4d605d) (ScriptedImporter) -> (artifact id: '94ed23b6dabae6ed57c4efcc50f9dc39') in 0.0232799 seconds
Number of updated asset objects reloaded before import = 0Number of asset objects unloaded after import = 1

========================================================================
Received Import Request.
  Time since last request: 0.000017 seconds.
  path: Assets/3.UI/kenney_board-game-icons/PNG/Double (128px)/arrow_counterclockwise.png
  artifactKey: Guid(ed3393d7c5d3f3a47be77f3c6eb470d5) Importer(2089858483,b0f066a214c2f5e87bad3c948f4d605d)
Start importing Assets/3.UI/kenney_board-game-icons/PNG/Double (128px)/arrow_counterclockwise.png using Guid(ed3393d7c5d3f3a47be77f3c6eb470d5) Importer(2089858483,b0f066a214c2f5e87bad3c948f4d605d) (ScriptedImporter) -> (artifact id: 'a3b0bfcc06498ed7e0948617b7a3beac') in 0.0244169 seconds
Number of updated asset objects reloaded before import = 0Number of asset objects unloaded after import = 1

========================================================================
Received Import Request.
  Time since last request: 0.000022 seconds.
  path: Assets/3.UI/kenney_desert-shooter-pack_1.0/PNG/Weapons/Tiles/tile_0000.png
  artifactKey: Guid(48350137f11fb8a48b53912e8c9d1d22) Importer(2089858483,b0f066a214c2f5e87bad3c948f4d605d)
Start importing Assets/3.UI/kenney_desert-shooter-pack_1.0/PNG/Weapons/Tiles/tile_0000.png using Guid(48350137f11fb8a48b53912e8c9d1d22) Importer(2089858483,b0f066a214c2f5e87bad3c948f4d605d) (ScriptedImporter) -> (artifact id: '065246684f54c6f3cd59bb858b0799a0') in 0.0209202 seconds
Number of updated asset objects reloaded before import = 0Number of asset objects unloaded after import = 1

========================================================================
Received Import Request.
  Time since last request: 0.000196 seconds.
  path: Assets/3.UI/kenney_desert-shooter-pack_1.0/PNG/Weapons/Tiles/tile_0020.png
  artifactKey: Guid(6d396195085faea42b03c807bbf8a3fe) Importer(2089858483,b0f066a214c2f5e87bad3c948f4d605d)
Start importing Assets/3.UI/kenney_desert-shooter-pack_1.0/PNG/Weapons/Tiles/tile_0020.png using Guid(6d396195085faea42b03c807bbf8a3fe) Importer(2089858483,b0f066a214c2f5e87bad3c948f4d605d) (ScriptedImporter) -> (artifact id: 'a4f057fc42f233c4289c5f77dc4af0c4') in 0.0262484 seconds
Number of updated asset objects reloaded before import = 0Number of asset objects unloaded after import = 1

========================================================================
Received Import Request.
  Time since last request: 0.000018 seconds.
  path: Assets/3.UI/kenney_cursor-pixel-pack/Tiles/tile_0211.png
  artifactKey: Guid(f06734d443a9f694ba6a934a8f90d1ff) Importer(2089858483,b0f066a214c2f5e87bad3c948f4d605d)
Start importing Assets/3.UI/kenney_cursor-pixel-pack/Tiles/tile_0211.png using Guid(f06734d443a9f694ba6a934a8f90d1ff) Importer(2089858483,b0f066a214c2f5e87bad3c948f4d605d) (ScriptedImporter) -> (artifact id: '6f7770ab4194ba09585ba0d846687865') in 0.0217584 seconds
Number of updated asset objects reloaded before import = 0Number of asset objects unloaded after import = 1

========================================================================
Received Import Request.
  Time since last request: 0.000073 seconds.
  path: Assets/3.UI/kenney_desert-shooter-pack_1.0/PNG/Interface/Tiles/tile_0008.png
  artifactKey: Guid(a1acd686fa880574fba58c483ad98117) Importer(2089858483,b0f066a214c2f5e87bad3c948f4d605d)
Start importing Assets/3.UI/kenney_desert-shooter-pack_1.0/PNG/Interface/Tiles/tile_0008.png using Guid(a1acd686fa880574fba58c483ad98117) Importer(2089858483,b0f066a214c2f5e87bad3c948f4d605d) (ScriptedImporter) -> (artifact id: '0c78b7af07d876b6cf7ad372ef05d41c') in 0.0232131 seconds
Number of updated asset objects reloaded before import = 0Number of asset objects unloaded after import = 1

========================================================================
Received Import Request.
  Time since last request: 0.000018 seconds.
  path: Assets/3.UI/kenney_desert-shooter-pack_1.0/PNG/Tiles/Tiles/tile_0209.png
  artifactKey: Guid(6e0c43997970a324fad411086cf5a124) Importer(2089858483,b0f066a214c2f5e87bad3c948f4d605d)
Start importing Assets/3.UI/kenney_desert-shooter-pack_1.0/PNG/Tiles/Tiles/tile_0209.png using Guid(6e0c43997970a324fad411086cf5a124) Importer(2089858483,b0f066a214c2f5e87bad3c948f4d605d) (ScriptedImporter) -> (artifact id: '20fc791dd2c504dac0b6489564c9c807') in 0.0273498 seconds
Number of updated asset objects reloaded before import = 0Number of asset objects unloaded after import = 1

========================================================================
Received Import Request.
  Time since last request: 0.000026 seconds.
  path: Assets/3.UI/kenney_board-game-icons/PNG/Double (128px)/pawns.png
  artifactKey: Guid(36c1ca0241f105d4b9707818661ecfca) Importer(2089858483,b0f066a214c2f5e87bad3c948f4d605d)
Start importing Assets/3.UI/kenney_board-game-icons/PNG/Double (128px)/pawns.png using Guid(36c1ca0241f105d4b9707818661ecfca) Importer(2089858483,b0f066a214c2f5e87bad3c948f4d605d) (ScriptedImporter) -> (artifact id: '16442f5c38e8ba1a0c8139f858ff759e') in 0.02076 seconds
Number of updated asset objects reloaded before import = 0Number of asset objects unloaded after import = 1

========================================================================
Received Import Request.
  Time since last request: 0.000024 seconds.
  path: Assets/3.UI/kenney_board-game-icons/PNG/Default (64px)/shield.png
  artifactKey: Guid(7d4bf92cfb4da134080dbd04a72e1a53) Importer(2089858483,b0f066a214c2f5e87bad3c948f4d605d)
Start importing Assets/3.UI/kenney_board-game-icons/PNG/Default (64px)/shield.png using Guid(7d4bf92cfb4da134080dbd04a72e1a53) Importer(2089858483,b0f066a214c2f5e87bad3c948f4d605d) (ScriptedImporter) -> (artifact id: '0addaef509f63558065b4303469fbe01') in 0.0255515 seconds
Number of updated asset objects reloaded before import = 0Number of asset objects unloaded after import = 1

========================================================================
Received Import Request.
  Time since last request: 0.000016 seconds.
  path: Assets/3.UI/kenney_desert-shooter-pack_1.0/PNG/Interface/Tiles/tile_0173.png
  artifactKey: Guid(8120efed2a0807f4694120d042f62dad) Importer(2089858483,b0f066a214c2f5e87bad3c948f4d605d)
Start importing Assets/3.UI/kenney_desert-shooter-pack_1.0/PNG/Interface/Tiles/tile_0173.png using Guid(8120efed2a0807f4694120d042f62dad) Importer(2089858483,b0f066a214c2f5e87bad3c948f4d605d) (ScriptedImporter) -> (artifact id: 'd0391034eee72c11b3d18a1612fb9536') in 0.0169673 seconds
Number of updated asset objects reloaded before import = 0Number of asset objects unloaded after import = 1

========================================================================
Received Import Request.
  Time since last request: 0.000020 seconds.
  path: Assets/3.UI/kenney_board-game-icons/Vector/Icons/flip_half.svg
  artifactKey: Guid(feae10287100a6348a175461a3e33244) Importer(2089858483,b0f066a214c2f5e87bad3c948f4d605d)
Start importing Assets/3.UI/kenney_board-game-icons/Vector/Icons/flip_half.svg using Guid(feae10287100a6348a175461a3e33244) Importer(2089858483,b0f066a214c2f5e87bad3c948f4d605d) (ScriptedImporter) -> (artifact id: '1dbe8d1152e020242d327584b2f94d4e') in 0.0190039 seconds
Number of updated asset objects reloaded before import = 0Number of asset objects unloaded after import = 1

========================================================================
Received Import Request.
  Time since last request: 0.000044 seconds.
  path: Assets/3.UI/kenney_board-game-icons/PNG/Default (64px)/card_subtract.png
  artifactKey: Guid(3c314dc0a39d214438c285dc18826610) Importer(2089858483,b0f066a214c2f5e87bad3c948f4d605d)
Start importing Assets/3.UI/kenney_board-game-icons/PNG/Default (64px)/card_subtract.png using Guid(3c314dc0a39d214438c285dc18826610) Importer(2089858483,b0f066a214c2f5e87bad3c948f4d605d) (ScriptedImporter) -> (artifact id: 'fa514e7ad97c5a9cb4364205aafd393d') in 0.0235676 seconds
Number of updated asset objects reloaded before import = 0Number of asset objects unloaded after import = 1

========================================================================
Received Import Request.
  Time since last request: 0.000067 seconds.
  path: Assets/3.UI/kenney_board-game-icons/PNG/Double (128px)/d8_number.png
  artifactKey: Guid(182a76026d073254bb598e68bd0017ad) Importer(2089858483,b0f066a214c2f5e87bad3c948f4d605d)
Start importing Assets/3.UI/kenney_board-game-icons/PNG/Double (128px)/d8_number.png using Guid(182a76026d073254bb598e68bd0017ad) Importer(2089858483,b0f066a214c2f5e87bad3c948f4d605d) (ScriptedImporter) -> (artifact id: '41179dfa5b37badce647283847480fdf') in 0.0257195 seconds
Number of updated asset objects reloaded before import = 0Number of asset objects unloaded after import = 1

========================================================================
Received Import Request.
  Time since last request: 0.000019 seconds.
  path: Assets/3.UI/kenney_desert-shooter-pack_1.0/PNG/Players/Tiles/tile_0007.png
  artifactKey: Guid(113044150f2071a4dafeb560d170c95f) Importer(2089858483,b0f066a214c2f5e87bad3c948f4d605d)
Start importing Assets/3.UI/kenney_desert-shooter-pack_1.0/PNG/Players/Tiles/tile_0007.png using Guid(113044150f2071a4dafeb560d170c95f) Importer(2089858483,b0f066a214c2f5e87bad3c948f4d605d) (ScriptedImporter) -> (artifact id: '44ff58db6838e7174b964b51feb08882') in 0.0239201 seconds
Number of updated asset objects reloaded before import = 0Number of asset objects unloaded after import = 1

========================================================================
Received Import Request.
  Time since last request: 0.000020 seconds.
  path: Assets/3.UI/kenney_desert-shooter-pack_1.0/PNG/Interface/Tiles/tile_0091.png
  artifactKey: Guid(db2dde29900dd994ca8bc74876f4f835) Importer(2089858483,b0f066a214c2f5e87bad3c948f4d605d)
Start importing Assets/3.UI/kenney_desert-shooter-pack_1.0/PNG/Interface/Tiles/tile_0091.png using Guid(db2dde29900dd994ca8bc74876f4f835) Importer(2089858483,b0f066a214c2f5e87bad3c948f4d605d) (ScriptedImporter) -> (artifact id: 'd8f9dc6da286b8e08abf93231e9682b1') in 0.0185984 seconds
Number of updated asset objects reloaded before import = 0Number of asset objects unloaded after import = 1

========================================================================
Received Import Request.
  Time since last request: 0.000140 seconds.
  path: Assets/3.UI/kenney_board-game-icons/Vector/Icons/resource_wheat.svg
  artifactKey: Guid(c566ed75172d34441b01d9dc94eb04a4) Importer(2089858483,b0f066a214c2f5e87bad3c948f4d605d)
Start importing Assets/3.UI/kenney_board-game-icons/Vector/Icons/resource_wheat.svg using Guid(c566ed75172d34441b01d9dc94eb04a4) Importer(2089858483,b0f066a214c2f5e87bad3c948f4d605d) (ScriptedImporter) -> (artifact id: 'f0eb2e4dc8bc95a97ca19a0493c03568') in 0.0178053 seconds
Number of updated asset objects reloaded before import = 0Number of asset objects unloaded after import = 1

========================================================================
Received Import Request.
  Time since last request: 0.000021 seconds.
  path: Assets/3.UI/kenney_desert-shooter-pack_1.0/PNG/Tiles/Tiles/tile_0194.png
  artifactKey: Guid(39bc7d9113336b440877bd731fc3b834) Importer(2089858483,b0f066a214c2f5e87bad3c948f4d605d)
Start importing Assets/3.UI/kenney_desert-shooter-pack_1.0/PNG/Tiles/Tiles/tile_0194.png using Guid(39bc7d9113336b440877bd731fc3b834) Importer(2089858483,b0f066a214c2f5e87bad3c948f4d605d) (ScriptedImporter) -> (artifact id: 'bbfa578506445e3aef185fe82575889f') in 0.0180462 seconds
Number of updated asset objects reloaded before import = 0Number of asset objects unloaded after import = 1

========================================================================
Received Import Request.
  Time since last request: 0.000017 seconds.
  path: Assets/3.UI/kenney_board-game-icons/PNG/Default (64px)/card_rotate.png
  artifactKey: Guid(2ce6739fc066c5d40bbce78f56e6afde) Importer(2089858483,b0f066a214c2f5e87bad3c948f4d605d)
Start importing Assets/3.UI/kenney_board-game-icons/PNG/Default (64px)/card_rotate.png using Guid(2ce6739fc066c5d40bbce78f56e6afde) Importer(2089858483,b0f066a214c2f5e87bad3c948f4d605d) (ScriptedImporter) -> (artifact id: '4975a6d037c2932abac1f674705fca5f') in 0.0178971 seconds
Number of updated asset objects reloaded before import = 0Number of asset objects unloaded after import = 1

========================================================================
Received Import Request.
  Time since last request: 0.000050 seconds.
  path: Assets/3.UI/kenney_desert-shooter-pack_1.0/PNG/Interface/Tiles/tile_0154.png
  artifactKey: Guid(cb174118a3baa924bbbed96a03583c49) Importer(2089858483,b0f066a214c2f5e87bad3c948f4d605d)
Start importing Assets/3.UI/kenney_desert-shooter-pack_1.0/PNG/Interface/Tiles/tile_0154.png using Guid(cb174118a3baa924bbbed96a03583c49) Importer(2089858483,b0f066a214c2f5e87bad3c948f4d605d) (ScriptedImporter) -> (artifact id: '8c7d3cb4ab3f7453d43aca1ff1c22f61') in 0.0243205 seconds
Number of updated asset objects reloaded before import = 0Number of asset objects unloaded after import = 1

========================================================================
Received Import Request.
  Time since last request: 0.000058 seconds.
  path: Assets/3.UI/kenney_cursor-pixel-pack/Tiles/tile_0057.png
  artifactKey: Guid(5d522ee67b4931d4fa70ba51353a4ec0) Importer(2089858483,b0f066a214c2f5e87bad3c948f4d605d)
Start importing Assets/3.UI/kenney_cursor-pixel-pack/Tiles/tile_0057.png using Guid(5d522ee67b4931d4fa70ba51353a4ec0) Importer(2089858483,b0f066a214c2f5e87bad3c948f4d605d) (ScriptedImporter) -> (artifact id: '4847cecbdecfab987d46f6c2f9a18514') in 0.0152935 seconds
Number of updated asset objects reloaded before import = 0Number of asset objects unloaded after import = 1

========================================================================
Received Import Request.
  Time since last request: 0.000029 seconds.
  path: Assets/3.UI/kenney_desert-shooter-pack_1.0/PNG/Tiles/Tiles/tile_0219.png
  artifactKey: Guid(0857dc8260b668845988a3e7fcaa1e1f) Importer(2089858483,b0f066a214c2f5e87bad3c948f4d605d)
Start importing Assets/3.UI/kenney_desert-shooter-pack_1.0/PNG/Tiles/Tiles/tile_0219.png using Guid(0857dc8260b668845988a3e7fcaa1e1f) Importer(2089858483,b0f066a214c2f5e87bad3c948f4d605d) (ScriptedImporter) -> (artifact id: '259531835ab19a88d1abccac7db5b034') in 0.0190818 seconds
Number of updated asset objects reloaded before import = 0Number of asset objects unloaded after import = 1

========================================================================
Received Import Request.
  Time since last request: 0.000018 seconds.
  path: Assets/3.UI/kenney_desert-shooter-pack_1.0/PNG/Tiles/Tiles/tile_0173.png
  artifactKey: Guid(8508b8ab7a0f79346af69b5e0ee2c92c) Importer(2089858483,b0f066a214c2f5e87bad3c948f4d605d)
Start importing Assets/3.UI/kenney_desert-shooter-pack_1.0/PNG/Tiles/Tiles/tile_0173.png using Guid(8508b8ab7a0f79346af69b5e0ee2c92c) Importer(2089858483,b0f066a214c2f5e87bad3c948f4d605d) (ScriptedImporter) -> (artifact id: '47655b7abbad32054424e1d87d1ce5d6') in 0.0186899 seconds
Number of updated asset objects reloaded before import = 0Number of asset objects unloaded after import = 1

========================================================================
Received Import Request.
  Time since last request: 0.000027 seconds.
  path: Assets/3.UI/kenney_desert-shooter-pack_1.0/PNG/Tiles/Tiles/tile_0087.png
  artifactKey: Guid(bfbcd15a3ee79424d8bda983eb583288) Importer(2089858483,b0f066a214c2f5e87bad3c948f4d605d)
Start importing Assets/3.UI/kenney_desert-shooter-pack_1.0/PNG/Tiles/Tiles/tile_0087.png using Guid(bfbcd15a3ee79424d8bda983eb583288) Importer(2089858483,b0f066a214c2f5e87bad3c948f4d605d) (ScriptedImporter) -> (artifact id: 'dc456517f7509f252e3510cd270e3251') in 0.0188939 seconds
Number of updated asset objects reloaded before import = 0Number of asset objects unloaded after import = 1

========================================================================
Received Import Request.
  Time since last request: 0.000029 seconds.
  path: Assets/3.UI/kenney_desert-shooter-pack_1.0/PNG/Weapons/Tiles/tile_0009.png
  artifactKey: Guid(c3cd6dd6ca61e544cbc0f327f6e5f08f) Importer(2089858483,b0f066a214c2f5e87bad3c948f4d605d)
Start importing Assets/3.UI/kenney_desert-shooter-pack_1.0/PNG/Weapons/Tiles/tile_0009.png using Guid(c3cd6dd6ca61e544cbc0f327f6e5f08f) Importer(2089858483,b0f066a214c2f5e87bad3c948f4d605d) (ScriptedImporter) -> (artifact id: '4d65cc39f8e418685c98a8e8e6c61341') in 0.0184529 seconds
Number of updated asset objects reloaded before import = 0Number of asset objects unloaded after import = 1

========================================================================
Received Import Request.
  Time since last request: 0.000074 seconds.
  path: Assets/3.UI/kenney_desert-shooter-pack_1.0/PNG/Weapons/Tiles/tile_0022.png
  artifactKey: Guid(18f155b5b6321764c8dbdef0c6322db5) Importer(2089858483,b0f066a214c2f5e87bad3c948f4d605d)
Start importing Assets/3.UI/kenney_desert-shooter-pack_1.0/PNG/Weapons/Tiles/tile_0022.png using Guid(18f155b5b6321764c8dbdef0c6322db5) Importer(2089858483,b0f066a214c2f5e87bad3c948f4d605d) (ScriptedImporter) -> (artifact id: '1b9aaf366ae92af98c09fe2df785db0a') in 0.0207156 seconds
Number of updated asset objects reloaded before import = 0Number of asset objects unloaded after import = 1

========================================================================
Received Import Request.
  Time since last request: 0.000020 seconds.
  path: Assets/3.UI/kenney_desert-shooter-pack_1.0/PNG/Tiles/Tiles/tile_0190.png
  artifactKey: Guid(00fb1cb9e85f66b42ac00acbeb87116c) Importer(2089858483,b0f066a214c2f5e87bad3c948f4d605d)
Start importing Assets/3.UI/kenney_desert-shooter-pack_1.0/PNG/Tiles/Tiles/tile_0190.png using Guid(00fb1cb9e85f66b42ac00acbeb87116c) Importer(2089858483,b0f066a214c2f5e87bad3c948f4d605d) (ScriptedImporter) -> (artifact id: '6410ab84246a8a4d03395dcfa542141d') in 0.0195715 seconds
Number of updated asset objects reloaded before import = 0Number of asset objects unloaded after import = 1

========================================================================
Received Import Request.
  Time since last request: 0.000028 seconds.
  path: Assets/3.UI/kenney_board-game-icons/PNG/Default (64px)/d2_outline.png
  artifactKey: Guid(e3bc7956dfad3bc4bbdc8db47fe9241d) Importer(2089858483,b0f066a214c2f5e87bad3c948f4d605d)
Start importing Assets/3.UI/kenney_board-game-icons/PNG/Default (64px)/d2_outline.png using Guid(e3bc7956dfad3bc4bbdc8db47fe9241d) Importer(2089858483,b0f066a214c2f5e87bad3c948f4d605d) (ScriptedImporter) -> (artifact id: '1623d635d9ab23b68dbc47a480d5dcec') in 0.0193494 seconds
Number of updated asset objects reloaded before import = 0Number of asset objects unloaded after import = 1

========================================================================
Received Import Request.
  Time since last request: 0.000039 seconds.
  path: Assets/3.UI/kenney_desert-shooter-pack_1.0/PNG/Tiles/Tiles/tile_0077.png
  artifactKey: Guid(189b7263508b03744a9535a9f1d9244a) Importer(2089858483,b0f066a214c2f5e87bad3c948f4d605d)
Start importing Assets/3.UI/kenney_desert-shooter-pack_1.0/PNG/Tiles/Tiles/tile_0077.png using Guid(189b7263508b03744a9535a9f1d9244a) Importer(2089858483,b0f066a214c2f5e87bad3c948f4d605d) (ScriptedImporter) -> (artifact id: '1a6190b80f94fe06cc2a68500bccf444') in 0.0184456 seconds
Number of updated asset objects reloaded before import = 0Number of asset objects unloaded after import = 1

========================================================================
Received Import Request.
  Time since last request: 0.000028 seconds.
  path: Assets/3.UI/kenney_desert-shooter-pack_1.0/PNG/Interface/Tiles/tile_0098.png
  artifactKey: Guid(551c6541aee7f1b4189cad463f0b74b7) Importer(2089858483,b0f066a214c2f5e87bad3c948f4d605d)
Start importing Assets/3.UI/kenney_desert-shooter-pack_1.0/PNG/Interface/Tiles/tile_0098.png using Guid(551c6541aee7f1b4189cad463f0b74b7) Importer(2089858483,b0f066a214c2f5e87bad3c948f4d605d) (ScriptedImporter) -> (artifact id: 'e84243345f39265b765dc649956bcadc') in 0.0228857 seconds
Number of updated asset objects reloaded before import = 0Number of asset objects unloaded after import = 1

========================================================================
Received Import Request.
  Time since last request: 0.000018 seconds.
  path: Assets/3.UI/kenney_desert-shooter-pack_1.0/Sounds/select-a.ogg
  artifactKey: Guid(9f61c8e803a96764e8e33a64a3285854) Importer(2089858483,b0f066a214c2f5e87bad3c948f4d605d)
Start importing Assets/3.UI/kenney_desert-shooter-pack_1.0/Sounds/select-a.ogg using Guid(9f61c8e803a96764e8e33a64a3285854) Importer(2089858483,b0f066a214c2f5e87bad3c948f4d605d) (ScriptedImporter) -> (artifact id: 'b4c591a3b6901f436f60ba1e97975394') in 0.0296879 seconds
Number of updated asset objects reloaded before import = 0Number of asset objects unloaded after import = 1

========================================================================
Received Import Request.
  Time since last request: 0.000038 seconds.
  path: Assets/3.UI/kenney_board-game-icons/PNG/Default (64px)/tag_shield_7.png
  artifactKey: Guid(a6ed8aa1b29dcc740b90204cf7c86677) Importer(2089858483,b0f066a214c2f5e87bad3c948f4d605d)
Start importing Assets/3.UI/kenney_board-game-icons/PNG/Default (64px)/tag_shield_7.png using Guid(a6ed8aa1b29dcc740b90204cf7c86677) Importer(2089858483,b0f066a214c2f5e87bad3c948f4d605d) (ScriptedImporter) -> (artifact id: '83ca8ac85555006f662e2edca10e7ad8') in 0.0198178 seconds
Number of updated asset objects reloaded before import = 0Number of asset objects unloaded after import = 1

========================================================================
Received Import Request.
  Time since last request: 0.000020 seconds.
  path: Assets/3.UI/kenney_board-game-icons/PNG/Default (64px)/chess_queen.png
  artifactKey: Guid(a3dc50b719f49bf4084615791dbfebcc) Importer(2089858483,b0f066a214c2f5e87bad3c948f4d605d)
Start importing Assets/3.UI/kenney_board-game-icons/PNG/Default (64px)/chess_queen.png using Guid(a3dc50b719f49bf4084615791dbfebcc) Importer(2089858483,b0f066a214c2f5e87bad3c948f4d605d) (ScriptedImporter) -> (artifact id: '9e541b4b1f9266bf9bf5bc5d826d6570') in 0.0230829 seconds
Number of updated asset objects reloaded before import = 0Number of asset objects unloaded after import = 1

========================================================================
Received Import Request.
  Time since last request: 0.000034 seconds.
  path: Assets/3.UI/kenney_board-game-icons/PNG/Double (128px)/structure_farm.png
  artifactKey: Guid(0d66291f342237e4a83544ce55111c48) Importer(2089858483,b0f066a214c2f5e87bad3c948f4d605d)
Start importing Assets/3.UI/kenney_board-game-icons/PNG/Double (128px)/structure_farm.png using Guid(0d66291f342237e4a83544ce55111c48) Importer(2089858483,b0f066a214c2f5e87bad3c948f4d605d) (ScriptedImporter) -> (artifact id: 'f75055e25d5102b64c32863f5d95f36b') in 0.0190705 seconds
Number of updated asset objects reloaded before import = 0Number of asset objects unloaded after import = 1

========================================================================
Received Import Request.
  Time since last request: 0.000026 seconds.
  path: Assets/3.UI/kenney_board-game-icons/PNG/Double (128px)/tag_d6_cross.png
  artifactKey: Guid(98765117466430d4c9159395359ccf5e) Importer(2089858483,b0f066a214c2f5e87bad3c948f4d605d)
Start importing Assets/3.UI/kenney_board-game-icons/PNG/Double (128px)/tag_d6_cross.png using Guid(98765117466430d4c9159395359ccf5e) Importer(2089858483,b0f066a214c2f5e87bad3c948f4d605d) (ScriptedImporter) -> (artifact id: '700dfbcff8b13755855dafaa377be26a') in 0.0257574 seconds
Number of updated asset objects reloaded before import = 0Number of asset objects unloaded after import = 1

========================================================================
Received Import Request.
  Time since last request: 0.000039 seconds.
  path: Assets/3.UI/kenney_board-game-icons/PNG/Double (128px)/pawn_up.png
  artifactKey: Guid(3112a9d213c08c4469e97a25c75f5e51) Importer(2089858483,b0f066a214c2f5e87bad3c948f4d605d)
Start importing Assets/3.UI/kenney_board-game-icons/PNG/Double (128px)/pawn_up.png using Guid(3112a9d213c08c4469e97a25c75f5e51) Importer(2089858483,b0f066a214c2f5e87bad3c948f4d605d) (ScriptedImporter) -> (artifact id: 'bcb9414bb1431abc38c45757c50d79b5') in 0.0249641 seconds
Number of updated asset objects reloaded before import = 0Number of asset objects unloaded after import = 1

========================================================================
Received Import Request.
  Time since last request: 0.000020 seconds.
  path: Assets/3.UI/kenney_board-game-icons/PNG/Double (128px)/cards_take.png
  artifactKey: Guid(bf2b4a4ad3761d44187d40879aab69aa) Importer(2089858483,b0f066a214c2f5e87bad3c948f4d605d)
Start importing Assets/3.UI/kenney_board-game-icons/PNG/Double (128px)/cards_take.png using Guid(bf2b4a4ad3761d44187d40879aab69aa) Importer(2089858483,b0f066a214c2f5e87bad3c948f4d605d) (ScriptedImporter) -> (artifact id: '2ca449ebe751ecbc20ee0d3e0428ce86') in 0.0190561 seconds
Number of updated asset objects reloaded before import = 0Number of asset objects unloaded after import = 1

========================================================================
Received Import Request.
  Time since last request: 0.000034 seconds.
  path: Assets/3.UI/kenney_board-game-icons/PNG/Default (64px)/tag_d6_5.png
  artifactKey: Guid(595c066a11563f94eb7fad92bc8a1bb9) Importer(2089858483,b0f066a214c2f5e87bad3c948f4d605d)
Start importing Assets/3.UI/kenney_board-game-icons/PNG/Default (64px)/tag_d6_5.png using Guid(595c066a11563f94eb7fad92bc8a1bb9) Importer(2089858483,b0f066a214c2f5e87bad3c948f4d605d) (ScriptedImporter) -> (artifact id: '7582e0164880cff20a6850bdafffe317') in 0.0217561 seconds
Number of updated asset objects reloaded before import = 0Number of asset objects unloaded after import = 1

========================================================================
Received Import Request.
  Time since last request: 0.000020 seconds.
  path: Assets/3.UI/kenney_desert-shooter-pack_1.0/PNG/Interface/Tiles/tile_0007.png
  artifactKey: Guid(d737c1a1c6e5e234bbe7796b1910805a) Importer(2089858483,b0f066a214c2f5e87bad3c948f4d605d)
Start importing Assets/3.UI/kenney_desert-shooter-pack_1.0/PNG/Interface/Tiles/tile_0007.png using Guid(d737c1a1c6e5e234bbe7796b1910805a) Importer(2089858483,b0f066a214c2f5e87bad3c948f4d605d) (ScriptedImporter) -> (artifact id: 'c427502b2b45d0eb206dedbe908409f8') in 0.0178672 seconds
Number of updated asset objects reloaded before import = 0Number of asset objects unloaded after import = 1

========================================================================
Received Import Request.
  Time since last request: 0.000023 seconds.
  path: Assets/3.UI/kenney_desert-shooter-pack_1.0/PNG/Weapons/Tiles/tile_0023.png
  artifactKey: Guid(1d02c5604dd5194448f408311cbbbace) Importer(2089858483,b0f066a214c2f5e87bad3c948f4d605d)
Start importing Assets/3.UI/kenney_desert-shooter-pack_1.0/PNG/Weapons/Tiles/tile_0023.png using Guid(1d02c5604dd5194448f408311cbbbace) Importer(2089858483,b0f066a214c2f5e87bad3c948f4d605d) (ScriptedImporter) -> (artifact id: '44af7f707a37b7dca59eb0826a922124') in 0.0232132 seconds
Number of updated asset objects reloaded before import = 0Number of asset objects unloaded after import = 1

========================================================================
Received Import Request.
  Time since last request: 0.000137 seconds.
  path: Assets/3.UI/kenney_board-game-icons/PNG/Default (64px)/token_give.png
  artifactKey: Guid(5c6b616de7956d048a520bd4d4c4c407) Importer(2089858483,b0f066a214c2f5e87bad3c948f4d605d)
Start importing Assets/3.UI/kenney_board-game-icons/PNG/Default (64px)/token_give.png using Guid(5c6b616de7956d048a520bd4d4c4c407) Importer(2089858483,b0f066a214c2f5e87bad3c948f4d605d) (ScriptedImporter) -> (artifact id: 'ecba95fa29276c8e340b4c8ec23e9858') in 0.0224467 seconds
Number of updated asset objects reloaded before import = 0Number of asset objects unloaded after import = 1

========================================================================
Received Import Request.
  Time since last request: 0.000029 seconds.
  path: Assets/3.UI/kenney_desert-shooter-pack_1.0/PNG/Tiles/Tiles/tile_0002.png
  artifactKey: Guid(8e11e7e639d7fd4438892a5b86417cf5) Importer(2089858483,b0f066a214c2f5e87bad3c948f4d605d)
Start importing Assets/3.UI/kenney_desert-shooter-pack_1.0/PNG/Tiles/Tiles/tile_0002.png using Guid(8e11e7e639d7fd4438892a5b86417cf5) Importer(2089858483,b0f066a214c2f5e87bad3c948f4d605d) (ScriptedImporter) -> (artifact id: '63f497aaf70d2e071b47a327d58411cf') in 0.0210641 seconds
Number of updated asset objects reloaded before import = 0Number of asset objects unloaded after import = 1

========================================================================
Received Import Request.
  Time since last request: 0.000027 seconds.
  path: Assets/3.UI/kenney_board-game-icons/PNG/Default (64px)/d20_outline_number.png
  artifactKey: Guid(856d8f0a13a252348b992e58f5a6c6c5) Importer(2089858483,b0f066a214c2f5e87bad3c948f4d605d)
Start importing Assets/3.UI/kenney_board-game-icons/PNG/Default (64px)/d20_outline_number.png using Guid(856d8f0a13a252348b992e58f5a6c6c5) Importer(2089858483,b0f066a214c2f5e87bad3c948f4d605d) (ScriptedImporter) -> (artifact id: '0380b66c99dedc8ba9f9a70bfeddc573') in 0.0168238 seconds
Number of updated asset objects reloaded before import = 0Number of asset objects unloaded after import = 1

========================================================================
Received Import Request.
  Time since last request: 0.000015 seconds.
  path: Assets/3.UI/kenney_board-game-icons/PNG/Double (128px)/tag_d6_4.png
  artifactKey: Guid(462320ff4ad99604a95d3aea0fe6f5b1) Importer(2089858483,b0f066a214c2f5e87bad3c948f4d605d)
Start importing Assets/3.UI/kenney_board-game-icons/PNG/Double (128px)/tag_d6_4.png using Guid(462320ff4ad99604a95d3aea0fe6f5b1) Importer(2089858483,b0f066a214c2f5e87bad3c948f4d605d) (ScriptedImporter) -> (artifact id: '4087dcff651d8109ffe5cee9f452899c') in 0.0161318 seconds
Number of updated asset objects reloaded before import = 0Number of asset objects unloaded after import = 1

========================================================================
Received Import Request.
  Time since last request: 0.000046 seconds.
  path: Assets/3.UI/kenney_cursor-pixel-pack/Tiles/tile_0103.png
  artifactKey: Guid(3dba3d22e5fe75c479acef25b66b3832) Importer(2089858483,b0f066a214c2f5e87bad3c948f4d605d)
Start importing Assets/3.UI/kenney_cursor-pixel-pack/Tiles/tile_0103.png using Guid(3dba3d22e5fe75c479acef25b66b3832) Importer(2089858483,b0f066a214c2f5e87bad3c948f4d605d) (ScriptedImporter) -> (artifact id: 'c1ea63dcfae5287dd25c33ff11ebd355') in 0.0178969 seconds
Number of updated asset objects reloaded before import = 0Number of asset objects unloaded after import = 1

========================================================================
Received Import Request.
  Time since last request: 0.000031 seconds.
  path: Assets/3.UI/kenney_board-game-icons/PNG/Double (128px)/hexagon_tile.png
  artifactKey: Guid(112ae665572506b46a4a6fcf35fd4462) Importer(2089858483,b0f066a214c2f5e87bad3c948f4d605d)
Start importing Assets/3.UI/kenney_board-game-icons/PNG/Double (128px)/hexagon_tile.png using Guid(112ae665572506b46a4a6fcf35fd4462) Importer(2089858483,b0f066a214c2f5e87bad3c948f4d605d) (ScriptedImporter) -> (artifact id: '79640008674ce521717740ac9bb1e335') in 0.0210065 seconds
Number of updated asset objects reloaded before import = 0Number of asset objects unloaded after import = 1

========================================================================
Received Import Request.
  Time since last request: 0.000021 seconds.
  path: Assets/3.UI/kenney_cursor-pixel-pack/Tiles/tile_0199.png
  artifactKey: Guid(c5f31dfeaa79898488d2274e6a83e516) Importer(2089858483,b0f066a214c2f5e87bad3c948f4d605d)
Start importing Assets/3.UI/kenney_cursor-pixel-pack/Tiles/tile_0199.png using Guid(c5f31dfeaa79898488d2274e6a83e516) Importer(2089858483,b0f066a214c2f5e87bad3c948f4d605d) (ScriptedImporter) -> (artifact id: 'efcd1a5d71f47275e7890f5d2c5a89f3') in 0.0215989 seconds
Number of updated asset objects reloaded before import = 0Number of asset objects unloaded after import = 1

========================================================================
Received Import Request.
  Time since last request: 0.000152 seconds.
  path: Assets/3.UI/kenney_desert-shooter-pack_1.0/PNG/Tiles/Tiles/tile_0119.png
  artifactKey: Guid(dfd4b7affaffde04da8b939561ede92f) Importer(2089858483,b0f066a214c2f5e87bad3c948f4d605d)
Start importing Assets/3.UI/kenney_desert-shooter-pack_1.0/PNG/Tiles/Tiles/tile_0119.png using Guid(dfd4b7affaffde04da8b939561ede92f) Importer(2089858483,b0f066a214c2f5e87bad3c948f4d605d) (ScriptedImporter) -> (artifact id: '06a3e2f7dd91db4d61575ff32181d3aa') in 0.0278492 seconds
Number of updated asset objects reloaded before import = 0Number of asset objects unloaded after import = 1

========================================================================
Received Import Request.
  Time since last request: 0.000024 seconds.
  path: Assets/3.UI/kenney_desert-shooter-pack_1.0/PNG/Interface/Tiles/tile_0151.png
  artifactKey: Guid(aba3950e7c39ef04f910079516e31568) Importer(2089858483,b0f066a214c2f5e87bad3c948f4d605d)
Start importing Assets/3.UI/kenney_desert-shooter-pack_1.0/PNG/Interface/Tiles/tile_0151.png using Guid(aba3950e7c39ef04f910079516e31568) Importer(2089858483,b0f066a214c2f5e87bad3c948f4d605d) (ScriptedImporter) -> (artifact id: '32416dafc1ca6c0c61cdb45bcf121286') in 0.0267192 seconds
Number of updated asset objects reloaded before import = 0Number of asset objects unloaded after import = 1

========================================================================
Received Import Request.
  Time since last request: 0.000029 seconds.
  path: Assets/3.UI/kenney_cursor-pixel-pack/Tiles/tile_0058.png
  artifactKey: Guid(8d364d98459bb6140b1833795355b1ed) Importer(2089858483,b0f066a214c2f5e87bad3c948f4d605d)
Start importing Assets/3.UI/kenney_cursor-pixel-pack/Tiles/tile_0058.png using Guid(8d364d98459bb6140b1833795355b1ed) Importer(2089858483,b0f066a214c2f5e87bad3c948f4d605d) (ScriptedImporter) -> (artifact id: '71a9eb00ec57a7a4cb531404f732e6b3') in 0.0284841 seconds
Number of updated asset objects reloaded before import = 0Number of asset objects unloaded after import = 1

========================================================================
Received Import Request.
  Time since last request: 0.000018 seconds.
  path: Assets/3.UI/kenney_cursor-pixel-pack/Tiles/tile_0185.png
  artifactKey: Guid(cfa620a179786df4e8c36092a16b3c13) Importer(2089858483,b0f066a214c2f5e87bad3c948f4d605d)
Start importing Assets/3.UI/kenney_cursor-pixel-pack/Tiles/tile_0185.png using Guid(cfa620a179786df4e8c36092a16b3c13) Importer(2089858483,b0f066a214c2f5e87bad3c948f4d605d) (ScriptedImporter) -> (artifact id: 'b01c3400d55468252bbd8c5a92135c2f') in 0.0272588 seconds
Number of updated asset objects reloaded before import = 0Number of asset objects unloaded after import = 1

========================================================================
Received Import Request.
  Time since last request: 0.000019 seconds.
  path: Assets/3.UI/kenney_desert-shooter-pack_1.0/PNG/Tiles/Tiles/tile_0180.png
  artifactKey: Guid(9e6d30dc7993c8544809b0dacd222b17) Importer(2089858483,b0f066a214c2f5e87bad3c948f4d605d)
Start importing Assets/3.UI/kenney_desert-shooter-pack_1.0/PNG/Tiles/Tiles/tile_0180.png using Guid(9e6d30dc7993c8544809b0dacd222b17) Importer(2089858483,b0f066a214c2f5e87bad3c948f4d605d) (ScriptedImporter) -> (artifact id: 'a4cb81cd46de75bbf79452f04d3c6403') in 0.0232658 seconds
Number of updated asset objects reloaded before import = 0Number of asset objects unloaded after import = 1

========================================================================
Received Import Request.
  Time since last request: 0.000023 seconds.
  path: Assets/3.UI/kenney_board-game-icons/Vector/Icons/hexagon_outline.svg
  artifactKey: Guid(cdf8d6589629c3149a8b7587ebd94100) Importer(2089858483,b0f066a214c2f5e87bad3c948f4d605d)
Start importing Assets/3.UI/kenney_board-game-icons/Vector/Icons/hexagon_outline.svg using Guid(cdf8d6589629c3149a8b7587ebd94100) Importer(2089858483,b0f066a214c2f5e87bad3c948f4d605d) (ScriptedImporter) -> (artifact id: '179e4d101b5e10ed9f909d1c4b3b3537') in 0.0275386 seconds
Number of updated asset objects reloaded before import = 0Number of asset objects unloaded after import = 1

========================================================================
Received Import Request.
  Time since last request: 0.000027 seconds.
  path: Assets/3.UI/kenney_board-game-icons/PNG/Default (64px)/spinner_segment.png
  artifactKey: Guid(a762ab65c2a60c64b91545c5d8cd67cf) Importer(2089858483,b0f066a214c2f5e87bad3c948f4d605d)
Start importing Assets/3.UI/kenney_board-game-icons/PNG/Default (64px)/spinner_segment.png using Guid(a762ab65c2a60c64b91545c5d8cd67cf) Importer(2089858483,b0f066a214c2f5e87bad3c948f4d605d) (ScriptedImporter) -> (artifact id: '7de5030f07911d7ec3e04097360f14cb') in 0.0240942 seconds
Number of updated asset objects reloaded before import = 0Number of asset objects unloaded after import = 1

========================================================================
Received Import Request.
  Time since last request: 0.000017 seconds.
  path: Assets/3.UI/kenney_desert-shooter-pack_1.0/PNG/Tiles/Tiles/tile_0111.png
  artifactKey: Guid(c8c508e1251649043ae590fb74626fb3) Importer(2089858483,b0f066a214c2f5e87bad3c948f4d605d)
Start importing Assets/3.UI/kenney_desert-shooter-pack_1.0/PNG/Tiles/Tiles/tile_0111.png using Guid(c8c508e1251649043ae590fb74626fb3) Importer(2089858483,b0f066a214c2f5e87bad3c948f4d605d) (ScriptedImporter) -> (artifact id: 'be3ce7cc73f9e5d10e2faa35b7f33f73') in 0.0217137 seconds
Number of updated asset objects reloaded before import = 0Number of asset objects unloaded after import = 1

========================================================================
Received Import Request.
  Time since last request: 0.000020 seconds.
  path: Assets/3.UI/kenney_cursor-pixel-pack/Tiles/tile_0129.png
  artifactKey: Guid(d402046de320dd7489dff76d193a1784) Importer(2089858483,b0f066a214c2f5e87bad3c948f4d605d)
Start importing Assets/3.UI/kenney_cursor-pixel-pack/Tiles/tile_0129.png using Guid(d402046de320dd7489dff76d193a1784) Importer(2089858483,b0f066a214c2f5e87bad3c948f4d605d) (ScriptedImporter) -> (artifact id: '3e2054e993c92de0ccb25fd4f4b5e5bd') in 0.0183189 seconds
Number of updated asset objects reloaded before import = 0Number of asset objects unloaded after import = 1

========================================================================
Received Import Request.
  Time since last request: 0.000018 seconds.
  path: Assets/3.UI/kenney_desert-shooter-pack_1.0/PNG/Interface/Tiles/tile_0051.png
  artifactKey: Guid(ca4b63d181321ee4b90b97baa82b364d) Importer(2089858483,b0f066a214c2f5e87bad3c948f4d605d)
Start importing Assets/3.UI/kenney_desert-shooter-pack_1.0/PNG/Interface/Tiles/tile_0051.png using Guid(ca4b63d181321ee4b90b97baa82b364d) Importer(2089858483,b0f066a214c2f5e87bad3c948f4d605d) (ScriptedImporter) -> (artifact id: '5500b8eac260ac4453cc888e6bb91166') in 0.0246158 seconds
Number of updated asset objects reloaded before import = 0Number of asset objects unloaded after import = 1

========================================================================
Received Import Request.
  Time since last request: 0.000022 seconds.
  path: Assets/3.UI/kenney_desert-shooter-pack_1.0/PNG/Interface/Tiles/tile_0062.png
  artifactKey: Guid(9b983547d9b95644caf290a3c8ce3666) Importer(2089858483,b0f066a214c2f5e87bad3c948f4d605d)
Start importing Assets/3.UI/kenney_desert-shooter-pack_1.0/PNG/Interface/Tiles/tile_0062.png using Guid(9b983547d9b95644caf290a3c8ce3666) Importer(2089858483,b0f066a214c2f5e87bad3c948f4d605d) (ScriptedImporter) -> (artifact id: 'f46e77f125f904007ba8abae05e7e73b') in 0.0188678 seconds
Number of updated asset objects reloaded before import = 0Number of asset objects unloaded after import = 1

========================================================================
Received Import Request.
  Time since last request: 0.000025 seconds.
  path: Assets/3.UI/kenney_board-game-icons/PNG/Double (128px)/d10_outline_number.png
  artifactKey: Guid(5371b2330e1680d438a619727f21f051) Importer(2089858483,b0f066a214c2f5e87bad3c948f4d605d)
Start importing Assets/3.UI/kenney_board-game-icons/PNG/Double (128px)/d10_outline_number.png using Guid(5371b2330e1680d438a619727f21f051) Importer(2089858483,b0f066a214c2f5e87bad3c948f4d605d) (ScriptedImporter) -> (artifact id: 'a690a6eb5953937ca161da69d06026c5') in 0.0222991 seconds
Number of updated asset objects reloaded before import = 0Number of asset objects unloaded after import = 1

========================================================================
Received Import Request.
  Time since last request: 0.000015 seconds.
  path: Assets/3.UI/kenney_cursor-pixel-pack/Tiles/tile_0047.png
  artifactKey: Guid(c1ef4407fca088a49aae19b72890731d) Importer(2089858483,b0f066a214c2f5e87bad3c948f4d605d)
Start importing Assets/3.UI/kenney_cursor-pixel-pack/Tiles/tile_0047.png using Guid(c1ef4407fca088a49aae19b72890731d) Importer(2089858483,b0f066a214c2f5e87bad3c948f4d605d) (ScriptedImporter) -> (artifact id: '260164203b34be90249669264afa76d3') in 0.0208753 seconds
Number of updated asset objects reloaded before import = 0Number of asset objects unloaded after import = 1

========================================================================
Received Import Request.
  Time since last request: 0.000016 seconds.
  path: Assets/3.UI/kenney_board-game-icons/PNG/Default (64px)/d4_outline_number.png
  artifactKey: Guid(860aac44fd7284940b59bfc748c0b03f) Importer(2089858483,b0f066a214c2f5e87bad3c948f4d605d)
Start importing Assets/3.UI/kenney_board-game-icons/PNG/Default (64px)/d4_outline_number.png using Guid(860aac44fd7284940b59bfc748c0b03f) Importer(2089858483,b0f066a214c2f5e87bad3c948f4d605d) (ScriptedImporter) -> (artifact id: '880ec2171f452842d90f777358e2ea17') in 0.0247043 seconds
Number of updated asset objects reloaded before import = 0Number of asset objects unloaded after import = 1

========================================================================
Received Import Request.
  Time since last request: 0.000022 seconds.
  path: Assets/3.UI/kenney_cursor-pixel-pack/Tiles/tile_0127.png
  artifactKey: Guid(6f344cdde0bc5c844a523db14a2ad488) Importer(2089858483,b0f066a214c2f5e87bad3c948f4d605d)
Start importing Assets/3.UI/kenney_cursor-pixel-pack/Tiles/tile_0127.png using Guid(6f344cdde0bc5c844a523db14a2ad488) Importer(2089858483,b0f066a214c2f5e87bad3c948f4d605d) (ScriptedImporter) -> (artifact id: '7d3d01a8d6cb0f40b8063bda4a9b31fe') in 0.0197458 seconds
Number of updated asset objects reloaded before import = 0Number of asset objects unloaded after import = 1

========================================================================
Received Import Request.
  Time since last request: 0.000031 seconds.
  path: Assets/3.UI/kenney_desert-shooter-pack_1.0/PNG/Tiles/Tiles/tile_0217.png
  artifactKey: Guid(c58bb8a0cc5d67e478a5e6bdddaa3ab5) Importer(2089858483,b0f066a214c2f5e87bad3c948f4d605d)
Start importing Assets/3.UI/kenney_desert-shooter-pack_1.0/PNG/Tiles/Tiles/tile_0217.png using Guid(c58bb8a0cc5d67e478a5e6bdddaa3ab5) Importer(2089858483,b0f066a214c2f5e87bad3c948f4d605d) (ScriptedImporter) -> (artifact id: 'ed22b06378b6e1683cbd4442422a3bdc') in 0.0204363 seconds
Number of updated asset objects reloaded before import = 0Number of asset objects unloaded after import = 1

========================================================================
Received Import Request.
  Time since last request: 0.000017 seconds.
  path: Assets/3.UI/kenney_desert-shooter-pack_1.0/Sounds/jump-a.ogg
  artifactKey: Guid(fb978618f1712bf4487ca14c409ce3d4) Importer(2089858483,b0f066a214c2f5e87bad3c948f4d605d)
Start importing Assets/3.UI/kenney_desert-shooter-pack_1.0/Sounds/jump-a.ogg using Guid(fb978618f1712bf4487ca14c409ce3d4) Importer(2089858483,b0f066a214c2f5e87bad3c948f4d605d) (ScriptedImporter) -> (artifact id: '07fa0cd943801b0dcc64e0b9f90f58b2') in 0.0376938 seconds
Number of updated asset objects reloaded before import = 0Number of asset objects unloaded after import = 1

========================================================================
Received Import Request.
  Time since last request: 0.000017 seconds.
  path: Assets/3.UI/kenney_board-game-icons/Vector/Icons/dice_3D_detailed.svg
  artifactKey: Guid(6cda13213c021bc42bd392a76e4f9aa2) Importer(2089858483,b0f066a214c2f5e87bad3c948f4d605d)
Start importing Assets/3.UI/kenney_board-game-icons/Vector/Icons/dice_3D_detailed.svg using Guid(6cda13213c021bc42bd392a76e4f9aa2) Importer(2089858483,b0f066a214c2f5e87bad3c948f4d605d) (ScriptedImporter) -> (artifact id: '892f606646431ba9175388da509d8965') in 0.0171143 seconds
Number of updated asset objects reloaded before import = 0Number of asset objects unloaded after import = 1

========================================================================
Received Import Request.
  Time since last request: 0.000032 seconds.
  path: Assets/3.UI/kenney_board-game-icons/PNG/Double (128px)/dice.png
  artifactKey: Guid(086c8e289124ec2478e1ec1b4ff21178) Importer(2089858483,b0f066a214c2f5e87bad3c948f4d605d)
Start importing Assets/3.UI/kenney_board-game-icons/PNG/Double (128px)/dice.png using Guid(086c8e289124ec2478e1ec1b4ff21178) Importer(2089858483,b0f066a214c2f5e87bad3c948f4d605d) (ScriptedImporter) -> (artifact id: '13cb5fd48ab06dbe7d8c41b91da042fe') in 0.0218245 seconds
Number of updated asset objects reloaded before import = 0Number of asset objects unloaded after import = 1

========================================================================
Received Import Request.
  Time since last request: 0.000026 seconds.
  path: Assets/3.UI/kenney_board-game-icons/Vector/Icons/d2_number.svg
  artifactKey: Guid(dc3577bbb0733c14b9fc40d2fcb79e0d) Importer(2089858483,b0f066a214c2f5e87bad3c948f4d605d)
Start importing Assets/3.UI/kenney_board-game-icons/Vector/Icons/d2_number.svg using Guid(dc3577bbb0733c14b9fc40d2fcb79e0d) Importer(2089858483,b0f066a214c2f5e87bad3c948f4d605d) (ScriptedImporter) -> (artifact id: '52b1efa8ccecaf10ed43f31a92bdd134') in 0.0189037 seconds
Number of updated asset objects reloaded before import = 0Number of asset objects unloaded after import = 1

========================================================================
Received Import Request.
  Time since last request: 0.000016 seconds.
  path: Assets/3.UI/kenney_board-game-icons/PNG/Default (64px)/pawn_table.png
  artifactKey: Guid(3e14f1e70796d0940b151e45bc82b318) Importer(2089858483,b0f066a214c2f5e87bad3c948f4d605d)
Start importing Assets/3.UI/kenney_board-game-icons/PNG/Default (64px)/pawn_table.png using Guid(3e14f1e70796d0940b151e45bc82b318) Importer(2089858483,b0f066a214c2f5e87bad3c948f4d605d) (ScriptedImporter) -> (artifact id: 'de83e37afe089d0b12b15e428bb4cc56') in 0.0183171 seconds
Number of updated asset objects reloaded before import = 0Number of asset objects unloaded after import = 1

========================================================================
Received Import Request.
  Time since last request: 0.000018 seconds.
  path: Assets/3.UI/kenney_desert-shooter-pack_1.0/PNG/Tiles/Tiles/tile_0157.png
  artifactKey: Guid(ede8ba48d0798d94bb644ab5162892d1) Importer(2089858483,b0f066a214c2f5e87bad3c948f4d605d)
Start importing Assets/3.UI/kenney_desert-shooter-pack_1.0/PNG/Tiles/Tiles/tile_0157.png using Guid(ede8ba48d0798d94bb644ab5162892d1) Importer(2089858483,b0f066a214c2f5e87bad3c948f4d605d) (ScriptedImporter) -> (artifact id: '52720cd51414714ea1a1e2ce40b44cf9') in 0.0200468 seconds
Number of updated asset objects reloaded before import = 0Number of asset objects unloaded after import = 1

========================================================================
Received Import Request.
  Time since last request: 0.000022 seconds.
  path: Assets/3.UI/kenney_board-game-icons/PNG/Double (128px)/dice_3.png
  artifactKey: Guid(caceabed60abe0049ae104c40fb3561a) Importer(2089858483,b0f066a214c2f5e87bad3c948f4d605d)
Start importing Assets/3.UI/kenney_board-game-icons/PNG/Double (128px)/dice_3.png using Guid(caceabed60abe0049ae104c40fb3561a) Importer(2089858483,b0f066a214c2f5e87bad3c948f4d605d) (ScriptedImporter) -> (artifact id: 'ffe1f88526342c478edc5c2975995036') in 0.0221706 seconds
Number of updated asset objects reloaded before import = 0Number of asset objects unloaded after import = 1

========================================================================
Received Import Request.
  Time since last request: 0.000041 seconds.
  path: Assets/3.UI/kenney_cursor-pixel-pack/Tiles/tile_0093.png
  artifactKey: Guid(8bdf7b691b6cd964196bfc146eb153dc) Importer(2089858483,b0f066a214c2f5e87bad3c948f4d605d)
Start importing Assets/3.UI/kenney_cursor-pixel-pack/Tiles/tile_0093.png using Guid(8bdf7b691b6cd964196bfc146eb153dc) Importer(2089858483,b0f066a214c2f5e87bad3c948f4d605d) (ScriptedImporter) -> (artifact id: '6c093ec2dd36cb69db06c40f0924f522') in 0.0195433 seconds
Number of updated asset objects reloaded before import = 0Number of asset objects unloaded after import = 1

========================================================================
Received Import Request.
  Time since last request: 0.000019 seconds.
  path: Assets/3.UI/kenney_board-game-icons/Vector/Icons/flip_full.svg
  artifactKey: Guid(b8e38792db2bb764c806f44965e25df8) Importer(2089858483,b0f066a214c2f5e87bad3c948f4d605d)
Start importing Assets/3.UI/kenney_board-game-icons/Vector/Icons/flip_full.svg using Guid(b8e38792db2bb764c806f44965e25df8) Importer(2089858483,b0f066a214c2f5e87bad3c948f4d605d) (ScriptedImporter) -> (artifact id: 'daa8a95753a07f8cf304a7aa50607536') in 0.0192126 seconds
Number of updated asset objects reloaded before import = 0Number of asset objects unloaded after import = 1

========================================================================
Received Import Request.
  Time since last request: 0.000016 seconds.
  path: Assets/3.UI/kenney_cursor-pixel-pack/Tiles/tile_0176.png
  artifactKey: Guid(43f8a9a4ea62abc47b3a09642c5298ed) Importer(2089858483,b0f066a214c2f5e87bad3c948f4d605d)
Start importing Assets/3.UI/kenney_cursor-pixel-pack/Tiles/tile_0176.png using Guid(43f8a9a4ea62abc47b3a09642c5298ed) Importer(2089858483,b0f066a214c2f5e87bad3c948f4d605d) (ScriptedImporter) -> (artifact id: '5e4e7adaf527a56dc856d37e4fd45fa6') in 0.0212976 seconds
Number of updated asset objects reloaded before import = 0Number of asset objects unloaded after import = 1

========================================================================
Received Import Request.
  Time since last request: 0.000048 seconds.
  path: Assets/3.UI/kenney_cursor-pixel-pack/Tiles/tile_0140.png
  artifactKey: Guid(67a21083069b0784fa29546e984ebd67) Importer(2089858483,b0f066a214c2f5e87bad3c948f4d605d)
Start importing Assets/3.UI/kenney_cursor-pixel-pack/Tiles/tile_0140.png using Guid(67a21083069b0784fa29546e984ebd67) Importer(2089858483,b0f066a214c2f5e87bad3c948f4d605d) (ScriptedImporter) -> (artifact id: '85fcd788dedb5372a3a3287d11e99fd8') in 0.0236256 seconds
Number of updated asset objects reloaded before import = 0Number of asset objects unloaded after import = 1

========================================================================
Received Import Request.
  Time since last request: 0.000048 seconds.
  path: Assets/3.UI/kenney_board-game-icons/PNG/Double (128px)/flip_head.png
  artifactKey: Guid(0203cd3e92d52544ea240f887ebcb86b) Importer(2089858483,b0f066a214c2f5e87bad3c948f4d605d)
Start importing Assets/3.UI/kenney_board-game-icons/PNG/Double (128px)/flip_head.png using Guid(0203cd3e92d52544ea240f887ebcb86b) Importer(2089858483,b0f066a214c2f5e87bad3c948f4d605d) (ScriptedImporter) -> (artifact id: '8433553450d20dba6a9281526d251324') in 0.0222647 seconds
Number of updated asset objects reloaded before import = 0Number of asset objects unloaded after import = 1

========================================================================
Received Import Request.
  Time since last request: 0.000016 seconds.
  path: Assets/3.UI/kenney_desert-shooter-pack_1.0/PNG/Interface/Tiles/tile_0053.png
  artifactKey: Guid(30c5a33afcd4a934683837fb7013cfa9) Importer(2089858483,b0f066a214c2f5e87bad3c948f4d605d)
Start importing Assets/3.UI/kenney_desert-shooter-pack_1.0/PNG/Interface/Tiles/tile_0053.png using Guid(30c5a33afcd4a934683837fb7013cfa9) Importer(2089858483,b0f066a214c2f5e87bad3c948f4d605d) (ScriptedImporter) -> (artifact id: '3ff62058534ae3c688cfcfcda8a8746e') in 0.0226013 seconds
Number of updated asset objects reloaded before import = 0Number of asset objects unloaded after import = 1

========================================================================
Received Import Request.
  Time since last request: 0.000019 seconds.
  path: Assets/3.UI/kenney_board-game-icons/Vector/Icons/dice.svg
  artifactKey: Guid(b78b0259aabaa5745ad9cdf0c7d222c2) Importer(2089858483,b0f066a214c2f5e87bad3c948f4d605d)
Start importing Assets/3.UI/kenney_board-game-icons/Vector/Icons/dice.svg using Guid(b78b0259aabaa5745ad9cdf0c7d222c2) Importer(2089858483,b0f066a214c2f5e87bad3c948f4d605d) (ScriptedImporter) -> (artifact id: 'b002c1feada97fbd8726098eba08bf70') in 0.0209045 seconds
Number of updated asset objects reloaded before import = 0Number of asset objects unloaded after import = 1

========================================================================
Received Import Request.
  Time since last request: 0.000019 seconds.
  path: Assets/3.UI/kenney_desert-shooter-pack_1.0/PNG/Interface/Tiles/tile_0192.png
  artifactKey: Guid(fd2495ba432149e4bb92ef1449d9efa1) Importer(2089858483,b0f066a214c2f5e87bad3c948f4d605d)
Start importing Assets/3.UI/kenney_desert-shooter-pack_1.0/PNG/Interface/Tiles/tile_0192.png using Guid(fd2495ba432149e4bb92ef1449d9efa1) Importer(2089858483,b0f066a214c2f5e87bad3c948f4d605d) (ScriptedImporter) -> (artifact id: '4291d8a03353770c32689bddbc678a50') in 0.0237189 seconds
Number of updated asset objects reloaded before import = 0Number of asset objects unloaded after import = 1

========================================================================
Received Import Request.
  Time since last request: 0.000031 seconds.
  path: Assets/3.UI/kenney_board-game-icons/PNG/Default (64px)/card_place.png
  artifactKey: Guid(3aafd216a4809614398dcf31635d25a4) Importer(2089858483,b0f066a214c2f5e87bad3c948f4d605d)
Start importing Assets/3.UI/kenney_board-game-icons/PNG/Default (64px)/card_place.png using Guid(3aafd216a4809614398dcf31635d25a4) Importer(2089858483,b0f066a214c2f5e87bad3c948f4d605d) (ScriptedImporter) -> (artifact id: '46136c0fe8f98e61242510f4896bfeee') in 0.0193254 seconds
Number of updated asset objects reloaded before import = 0Number of asset objects unloaded after import = 1

========================================================================
Received Import Request.
  Time since last request: 0.000018 seconds.
  path: Assets/3.UI/kenney_board-game-icons/PNG/Double (128px)/d20_outline.png
  artifactKey: Guid(0eb4534f241d30145ad3883cec5d3b52) Importer(2089858483,b0f066a214c2f5e87bad3c948f4d605d)
Start importing Assets/3.UI/kenney_board-game-icons/PNG/Double (128px)/d20_outline.png using Guid(0eb4534f241d30145ad3883cec5d3b52) Importer(2089858483,b0f066a214c2f5e87bad3c948f4d605d) (ScriptedImporter) -> (artifact id: '53c9b5f21f36a34d17b3da8e0fbb4099') in 0.0216045 seconds
Number of updated asset objects reloaded before import = 0Number of asset objects unloaded after import = 1

========================================================================
Received Import Request.
  Time since last request: 0.000081 seconds.
  path: Assets/3.UI/kenney_board-game-icons/PNG/Default (64px)/card.png
  artifactKey: Guid(c89aa0778377bd44c8148e97bb25363e) Importer(2089858483,b0f066a214c2f5e87bad3c948f4d605d)
Start importing Assets/3.UI/kenney_board-game-icons/PNG/Default (64px)/card.png using Guid(c89aa0778377bd44c8148e97bb25363e) Importer(2089858483,b0f066a214c2f5e87bad3c948f4d605d) (ScriptedImporter) -> (artifact id: 'aef57d905c019af95a5d25e4c8ae8d64') in 0.0304355 seconds
Number of updated asset objects reloaded before import = 0Number of asset objects unloaded after import = 1

========================================================================
Received Import Request.
  Time since last request: 0.000039 seconds.
  path: Assets/3.UI/kenney_board-game-icons/Vector/Icons/card_tap.svg
  artifactKey: Guid(06da282c4a40e68478bd429768670882) Importer(2089858483,b0f066a214c2f5e87bad3c948f4d605d)
Start importing Assets/3.UI/kenney_board-game-icons/Vector/Icons/card_tap.svg using Guid(06da282c4a40e68478bd429768670882) Importer(2089858483,b0f066a214c2f5e87bad3c948f4d605d) (ScriptedImporter) -> (artifact id: '5939a9444c06b95c5a2fda81d8ab2aef') in 0.022997 seconds
Number of updated asset objects reloaded before import = 0Number of asset objects unloaded after import = 1

========================================================================
Received Import Request.
  Time since last request: 0.000044 seconds.
  path: Assets/3.UI/kenney_board-game-icons/PNG/Default (64px)/pentagon_question.png
  artifactKey: Guid(3e7cc9ed18b6a5e498245bb9566856d2) Importer(2089858483,b0f066a214c2f5e87bad3c948f4d605d)
Start importing Assets/3.UI/kenney_board-game-icons/PNG/Default (64px)/pentagon_question.png using Guid(3e7cc9ed18b6a5e498245bb9566856d2) Importer(2089858483,b0f066a214c2f5e87bad3c948f4d605d) (ScriptedImporter) -> (artifact id: 'c96c7e14e757d083263f61988bcd9daf') in 0.0268401 seconds
Number of updated asset objects reloaded before import = 0Number of asset objects unloaded after import = 1

========================================================================
Received Import Request.
  Time since last request: 0.000020 seconds.
  path: Assets/3.UI/kenney_board-game-icons/PNG/Double (128px)/arrow_right_curve.png
  artifactKey: Guid(3f707a232c4ab714182026fa3e18674e) Importer(2089858483,b0f066a214c2f5e87bad3c948f4d605d)
Start importing Assets/3.UI/kenney_board-game-icons/PNG/Double (128px)/arrow_right_curve.png using Guid(3f707a232c4ab714182026fa3e18674e) Importer(2089858483,b0f066a214c2f5e87bad3c948f4d605d) (ScriptedImporter) -> (artifact id: '84d47e8ea48009c8092b49a09251490a') in 0.0248235 seconds
Number of updated asset objects reloaded before import = 0Number of asset objects unloaded after import = 1

========================================================================
Received Import Request.
  Time since last request: 0.000036 seconds.
  path: Assets/3.UI/kenney_board-game-icons/Vector/Icons/hexagon_out.svg
  artifactKey: Guid(5d7d2779934caf74d96578000630d885) Importer(2089858483,b0f066a214c2f5e87bad3c948f4d605d)
Start importing Assets/3.UI/kenney_board-game-icons/Vector/Icons/hexagon_out.svg using Guid(5d7d2779934caf74d96578000630d885) Importer(2089858483,b0f066a214c2f5e87bad3c948f4d605d) (ScriptedImporter) -> (artifact id: 'acc44326639d3f9bf0f3dc8c41f43972') in 0.0189982 seconds
Number of updated asset objects reloaded before import = 0Number of asset objects unloaded after import = 1

========================================================================
Received Import Request.
  Time since last request: 0.000025 seconds.
  path: Assets/3.UI/kenney_board-game-icons/PNG/Default (64px)/cards_under.png
  artifactKey: Guid(16db2e218ce6392489dad548b2319365) Importer(2089858483,b0f066a214c2f5e87bad3c948f4d605d)
Start importing Assets/3.UI/kenney_board-game-icons/PNG/Default (64px)/cards_under.png using Guid(16db2e218ce6392489dad548b2319365) Importer(2089858483,b0f066a214c2f5e87bad3c948f4d605d) (ScriptedImporter) -> (artifact id: '07e16b36dfcc3ed942485792b78f546d') in 0.044804 seconds
Number of updated asset objects reloaded before import = 0Number of asset objects unloaded after import = 1

========================================================================
Received Import Request.
  Time since last request: 0.000033 seconds.
  path: Assets/3.UI/kenney_cursor-pixel-pack/Tiles/tile_0067.png
  artifactKey: Guid(d6870e070b2d5c34eb0421eaf5d8c009) Importer(2089858483,b0f066a214c2f5e87bad3c948f4d605d)
Start importing Assets/3.UI/kenney_cursor-pixel-pack/Tiles/tile_0067.png using Guid(d6870e070b2d5c34eb0421eaf5d8c009) Importer(2089858483,b0f066a214c2f5e87bad3c948f4d605d) (ScriptedImporter) -> (artifact id: '028b250c043a253a6c153d20b2db6c44') in 0.0188979 seconds
Number of updated asset objects reloaded before import = 0Number of asset objects unloaded after import = 1

========================================================================
Received Import Request.
  Time since last request: 0.000055 seconds.
  path: Assets/3.UI/kenney_board-game-icons/Vector/Icons/card.svg
  artifactKey: Guid(571ece7a64bc82d4f9bce770c0804430) Importer(2089858483,b0f066a214c2f5e87bad3c948f4d605d)
Start importing Assets/3.UI/kenney_board-game-icons/Vector/Icons/card.svg using Guid(571ece7a64bc82d4f9bce770c0804430) Importer(2089858483,b0f066a214c2f5e87bad3c948f4d605d) (ScriptedImporter) -> (artifact id: '2a42bd52b8ce04a42e060db9d8ff4f9f') in 0.0150826 seconds
Number of updated asset objects reloaded before import = 0Number of asset objects unloaded after import = 1

========================================================================
Received Import Request.
  Time since last request: 0.000028 seconds.
  path: Assets/3.UI/kenney_board-game-icons/Vector/Icons/campfire.svg
  artifactKey: Guid(35ce7502aeaeef446862459e3e3755bc) Importer(2089858483,b0f066a214c2f5e87bad3c948f4d605d)
Start importing Assets/3.UI/kenney_board-game-icons/Vector/Icons/campfire.svg using Guid(35ce7502aeaeef446862459e3e3755bc) Importer(2089858483,b0f066a214c2f5e87bad3c948f4d605d) (ScriptedImporter) -> (artifact id: 'c14f5ea43a3d4ee0c672eb710fb7ca51') in 0.0179867 seconds
Number of updated asset objects reloaded before import = 0Number of asset objects unloaded after import = 1

========================================================================
Received Import Request.
  Time since last request: 0.000022 seconds.
  path: Assets/3.UI/kenney_cursor-pixel-pack/License.txt
  artifactKey: Guid(2cc519bf251cb8446888845be972f9fa) Importer(2089858483,b0f066a214c2f5e87bad3c948f4d605d)
Start importing Assets/3.UI/kenney_cursor-pixel-pack/License.txt using Guid(2cc519bf251cb8446888845be972f9fa) Importer(2089858483,b0f066a214c2f5e87bad3c948f4d605d) (ScriptedImporter) -> (artifact id: '661de92450ec1231512c1e67be004cd6') in 0.0194848 seconds
Number of updated asset objects reloaded before import = 0Number of asset objects unloaded after import = 1

========================================================================
Received Import Request.
  Time since last request: 0.000033 seconds.
  path: Assets/3.UI/kenney_desert-shooter-pack_1.0/PNG/Tiles/Tiles/tile_0106.png
  artifactKey: Guid(48514333c1b243a4ebdf589b46ffb274) Importer(2089858483,b0f066a214c2f5e87bad3c948f4d605d)
Start importing Assets/3.UI/kenney_desert-shooter-pack_1.0/PNG/Tiles/Tiles/tile_0106.png using Guid(48514333c1b243a4ebdf589b46ffb274) Importer(2089858483,b0f066a214c2f5e87bad3c948f4d605d) (ScriptedImporter) -> (artifact id: '13b1872166748a0f5b882846c56348a4') in 0.0243998 seconds
Number of updated asset objects reloaded before import = 0Number of asset objects unloaded after import = 1

========================================================================
Received Import Request.
  Time since last request: 0.000024 seconds.
  path: Assets/3.UI/kenney_desert-shooter-pack_1.0/PNG/Interface/Tiles/tile_0099.png
  artifactKey: Guid(798c818557598344f8e2dd17371322cb) Importer(2089858483,b0f066a214c2f5e87bad3c948f4d605d)
Start importing Assets/3.UI/kenney_desert-shooter-pack_1.0/PNG/Interface/Tiles/tile_0099.png using Guid(798c818557598344f8e2dd17371322cb) Importer(2089858483,b0f066a214c2f5e87bad3c948f4d605d) (ScriptedImporter) -> (artifact id: 'ad9e8bfea85c39ad4889a35bb614477b') in 0.0271076 seconds
Number of updated asset objects reloaded before import = 0Number of asset objects unloaded after import = 1

========================================================================
Received Import Request.
  Time since last request: 0.000021 seconds.
  path: Assets/3.UI/kenney_desert-shooter-pack_1.0/PNG/Interface/Tiles/tile_0039.png
  artifactKey: Guid(2db89695e6dd02b49862483e2be24817) Importer(2089858483,b0f066a214c2f5e87bad3c948f4d605d)
Start importing Assets/3.UI/kenney_desert-shooter-pack_1.0/PNG/Interface/Tiles/tile_0039.png using Guid(2db89695e6dd02b49862483e2be24817) Importer(2089858483,b0f066a214c2f5e87bad3c948f4d605d) (ScriptedImporter) -> (artifact id: '2161b99ea84feb98c8267b8b209bef93') in 0.0250089 seconds
Number of updated asset objects reloaded before import = 0Number of asset objects unloaded after import = 1

========================================================================
Received Import Request.
  Time since last request: 0.000020 seconds.
  path: Assets/3.UI/kenney_board-game-icons/PNG/Double (128px)/fire.png
  artifactKey: Guid(85b38fbdd0d555d44985bbef4916872b) Importer(2089858483,b0f066a214c2f5e87bad3c948f4d605d)
Start importing Assets/3.UI/kenney_board-game-icons/PNG/Double (128px)/fire.png using Guid(85b38fbdd0d555d44985bbef4916872b) Importer(2089858483,b0f066a214c2f5e87bad3c948f4d605d) (ScriptedImporter) -> (artifact id: '99811c76f5f1cc1a12e82948c4429fb9') in 0.0261412 seconds
Number of updated asset objects reloaded before import = 0Number of asset objects unloaded after import = 1

========================================================================
Received Import Request.
  Time since last request: 0.000041 seconds.
  path: Assets/3.UI/kenney_cursor-pixel-pack/Tiles/tile_0131.png
  artifactKey: Guid(a9dbffd79745afb4bb2c461db650b7b4) Importer(2089858483,b0f066a214c2f5e87bad3c948f4d605d)
Start importing Assets/3.UI/kenney_cursor-pixel-pack/Tiles/tile_0131.png using Guid(a9dbffd79745afb4bb2c461db650b7b4) Importer(2089858483,b0f066a214c2f5e87bad3c948f4d605d) (ScriptedImporter) -> (artifact id: '84859da803781d91f15fc9ccae72730a') in 0.0243065 seconds
Number of updated asset objects reloaded before import = 0Number of asset objects unloaded after import = 1

========================================================================
Received Import Request.
  Time since last request: 0.000086 seconds.
  path: Assets/3.UI/kenney_desert-shooter-pack_1.0/PNG/Tiles/Tiles/tile_0153.png
  artifactKey: Guid(84eb95d9e5305c448bd4bbec2c36c8d2) Importer(2089858483,b0f066a214c2f5e87bad3c948f4d605d)
Start importing Assets/3.UI/kenney_desert-shooter-pack_1.0/PNG/Tiles/Tiles/tile_0153.png using Guid(84eb95d9e5305c448bd4bbec2c36c8d2) Importer(2089858483,b0f066a214c2f5e87bad3c948f4d605d) (ScriptedImporter) -> (artifact id: '85e4f10b51fc421972913dc617528c1e') in 0.0232486 seconds
Number of updated asset objects reloaded before import = 0Number of asset objects unloaded after import = 1

========================================================================
Received Import Request.
  Time since last request: 0.000015 seconds.
  path: Assets/3.UI/kenney_board-game-icons/Vector/Icons/dice_skull.svg
  artifactKey: Guid(fd2133196d7026546b2fe158f8a12fdd) Importer(2089858483,b0f066a214c2f5e87bad3c948f4d605d)
Start importing Assets/3.UI/kenney_board-game-icons/Vector/Icons/dice_skull.svg using Guid(fd2133196d7026546b2fe158f8a12fdd) Importer(2089858483,b0f066a214c2f5e87bad3c948f4d605d) (ScriptedImporter) -> (artifact id: '0f2ebb8a7d386ad77cadb24d5db1b651') in 0.0176994 seconds
Number of updated asset objects reloaded before import = 0Number of asset objects unloaded after import = 1

========================================================================
Received Import Request.
  Time since last request: 0.000023 seconds.
  path: Assets/3.UI/kenney_board-game-icons/PNG/Default (64px)/timer_100.png
  artifactKey: Guid(4a8f70aadfd16ec4f8e90d2fea219745) Importer(2089858483,b0f066a214c2f5e87bad3c948f4d605d)
Start importing Assets/3.UI/kenney_board-game-icons/PNG/Default (64px)/timer_100.png using Guid(4a8f70aadfd16ec4f8e90d2fea219745) Importer(2089858483,b0f066a214c2f5e87bad3c948f4d605d) (ScriptedImporter) -> (artifact id: 'ef2c63d2cafc720394413b27fab3adda') in 0.0223453 seconds
Number of updated asset objects reloaded before import = 0Number of asset objects unloaded after import = 1

========================================================================
Received Import Request.
  Time since last request: 0.000027 seconds.
  path: Assets/3.UI/kenney_desert-shooter-pack_1.0/PNG/Enemies/Tilemap/tilemap.png
  artifactKey: Guid(d7396f2a6fcad914b89971165d17170b) Importer(2089858483,b0f066a214c2f5e87bad3c948f4d605d)
Start importing Assets/3.UI/kenney_desert-shooter-pack_1.0/PNG/Enemies/Tilemap/tilemap.png using Guid(d7396f2a6fcad914b89971165d17170b) Importer(2089858483,b0f066a214c2f5e87bad3c948f4d605d) (ScriptedImporter) -> (artifact id: 'fda718f2aba53248bd738613116079f2') in 0.0185919 seconds
Number of updated asset objects reloaded before import = 0Number of asset objects unloaded after import = 1

========================================================================
Received Import Request.
  Time since last request: 0.000017 seconds.
  path: Assets/3.UI/kenney_board-game-icons/PNG/Default (64px)/dice_2.png
  artifactKey: Guid(8d5d5606c2372a44199e89225e65ef11) Importer(2089858483,b0f066a214c2f5e87bad3c948f4d605d)
Start importing Assets/3.UI/kenney_board-game-icons/PNG/Default (64px)/dice_2.png using Guid(8d5d5606c2372a44199e89225e65ef11) Importer(2089858483,b0f066a214c2f5e87bad3c948f4d605d) (ScriptedImporter) -> (artifact id: '3c093e7d4d4f3d589b17310ae7c2b1c2') in 0.0197731 seconds
Number of updated asset objects reloaded before import = 0Number of asset objects unloaded after import = 1

========================================================================
Received Import Request.
  Time since last request: 0.000017 seconds.
  path: Assets/3.UI/kenney_board-game-icons/PNG/Default (64px)/character_lift.png
  artifactKey: Guid(afdcb2657154f7d4c9d7ff625207d067) Importer(2089858483,b0f066a214c2f5e87bad3c948f4d605d)
Start importing Assets/3.UI/kenney_board-game-icons/PNG/Default (64px)/character_lift.png using Guid(afdcb2657154f7d4c9d7ff625207d067) Importer(2089858483,b0f066a214c2f5e87bad3c948f4d605d) (ScriptedImporter) -> (artifact id: 'e88fd739dbd2c8d104554870cc2a62c5') in 0.0229624 seconds
Number of updated asset objects reloaded before import = 0Number of asset objects unloaded after import = 1

========================================================================
Received Import Request.
  Time since last request: 0.000025 seconds.
  path: Assets/3.UI/kenney_board-game-icons/Vector/Icons/timer_100.svg
  artifactKey: Guid(8f4880fd6c0105d40bca7ab54ee6b2f5) Importer(2089858483,b0f066a214c2f5e87bad3c948f4d605d)
Start importing Assets/3.UI/kenney_board-game-icons/Vector/Icons/timer_100.svg using Guid(8f4880fd6c0105d40bca7ab54ee6b2f5) Importer(2089858483,b0f066a214c2f5e87bad3c948f4d605d) (ScriptedImporter) -> (artifact id: 'dd25fd5583c4999903d62c7fb06b0590') in 0.0187303 seconds
Number of updated asset objects reloaded before import = 0Number of asset objects unloaded after import = 1

========================================================================
Received Import Request.
  Time since last request: 0.000043 seconds.
  path: Assets/3.UI/kenney_board-game-icons/Vector/Icons/arrow_rotate.svg
  artifactKey: Guid(334982192db70894a9d17b7f25623ebb) Importer(2089858483,b0f066a214c2f5e87bad3c948f4d605d)
Start importing Assets/3.UI/kenney_board-game-icons/Vector/Icons/arrow_rotate.svg using Guid(334982192db70894a9d17b7f25623ebb) Importer(2089858483,b0f066a214c2f5e87bad3c948f4d605d) (ScriptedImporter) -> (artifact id: '7f83f8d10c4e741980bb3b3ff9371631') in 0.0211066 seconds
Number of updated asset objects reloaded before import = 0Number of asset objects unloaded after import = 1

========================================================================
Received Import Request.
  Time since last request: 0.000016 seconds.
  path: Assets/3.UI/kenney_board-game-icons/Vector/Icons/shield.svg
  artifactKey: Guid(a340d1dd6c874d5419dbde795b16a86d) Importer(2089858483,b0f066a214c2f5e87bad3c948f4d605d)
Start importing Assets/3.UI/kenney_board-game-icons/Vector/Icons/shield.svg using Guid(a340d1dd6c874d5419dbde795b16a86d) Importer(2089858483,b0f066a214c2f5e87bad3c948f4d605d) (ScriptedImporter) -> (artifact id: '2a4059e1cdf9515bfa244d92029e3982') in 0.0252986 seconds
Number of updated asset objects reloaded before import = 0Number of asset objects unloaded after import = 1

========================================================================
Received Import Request.
  Time since last request: 0.000017 seconds.
  path: Assets/3.UI/kenney_board-game-icons/PNG/Double (128px)/character_remove.png
  artifactKey: Guid(03f557a3624353f4ea4dd0fb4b591e2b) Importer(2089858483,b0f066a214c2f5e87bad3c948f4d605d)
Start importing Assets/3.UI/kenney_board-game-icons/PNG/Double (128px)/character_remove.png using Guid(03f557a3624353f4ea4dd0fb4b591e2b) Importer(2089858483,b0f066a214c2f5e87bad3c948f4d605d) (ScriptedImporter) -> (artifact id: 'ee5c6f361823ba6247b24aebc8bb5d83') in 0.0226965 seconds
Number of updated asset objects reloaded before import = 0Number of asset objects unloaded after import = 1

========================================================================
Received Import Request.
  Time since last request: 0.000019 seconds.
  path: Assets/3.UI/kenney_desert-shooter-pack_1.0/PNG/Tiles/Tiles/tile_0114.png
  artifactKey: Guid(86cd1d10063a7c54db0b34dc3ababd42) Importer(2089858483,b0f066a214c2f5e87bad3c948f4d605d)
Start importing Assets/3.UI/kenney_desert-shooter-pack_1.0/PNG/Tiles/Tiles/tile_0114.png using Guid(86cd1d10063a7c54db0b34dc3ababd42) Importer(2089858483,b0f066a214c2f5e87bad3c948f4d605d) (ScriptedImporter) -> (artifact id: '2dd8c6a484acd65fd21c2a8d76882c47') in 0.0267022 seconds
Number of updated asset objects reloaded before import = 0Number of asset objects unloaded after import = 1

========================================================================
Received Import Request.
  Time since last request: 0.000030 seconds.
  path: Assets/3.UI/kenney_desert-shooter-pack_1.0/PNG/Players/Tiles/tile_0015.png
  artifactKey: Guid(dc88915139c7628429749bc08da8f33d) Importer(2089858483,b0f066a214c2f5e87bad3c948f4d605d)
Start importing Assets/3.UI/kenney_desert-shooter-pack_1.0/PNG/Players/Tiles/tile_0015.png using Guid(dc88915139c7628429749bc08da8f33d) Importer(2089858483,b0f066a214c2f5e87bad3c948f4d605d) (ScriptedImporter) -> (artifact id: '4f16d9d3cfa2e75e486c32783ec26c74') in 0.0261988 seconds
Number of updated asset objects reloaded before import = 0Number of asset objects unloaded after import = 1

========================================================================
Received Import Request.
  Time since last request: 0.000018 seconds.
  path: Assets/3.UI/kenney_board-game-icons/PNG/Default (64px)/dice.png
  artifactKey: Guid(ac1c185a70022954d9e5abedbb246d80) Importer(2089858483,b0f066a214c2f5e87bad3c948f4d605d)
Start importing Assets/3.UI/kenney_board-game-icons/PNG/Default (64px)/dice.png using Guid(ac1c185a70022954d9e5abedbb246d80) Importer(2089858483,b0f066a214c2f5e87bad3c948f4d605d) (ScriptedImporter) -> (artifact id: 'f68b4a77fe2d913aeab32dd46b85aaf0') in 0.0233961 seconds
Number of updated asset objects reloaded before import = 0Number of asset objects unloaded after import = 1

========================================================================
Received Import Request.
  Time since last request: 0.000073 seconds.
  path: Assets/3.UI/kenney_board-game-icons/PNG/Double (128px)/tag_d6_6.png
  artifactKey: Guid(0009baff9112dfd49871ad9c04339d72) Importer(2089858483,b0f066a214c2f5e87bad3c948f4d605d)
Start importing Assets/3.UI/kenney_board-game-icons/PNG/Double (128px)/tag_d6_6.png using Guid(0009baff9112dfd49871ad9c04339d72) Importer(2089858483,b0f066a214c2f5e87bad3c948f4d605d) (ScriptedImporter) -> (artifact id: '6bf28357838dd92c56f1baf92155d852') in 0.0243399 seconds
Number of updated asset objects reloaded before import = 0Number of asset objects unloaded after import = 1

========================================================================
Received Import Request.
  Time since last request: 0.000018 seconds.
  path: Assets/3.UI/kenney_board-game-icons/Vector/Icons/rhombus_outline.svg
  artifactKey: Guid(f99d61586fd077e4eb3966945481f31c) Importer(2089858483,b0f066a214c2f5e87bad3c948f4d605d)
Start importing Assets/3.UI/kenney_board-game-icons/Vector/Icons/rhombus_outline.svg using Guid(f99d61586fd077e4eb3966945481f31c) Importer(2089858483,b0f066a214c2f5e87bad3c948f4d605d) (ScriptedImporter) -> (artifact id: 'f9d923769bcc5125d442ff9e246a610b') in 0.0170433 seconds
Number of updated asset objects reloaded before import = 0Number of asset objects unloaded after import = 1

========================================================================
Received Import Request.
  Time since last request: 0.000031 seconds.
  path: Assets/3.UI/kenney_cursor-pixel-pack/Tiles/tile_0075.png
  artifactKey: Guid(bfc47b68d0887314b89207e0474276db) Importer(2089858483,b0f066a214c2f5e87bad3c948f4d605d)
Start importing Assets/3.UI/kenney_cursor-pixel-pack/Tiles/tile_0075.png using Guid(bfc47b68d0887314b89207e0474276db) Importer(2089858483,b0f066a214c2f5e87bad3c948f4d605d) (ScriptedImporter) -> (artifact id: 'f8f80859aff3d4dcae55c7e860aaa26b') in 0.0247485 seconds
Number of updated asset objects reloaded before import = 0Number of asset objects unloaded after import = 1

========================================================================
Received Import Request.
  Time since last request: 0.000017 seconds.
  path: Assets/3.UI/kenney_board-game-icons/PNG/Default (64px)/dice_5.png
  artifactKey: Guid(c581b93fbe0efe34db8682a25bac05c4) Importer(2089858483,b0f066a214c2f5e87bad3c948f4d605d)
Start importing Assets/3.UI/kenney_board-game-icons/PNG/Default (64px)/dice_5.png using Guid(c581b93fbe0efe34db8682a25bac05c4) Importer(2089858483,b0f066a214c2f5e87bad3c948f4d605d) (ScriptedImporter) -> (artifact id: 'ad53340b2b2a1937b0f9e7bdd1467868') in 0.0221261 seconds
Number of updated asset objects reloaded before import = 0Number of asset objects unloaded after import = 1

========================================================================
Received Import Request.
  Time since last request: 0.000018 seconds.
  path: Assets/3.UI/kenney_board-game-icons/PNG/Double (128px)/arrow_diagonal_cross_divided.png
  artifactKey: Guid(849a335d6a5e63a41a6db7c28e1a49d8) Importer(2089858483,b0f066a214c2f5e87bad3c948f4d605d)
Start importing Assets/3.UI/kenney_board-game-icons/PNG/Double (128px)/arrow_diagonal_cross_divided.png using Guid(849a335d6a5e63a41a6db7c28e1a49d8) Importer(2089858483,b0f066a214c2f5e87bad3c948f4d605d) (ScriptedImporter) -> (artifact id: 'dc92c1138bf05f6979c7d47bfbc9593d') in 0.0277951 seconds
Number of updated asset objects reloaded before import = 0Number of asset objects unloaded after import = 1

========================================================================
Received Import Request.
  Time since last request: 0.000083 seconds.
  path: Assets/3.UI/kenney_board-game-icons/PNG/Default (64px)/notepad.png
  artifactKey: Guid(a9e6cf7ebdebc1b4e9058720af6b6ab3) Importer(2089858483,b0f066a214c2f5e87bad3c948f4d605d)
Start importing Assets/3.UI/kenney_board-game-icons/PNG/Default (64px)/notepad.png using Guid(a9e6cf7ebdebc1b4e9058720af6b6ab3) Importer(2089858483,b0f066a214c2f5e87bad3c948f4d605d) (ScriptedImporter) -> (artifact id: 'e85fd22d62def69bebd4f9d977a40b09') in 0.0209652 seconds
Number of updated asset objects reloaded before import = 0Number of asset objects unloaded after import = 1

========================================================================
Received Import Request.
  Time since last request: 0.000030 seconds.
  path: Assets/3.UI/kenney_desert-shooter-pack_1.0/PNG/Tiles/Tiles/tile_0031.png
  artifactKey: Guid(3cab5aad970fb4f46bef95e92feaf28b) Importer(2089858483,b0f066a214c2f5e87bad3c948f4d605d)
Start importing Assets/3.UI/kenney_desert-shooter-pack_1.0/PNG/Tiles/Tiles/tile_0031.png using Guid(3cab5aad970fb4f46bef95e92feaf28b) Importer(2089858483,b0f066a214c2f5e87bad3c948f4d605d) (ScriptedImporter) -> (artifact id: '0217c587e6d5633903a07e1e0dd0af06') in 0.0183115 seconds
Number of updated asset objects reloaded before import = 0Number of asset objects unloaded after import = 1

========================================================================
Received Import Request.
  Time since last request: 0.000035 seconds.
  path: Assets/3.UI/kenney_desert-shooter-pack_1.0/PNG/Interface/Tiles/tile_0176.png
  artifactKey: Guid(f2d9a36e650c6f948b0fe5123c352be5) Importer(2089858483,b0f066a214c2f5e87bad3c948f4d605d)
Start importing Assets/3.UI/kenney_desert-shooter-pack_1.0/PNG/Interface/Tiles/tile_0176.png using Guid(f2d9a36e650c6f948b0fe5123c352be5) Importer(2089858483,b0f066a214c2f5e87bad3c948f4d605d) (ScriptedImporter) -> (artifact id: '2ec4897309c916e550a14868db9fffd4') in 0.0217259 seconds
Number of updated asset objects reloaded before import = 0Number of asset objects unloaded after import = 1

========================================================================
Received Import Request.
  Time since last request: 0.000021 seconds.
  path: Assets/3.UI/kenney_desert-shooter-pack_1.0/Sounds/hurt-c.ogg
  artifactKey: Guid(ab4807fa4a018cc4d81e73438177e90a) Importer(2089858483,b0f066a214c2f5e87bad3c948f4d605d)
Start importing Assets/3.UI/kenney_desert-shooter-pack_1.0/Sounds/hurt-c.ogg using Guid(ab4807fa4a018cc4d81e73438177e90a) Importer(2089858483,b0f066a214c2f5e87bad3c948f4d605d) (ScriptedImporter) -> (artifact id: '0d0dc38fad57e4b5619ffc77c6580f7f') in 0.0302339 seconds
Number of updated asset objects reloaded before import = 0Number of asset objects unloaded after import = 1

========================================================================
Received Import Request.
  Time since last request: 0.000028 seconds.
  path: Assets/3.UI/kenney_cursor-pixel-pack/Tiles/tile_0115.png
  artifactKey: Guid(6348c1da4e7f85149818bc9faec45049) Importer(2089858483,b0f066a214c2f5e87bad3c948f4d605d)
Start importing Assets/3.UI/kenney_cursor-pixel-pack/Tiles/tile_0115.png using Guid(6348c1da4e7f85149818bc9faec45049) Importer(2089858483,b0f066a214c2f5e87bad3c948f4d605d) (ScriptedImporter) -> (artifact id: '29f66b9229c62e180117b799cf4b75cf') in 0.0162677 seconds
Number of updated asset objects reloaded before import = 0Number of asset objects unloaded after import = 1

========================================================================
Received Import Request.
  Time since last request: 0.000108 seconds.
  path: Assets/3.UI/kenney_desert-shooter-pack_1.0/PNG/Tiles/Tiles/tile_0065.png
  artifactKey: Guid(e7cd56af2da69ca49991224d72761f7d) Importer(2089858483,b0f066a214c2f5e87bad3c948f4d605d)
Start importing Assets/3.UI/kenney_desert-shooter-pack_1.0/PNG/Tiles/Tiles/tile_0065.png using Guid(e7cd56af2da69ca49991224d72761f7d) Importer(2089858483,b0f066a214c2f5e87bad3c948f4d605d) (ScriptedImporter) -> (artifact id: '96aa78e1c13552bc036c6c8b98132676') in 0.0164075 seconds
Number of updated asset objects reloaded before import = 0Number of asset objects unloaded after import = 1

========================================================================
Received Import Request.
  Time since last request: 0.000021 seconds.
  path: Assets/3.UI/kenney_board-game-icons/Visit Kenney.url
  artifactKey: Guid(227344fc811d50c45b1f01fc58096f4f) Importer(2089858483,b0f066a214c2f5e87bad3c948f4d605d)
Start importing Assets/3.UI/kenney_board-game-icons/Visit Kenney.url using Guid(227344fc811d50c45b1f01fc58096f4f) Importer(2089858483,b0f066a214c2f5e87bad3c948f4d605d) (ScriptedImporter) -> (artifact id: '8464ae9d9f048a7a8264d032f000a3a8') in 0.014661 seconds
Number of updated asset objects reloaded before import = 0Number of asset objects unloaded after import = 1

========================================================================
Received Import Request.
  Time since last request: 0.000032 seconds.
  path: Assets/3.UI/kenney_board-game-icons/PNG/Double (128px)/dice_3D.png
  artifactKey: Guid(f8a8b39e700e62c4faaccac717ab1635) Importer(2089858483,b0f066a214c2f5e87bad3c948f4d605d)
Start importing Assets/3.UI/kenney_board-game-icons/PNG/Double (128px)/dice_3D.png using Guid(f8a8b39e700e62c4faaccac717ab1635) Importer(2089858483,b0f066a214c2f5e87bad3c948f4d605d) (ScriptedImporter) -> (artifact id: 'b04d6d82eb831b2cd26041e2eee4b729') in 0.0160741 seconds
Number of updated asset objects reloaded before import = 0Number of asset objects unloaded after import = 1

========================================================================
Received Import Request.
  Time since last request: 0.000020 seconds.
  path: Assets/3.UI/kenney_cursor-pixel-pack/Tiles/tile_0162.png
  artifactKey: Guid(dfcaa880d58320a448e7fffeef4bd13b) Importer(2089858483,b0f066a214c2f5e87bad3c948f4d605d)
Start importing Assets/3.UI/kenney_cursor-pixel-pack/Tiles/tile_0162.png using Guid(dfcaa880d58320a448e7fffeef4bd13b) Importer(2089858483,b0f066a214c2f5e87bad3c948f4d605d) (ScriptedImporter) -> (artifact id: 'c20a3ef319ec844b9c76a547c9c5983d') in 0.0177675 seconds
Number of updated asset objects reloaded before import = 0Number of asset objects unloaded after import = 1

========================================================================
Received Import Request.
  Time since last request: 0.000027 seconds.
  path: Assets/3.UI/kenney_board-game-icons/PNG/Default (64px)/structure_gate.png
  artifactKey: Guid(b3713c5acd8789b4fab38b30d35d9bb5) Importer(2089858483,b0f066a214c2f5e87bad3c948f4d605d)
Start importing Assets/3.UI/kenney_board-game-icons/PNG/Default (64px)/structure_gate.png using Guid(b3713c5acd8789b4fab38b30d35d9bb5) Importer(2089858483,b0f066a214c2f5e87bad3c948f4d605d) (ScriptedImporter) -> (artifact id: '2190adf770b9e328834b23d7a1ac4ee2') in 0.0169311 seconds
Number of updated asset objects reloaded before import = 0Number of asset objects unloaded after import = 1

========================================================================
Received Import Request.
  Time since last request: 0.000031 seconds.
  path: Assets/3.UI/kenney_board-game-icons/PNG/Double (128px)/d20_number.png
  artifactKey: Guid(268ecb50f9a912b4db661204abd3d44b) Importer(2089858483,b0f066a214c2f5e87bad3c948f4d605d)
Start importing Assets/3.UI/kenney_board-game-icons/PNG/Double (128px)/d20_number.png using Guid(268ecb50f9a912b4db661204abd3d44b) Importer(2089858483,b0f066a214c2f5e87bad3c948f4d605d) (ScriptedImporter) -> (artifact id: '4c5c9bad2022a9c1f34bc3c2787c59d6') in 0.0202061 seconds
Number of updated asset objects reloaded before import = 0Number of asset objects unloaded after import = 1

========================================================================
Received Import Request.
  Time since last request: 0.000024 seconds.
  path: Assets/3.UI/kenney_cursor-pixel-pack/Tiles/tile_0078.png
  artifactKey: Guid(12140f97d1142f14e8697011b01b4e6b) Importer(2089858483,b0f066a214c2f5e87bad3c948f4d605d)
Start importing Assets/3.UI/kenney_cursor-pixel-pack/Tiles/tile_0078.png using Guid(12140f97d1142f14e8697011b01b4e6b) Importer(2089858483,b0f066a214c2f5e87bad3c948f4d605d) (ScriptedImporter) -> (artifact id: '2780589c85b0def47eba888b210ce141') in 0.021448 seconds
Number of updated asset objects reloaded before import = 0Number of asset objects unloaded after import = 1

========================================================================
Received Import Request.
  Time since last request: 0.000033 seconds.
  path: Assets/3.UI/kenney_board-game-icons/PNG/Default (64px)/d12_number.png
  artifactKey: Guid(fdc7fe187aa16e441bbee6db841e4743) Importer(2089858483,b0f066a214c2f5e87bad3c948f4d605d)
Start importing Assets/3.UI/kenney_board-game-icons/PNG/Default (64px)/d12_number.png using Guid(fdc7fe187aa16e441bbee6db841e4743) Importer(2089858483,b0f066a214c2f5e87bad3c948f4d605d) (ScriptedImporter) -> (artifact id: 'f75d54c005a7eda8195841b30c38db42') in 0.0165924 seconds
Number of updated asset objects reloaded before import = 0Number of asset objects unloaded after import = 1

========================================================================
Received Import Request.
  Time since last request: 0.000020 seconds.
  path: Assets/3.UI/kenney_board-game-icons/PNG/Default (64px)/tag_6.png
  artifactKey: Guid(ce6a7ce379fafcf4aad03e4360b5b9cd) Importer(2089858483,b0f066a214c2f5e87bad3c948f4d605d)
Start importing Assets/3.UI/kenney_board-game-icons/PNG/Default (64px)/tag_6.png using Guid(ce6a7ce379fafcf4aad03e4360b5b9cd) Importer(2089858483,b0f066a214c2f5e87bad3c948f4d605d) (ScriptedImporter) -> (artifact id: '66f3ff5feac9e8a0cf1c82393cfe3d0a') in 0.0159524 seconds
Number of updated asset objects reloaded before import = 0Number of asset objects unloaded after import = 1

========================================================================
Received Import Request.
  Time since last request: 0.000030 seconds.
  path: Assets/3.UI/kenney_board-game-icons/PNG/Double (128px)/d6.png
  artifactKey: Guid(9bb77dab593c721458ed934de8a32c2d) Importer(2089858483,b0f066a214c2f5e87bad3c948f4d605d)
Start importing Assets/3.UI/kenney_board-game-icons/PNG/Double (128px)/d6.png using Guid(9bb77dab593c721458ed934de8a32c2d) Importer(2089858483,b0f066a214c2f5e87bad3c948f4d605d) (ScriptedImporter) -> (artifact id: '8c2dcc328800839df6c9a53de72e76f2') in 0.021449 seconds
Number of updated asset objects reloaded before import = 0Number of asset objects unloaded after import = 1

========================================================================
Received Import Request.
  Time since last request: 0.000076 seconds.
  path: Assets/3.UI/kenney_board-game-icons/PNG/Default (64px)/arrow_diagonal_cross.png
  artifactKey: Guid(810e98a62c718944095dd9ee299d2d7f) Importer(2089858483,b0f066a214c2f5e87bad3c948f4d605d)
Start importing Assets/3.UI/kenney_board-game-icons/PNG/Default (64px)/arrow_diagonal_cross.png using Guid(810e98a62c718944095dd9ee299d2d7f) Importer(2089858483,b0f066a214c2f5e87bad3c948f4d605d) (ScriptedImporter) -> (artifact id: '422ab4093cf145aa1201583359ef9a5c') in 0.017187 seconds
Number of updated asset objects reloaded before import = 0Number of asset objects unloaded after import = 1

========================================================================
Received Import Request.
  Time since last request: 0.000016 seconds.
  path: Assets/3.UI/kenney_desert-shooter-pack_1.0/PNG/Tiles/Tiles/tile_0223.png
  artifactKey: Guid(b66ea31204e9d6c438fc2d431b28d6f1) Importer(2089858483,b0f066a214c2f5e87bad3c948f4d605d)
Start importing Assets/3.UI/kenney_desert-shooter-pack_1.0/PNG/Tiles/Tiles/tile_0223.png using Guid(b66ea31204e9d6c438fc2d431b28d6f1) Importer(2089858483,b0f066a214c2f5e87bad3c948f4d605d) (ScriptedImporter) -> (artifact id: '3021a07df0cca4360b0e9896def9240d') in 0.0229808 seconds
Number of updated asset objects reloaded before import = 0Number of asset objects unloaded after import = 1

========================================================================
Received Import Request.
  Time since last request: 0.000017 seconds.
  path: Assets/3.UI/kenney_board-game-icons/PNG/Default (64px)/resource_lumber.png
  artifactKey: Guid(679438efff2880e4ca61c6fa9df30e36) Importer(2089858483,b0f066a214c2f5e87bad3c948f4d605d)
Start importing Assets/3.UI/kenney_board-game-icons/PNG/Default (64px)/resource_lumber.png using Guid(679438efff2880e4ca61c6fa9df30e36) Importer(2089858483,b0f066a214c2f5e87bad3c948f4d605d) (ScriptedImporter) -> (artifact id: '23350937378fb19a48e9890982659a55') in 0.0261262 seconds
Number of updated asset objects reloaded before import = 0Number of asset objects unloaded after import = 1

========================================================================
Received Import Request.
  Time since last request: 0.000027 seconds.
  path: Assets/3.UI/kenney_board-game-icons/PNG/Default (64px)/hand.png
  artifactKey: Guid(51c7e7513d32b4b4fb5de06f640fc367) Importer(2089858483,b0f066a214c2f5e87bad3c948f4d605d)
Start importing Assets/3.UI/kenney_board-game-icons/PNG/Default (64px)/hand.png using Guid(51c7e7513d32b4b4fb5de06f640fc367) Importer(2089858483,b0f066a214c2f5e87bad3c948f4d605d) (ScriptedImporter) -> (artifact id: 'c52358d9e3daa528b0da55066b204aa0') in 0.0215061 seconds
Number of updated asset objects reloaded before import = 0Number of asset objects unloaded after import = 1

========================================================================
Received Import Request.
  Time since last request: 0.000030 seconds.
  path: Assets/3.UI/kenney_board-game-icons/PNG/Double (128px)/dice_question.png
  artifactKey: Guid(1e7567337f761674c80993ba12d012a2) Importer(2089858483,b0f066a214c2f5e87bad3c948f4d605d)
Start importing Assets/3.UI/kenney_board-game-icons/PNG/Double (128px)/dice_question.png using Guid(1e7567337f761674c80993ba12d012a2) Importer(2089858483,b0f066a214c2f5e87bad3c948f4d605d) (ScriptedImporter) -> (artifact id: 'a5a7ec146ec1f7059a573225db3b40de') in 0.0282855 seconds
Number of updated asset objects reloaded before import = 0Number of asset objects unloaded after import = 1

========================================================================
Received Import Request.
  Time since last request: 0.000020 seconds.
  path: Assets/3.UI/kenney_board-game-icons/Vector/overview.svg
  artifactKey: Guid(8ededc6d5881b1742ad4e147bb8a8a7f) Importer(2089858483,b0f066a214c2f5e87bad3c948f4d605d)
Start importing Assets/3.UI/kenney_board-game-icons/Vector/overview.svg using Guid(8ededc6d5881b1742ad4e147bb8a8a7f) Importer(2089858483,b0f066a214c2f5e87bad3c948f4d605d) (ScriptedImporter) -> (artifact id: 'd3614734a3ea605e107500e40128ee5c') in 0.0415359 seconds
Number of updated asset objects reloaded before import = 0Number of asset objects unloaded after import = 1

========================================================================
Received Import Request.
  Time since last request: 0.000021 seconds.
  path: Assets/3.UI/kenney_desert-shooter-pack_1.0/PNG/Tiles/Tiles/tile_0189.png
  artifactKey: Guid(11d2b58106008974fba387c2c28fe28d) Importer(2089858483,b0f066a214c2f5e87bad3c948f4d605d)
Start importing Assets/3.UI/kenney_desert-shooter-pack_1.0/PNG/Tiles/Tiles/tile_0189.png using Guid(11d2b58106008974fba387c2c28fe28d) Importer(2089858483,b0f066a214c2f5e87bad3c948f4d605d) (ScriptedImporter) -> (artifact id: '60ee7ca7d12201c906c3c31b5e4a5af6') in 0.0172983 seconds
Number of updated asset objects reloaded before import = 0Number of asset objects unloaded after import = 1

========================================================================
Received Import Request.
  Time since last request: 0.000032 seconds.
  path: Assets/3.UI/kenney_cursor-pixel-pack/Tiles/tile_0024.png
  artifactKey: Guid(de7c66a1eb15501458151ec13fb3f1b0) Importer(2089858483,b0f066a214c2f5e87bad3c948f4d605d)
Start importing Assets/3.UI/kenney_cursor-pixel-pack/Tiles/tile_0024.png using Guid(de7c66a1eb15501458151ec13fb3f1b0) Importer(2089858483,b0f066a214c2f5e87bad3c948f4d605d) (ScriptedImporter) -> (artifact id: '841d2a8cd569cbdb9d4328e5bb9feee1') in 0.018834 seconds
Number of updated asset objects reloaded before import = 0Number of asset objects unloaded after import = 1

========================================================================
Received Import Request.
  Time since last request: 0.000144 seconds.
  path: Assets/3.UI/kenney_board-game-icons/PNG/Double (128px)/notepad.png
  artifactKey: Guid(8db0d35cd2f1208449cd3e6d03821ce7) Importer(2089858483,b0f066a214c2f5e87bad3c948f4d605d)
Start importing Assets/3.UI/kenney_board-game-icons/PNG/Double (128px)/notepad.png using Guid(8db0d35cd2f1208449cd3e6d03821ce7) Importer(2089858483,b0f066a214c2f5e87bad3c948f4d605d) (ScriptedImporter) -> (artifact id: '24e9deeae9a86710825a825685e81440') in 0.0174373 seconds
Number of updated asset objects reloaded before import = 0Number of asset objects unloaded after import = 1

========================================================================
Received Import Request.
  Time since last request: 0.000035 seconds.
  path: Assets/3.UI/kenney_cursor-pixel-pack/Tiles/tile_0095.png
  artifactKey: Guid(c0e2d972de13599409fa0d1530b79341) Importer(2089858483,b0f066a214c2f5e87bad3c948f4d605d)
Start importing Assets/3.UI/kenney_cursor-pixel-pack/Tiles/tile_0095.png using Guid(c0e2d972de13599409fa0d1530b79341) Importer(2089858483,b0f066a214c2f5e87bad3c948f4d605d) (ScriptedImporter) -> (artifact id: '80bd43b9b45f6775f7ddd0aade7c3263') in 0.0201171 seconds
Number of updated asset objects reloaded before import = 0Number of asset objects unloaded after import = 1

========================================================================
Received Import Request.
  Time since last request: 0.000028 seconds.
  path: Assets/3.UI/kenney_desert-shooter-pack_1.0/PNG/Players/Tiles/tile_0001.png
  artifactKey: Guid(87b43a30ff321ee46b2711dd1bbe4556) Importer(2089858483,b0f066a214c2f5e87bad3c948f4d605d)
Start importing Assets/3.UI/kenney_desert-shooter-pack_1.0/PNG/Players/Tiles/tile_0001.png using Guid(87b43a30ff321ee46b2711dd1bbe4556) Importer(2089858483,b0f066a214c2f5e87bad3c948f4d605d) (ScriptedImporter) -> (artifact id: '053f6de0822833816df4cd72f78531b9') in 0.0156745 seconds
Number of updated asset objects reloaded before import = 0Number of asset objects unloaded after import = 1

========================================================================
Received Import Request.
  Time since last request: 0.000049 seconds.
  path: Assets/3.UI/kenney_cursor-pixel-pack/Tiles/tile_0121.png
  artifactKey: Guid(9a5849c8cad13f8458b948d538cc3250) Importer(2089858483,b0f066a214c2f5e87bad3c948f4d605d)
Start importing Assets/3.UI/kenney_cursor-pixel-pack/Tiles/tile_0121.png using Guid(9a5849c8cad13f8458b948d538cc3250) Importer(2089858483,b0f066a214c2f5e87bad3c948f4d605d) (ScriptedImporter) -> (artifact id: 'eb9a3507c9a26891854a031772cc0489') in 0.0189213 seconds
Number of updated asset objects reloaded before import = 0Number of asset objects unloaded after import = 1

========================================================================
Received Import Request.
  Time since last request: 0.000023 seconds.
  path: Assets/3.UI/kenney_board-game-icons/PNG/Default (64px)/cards_stack_cross.png
  artifactKey: Guid(eebff91541cc11b44914a1efbdc9db87) Importer(2089858483,b0f066a214c2f5e87bad3c948f4d605d)
Start importing Assets/3.UI/kenney_board-game-icons/PNG/Default (64px)/cards_stack_cross.png using Guid(eebff91541cc11b44914a1efbdc9db87) Importer(2089858483,b0f066a214c2f5e87bad3c948f4d605d) (ScriptedImporter) -> (artifact id: '87a84fc354123282e67e996520223627') in 0.0202891 seconds
Number of updated asset objects reloaded before import = 0Number of asset objects unloaded after import = 1

========================================================================
Received Import Request.
  Time since last request: 0.000038 seconds.
  path: Assets/3.UI/kenney_desert-shooter-pack_1.0/PNG/Tiles/Tiles/tile_0177.png
  artifactKey: Guid(1239566be468d6449a4ba46a27992529) Importer(2089858483,b0f066a214c2f5e87bad3c948f4d605d)
Start importing Assets/3.UI/kenney_desert-shooter-pack_1.0/PNG/Tiles/Tiles/tile_0177.png using Guid(1239566be468d6449a4ba46a27992529) Importer(2089858483,b0f066a214c2f5e87bad3c948f4d605d) (ScriptedImporter) -> (artifact id: 'ab0381407f984eaaddce6ab2c0abd450') in 0.0196368 seconds
Number of updated asset objects reloaded before import = 0Number of asset objects unloaded after import = 1

========================================================================
Received Import Request.
  Time since last request: 0.000023 seconds.
  path: Assets/3.UI/kenney_board-game-icons/Vector/Icons/d12_outline_number.svg
  artifactKey: Guid(540af280b1ab29f448c3b5794ad0580c) Importer(2089858483,b0f066a214c2f5e87bad3c948f4d605d)
Start importing Assets/3.UI/kenney_board-game-icons/Vector/Icons/d12_outline_number.svg using Guid(540af280b1ab29f448c3b5794ad0580c) Importer(2089858483,b0f066a214c2f5e87bad3c948f4d605d) (ScriptedImporter) -> (artifact id: '599aff6e419f7eb283155f866fa80d31') in 0.0154102 seconds
Number of updated asset objects reloaded before import = 0Number of asset objects unloaded after import = 1

========================================================================
Received Import Request.
  Time since last request: 0.000017 seconds.
  path: Assets/3.UI/kenney_desert-shooter-pack_1.0/PNG/Tiles/Tiles/tile_0179.png
  artifactKey: Guid(dc0684bb902edfd4381ac8f760ceb31b) Importer(2089858483,b0f066a214c2f5e87bad3c948f4d605d)
Start importing Assets/3.UI/kenney_desert-shooter-pack_1.0/PNG/Tiles/Tiles/tile_0179.png using Guid(dc0684bb902edfd4381ac8f760ceb31b) Importer(2089858483,b0f066a214c2f5e87bad3c948f4d605d) (ScriptedImporter) -> (artifact id: '503f6d22c927157bc7cf06f110a31077') in 0.0214396 seconds
Number of updated asset objects reloaded before import = 0Number of asset objects unloaded after import = 1

========================================================================
Received Import Request.
  Time since last request: 0.000019 seconds.
  path: Assets/3.UI/kenney_board-game-icons/Vector/Icons/tag_d6_cross.svg
  artifactKey: Guid(3226ca6d77cbfe2419423a33ee723a06) Importer(2089858483,b0f066a214c2f5e87bad3c948f4d605d)
Start importing Assets/3.UI/kenney_board-game-icons/Vector/Icons/tag_d6_cross.svg using Guid(3226ca6d77cbfe2419423a33ee723a06) Importer(2089858483,b0f066a214c2f5e87bad3c948f4d605d) (ScriptedImporter) -> (artifact id: 'ba6b43ce9bede5716a1342fc66f8f430') in 0.0249332 seconds
Number of updated asset objects reloaded before import = 0Number of asset objects unloaded after import = 1

========================================================================
Received Import Request.
  Time since last request: 0.000029 seconds.
  path: Assets/3.UI/kenney_cursor-pixel-pack/Tiles/tile_0122.png
  artifactKey: Guid(9820c075779f9934bb260a159bb3f21b) Importer(2089858483,b0f066a214c2f5e87bad3c948f4d605d)
Start importing Assets/3.UI/kenney_cursor-pixel-pack/Tiles/tile_0122.png using Guid(9820c075779f9934bb260a159bb3f21b) Importer(2089858483,b0f066a214c2f5e87bad3c948f4d605d) (ScriptedImporter) -> (artifact id: '46f2392e9ba7b43aa52626129c2c170a') in 0.0251258 seconds
Number of updated asset objects reloaded before import = 0Number of asset objects unloaded after import = 1

========================================================================
Received Import Request.
  Time since last request: 0.000019 seconds.
  path: Assets/3.UI/kenney_board-game-icons/Vector/Icons/d12.svg
  artifactKey: Guid(276f939e5f77778498fa7489b029e61d) Importer(2089858483,b0f066a214c2f5e87bad3c948f4d605d)
Start importing Assets/3.UI/kenney_board-game-icons/Vector/Icons/d12.svg using Guid(276f939e5f77778498fa7489b029e61d) Importer(2089858483,b0f066a214c2f5e87bad3c948f4d605d) (ScriptedImporter) -> (artifact id: '34aeddb07638ebf93488daca6c3fdf2b') in 0.0209563 seconds
Number of updated asset objects reloaded before import = 0Number of asset objects unloaded after import = 1

========================================================================
Received Import Request.
  Time since last request: 0.000031 seconds.
  path: Assets/3.UI/kenney_board-game-icons/PNG/Double (128px)/hourglass_top.png
  artifactKey: Guid(7ac828cd2b327f04f94f7f3944f3d59c) Importer(2089858483,b0f066a214c2f5e87bad3c948f4d605d)
Start importing Assets/3.UI/kenney_board-game-icons/PNG/Double (128px)/hourglass_top.png using Guid(7ac828cd2b327f04f94f7f3944f3d59c) Importer(2089858483,b0f066a214c2f5e87bad3c948f4d605d) (ScriptedImporter) -> (artifact id: '728dbc47658582ebc71ed68bccb0b049') in 0.0252827 seconds
Number of updated asset objects reloaded before import = 0Number of asset objects unloaded after import = 1

========================================================================
Received Import Request.
  Time since last request: 0.000025 seconds.
  path: Assets/3.UI/kenney_desert-shooter-pack_1.0/PNG/Tiles/Tiles/tile_0128.png
  artifactKey: Guid(35af99e1a39f39d47855e963356e1a58) Importer(2089858483,b0f066a214c2f5e87bad3c948f4d605d)
Start importing Assets/3.UI/kenney_desert-shooter-pack_1.0/PNG/Tiles/Tiles/tile_0128.png using Guid(35af99e1a39f39d47855e963356e1a58) Importer(2089858483,b0f066a214c2f5e87bad3c948f4d605d) (ScriptedImporter) -> (artifact id: '814fe89e41e11526bb0f9742f9789cae') in 0.0301928 seconds
Number of updated asset objects reloaded before import = 0Number of asset objects unloaded after import = 1

========================================================================
Received Import Request.
  Time since last request: 0.000059 seconds.
  path: Assets/3.UI/kenney_cursor-pixel-pack/Tiles/tile_0125.png
  artifactKey: Guid(c1f7447fd160e16408eecd05fcc56529) Importer(2089858483,b0f066a214c2f5e87bad3c948f4d605d)
Start importing Assets/3.UI/kenney_cursor-pixel-pack/Tiles/tile_0125.png using Guid(c1f7447fd160e16408eecd05fcc56529) Importer(2089858483,b0f066a214c2f5e87bad3c948f4d605d) (ScriptedImporter) -> (artifact id: 'f03a72a5139942c67366d742cf5c7af9') in 0.0235092 seconds
Number of updated asset objects reloaded before import = 0Number of asset objects unloaded after import = 1

========================================================================
Received Import Request.
  Time since last request: 0.000017 seconds.
  path: Assets/3.UI/kenney_desert-shooter-pack_1.0/Sounds/move-d.ogg
  artifactKey: Guid(8f759c647cfec2c4bb186f3c0b359e04) Importer(2089858483,b0f066a214c2f5e87bad3c948f4d605d)
Start importing Assets/3.UI/kenney_desert-shooter-pack_1.0/Sounds/move-d.ogg using Guid(8f759c647cfec2c4bb186f3c0b359e04) Importer(2089858483,b0f066a214c2f5e87bad3c948f4d605d) (ScriptedImporter) -> (artifact id: 'ae37a7f8a210790c6a6a7112c513402a') in 0.0328736 seconds
Number of updated asset objects reloaded before import = 0Number of asset objects unloaded after import = 1

========================================================================
Received Import Request.
  Time since last request: 0.000019 seconds.
  path: Assets/3.UI/kenney_desert-shooter-pack_1.0/PNG/Interface/Tiles/tile_0122.png
  artifactKey: Guid(bb7cf6ece0db9244883efa9e081e0303) Importer(2089858483,b0f066a214c2f5e87bad3c948f4d605d)
Start importing Assets/3.UI/kenney_desert-shooter-pack_1.0/PNG/Interface/Tiles/tile_0122.png using Guid(bb7cf6ece0db9244883efa9e081e0303) Importer(2089858483,b0f066a214c2f5e87bad3c948f4d605d) (ScriptedImporter) -> (artifact id: 'cd13919b940df368bd21b376b76c9dd3') in 0.0247741 seconds
Number of updated asset objects reloaded before import = 0Number of asset objects unloaded after import = 1

========================================================================
Received Import Request.
  Time since last request: 0.000023 seconds.
  path: Assets/3.UI/kenney_board-game-icons/PNG/Default (64px)/tag_shield_6.png
  artifactKey: Guid(ea5a9b6c0ce711e45bcd3ec301f057ed) Importer(2089858483,b0f066a214c2f5e87bad3c948f4d605d)
Start importing Assets/3.UI/kenney_board-game-icons/PNG/Default (64px)/tag_shield_6.png using Guid(ea5a9b6c0ce711e45bcd3ec301f057ed) Importer(2089858483,b0f066a214c2f5e87bad3c948f4d605d) (ScriptedImporter) -> (artifact id: 'd0e61f4686727b696fadd0f7cd1ab782') in 0.0172289 seconds
Number of updated asset objects reloaded before import = 0Number of asset objects unloaded after import = 1

========================================================================
Received Import Request.
  Time since last request: 0.000029 seconds.
  path: Assets/3.UI/kenney_board-game-icons/PNG/Double (128px)/chess_rook.png
  artifactKey: Guid(f67a4e00a62273744971bf97921169ed) Importer(2089858483,b0f066a214c2f5e87bad3c948f4d605d)
Start importing Assets/3.UI/kenney_board-game-icons/PNG/Double (128px)/chess_rook.png using Guid(f67a4e00a62273744971bf97921169ed) Importer(2089858483,b0f066a214c2f5e87bad3c948f4d605d) (ScriptedImporter) -> (artifact id: '22f6447b2c4bb4f78e56eb2a62ca5487') in 0.0221463 seconds
Number of updated asset objects reloaded before import = 0Number of asset objects unloaded after import = 1

========================================================================
Received Import Request.
  Time since last request: 0.000038 seconds.
  path: Assets/3.UI/kenney_desert-shooter-pack_1.0/PNG/Tiles/Tiles/tile_0145.png
  artifactKey: Guid(feb440affb61bc24fb7fcccdd79fce09) Importer(2089858483,b0f066a214c2f5e87bad3c948f4d605d)
Start importing Assets/3.UI/kenney_desert-shooter-pack_1.0/PNG/Tiles/Tiles/tile_0145.png using Guid(feb440affb61bc24fb7fcccdd79fce09) Importer(2089858483,b0f066a214c2f5e87bad3c948f4d605d) (ScriptedImporter) -> (artifact id: '78527f8707f650375f8e3e0f7993bbe3') in 0.0249499 seconds
Number of updated asset objects reloaded before import = 0Number of asset objects unloaded after import = 1

========================================================================
Received Import Request.
  Time since last request: 0.000027 seconds.
  path: Assets/3.UI/kenney_board-game-icons/Vector/Icons/tokens.svg
  artifactKey: Guid(e172f2625e7433e488537c0c0e8d3cf5) Importer(2089858483,b0f066a214c2f5e87bad3c948f4d605d)
Start importing Assets/3.UI/kenney_board-game-icons/Vector/Icons/tokens.svg using Guid(e172f2625e7433e488537c0c0e8d3cf5) Importer(2089858483,b0f066a214c2f5e87bad3c948f4d605d) (ScriptedImporter) -> (artifact id: '6e35d79e7cdaaa77d824802516297ea8') in 0.0155776 seconds
Number of updated asset objects reloaded before import = 0Number of asset objects unloaded after import = 1

========================================================================
Received Import Request.
  Time since last request: 0.000030 seconds.
  path: Assets/3.UI/kenney_board-game-icons/PNG/Double (128px)/suit_hearts_broken.png
  artifactKey: Guid(310fcddc8c0659e49b98ff2d59d4a103) Importer(2089858483,b0f066a214c2f5e87bad3c948f4d605d)
Start importing Assets/3.UI/kenney_board-game-icons/PNG/Double (128px)/suit_hearts_broken.png using Guid(310fcddc8c0659e49b98ff2d59d4a103) Importer(2089858483,b0f066a214c2f5e87bad3c948f4d605d) (ScriptedImporter) -> (artifact id: 'fe1526883104c237f58cb380d4e08b30') in 0.0176951 seconds
Number of updated asset objects reloaded before import = 0Number of asset objects unloaded after import = 1

========================================================================
Received Import Request.
  Time since last request: 0.000029 seconds.
  path: Assets/3.UI/kenney_desert-shooter-pack_1.0/PNG/Tiles/Tiles/tile_0054.png
  artifactKey: Guid(5cdef1fa33fbd244f99502f396f4ee12) Importer(2089858483,b0f066a214c2f5e87bad3c948f4d605d)
Start importing Assets/3.UI/kenney_desert-shooter-pack_1.0/PNG/Tiles/Tiles/tile_0054.png using Guid(5cdef1fa33fbd244f99502f396f4ee12) Importer(2089858483,b0f066a214c2f5e87bad3c948f4d605d) (ScriptedImporter) -> (artifact id: '457cd2a9a1f2be21b1a8792c3e9e6bb3') in 0.0218483 seconds
Number of updated asset objects reloaded before import = 0Number of asset objects unloaded after import = 1

========================================================================
Received Import Request.
  Time since last request: 0.000023 seconds.
  path: Assets/3.UI/kenney_desert-shooter-pack_1.0/PNG/Interface/Tiles/tile_0020.png
  artifactKey: Guid(55a8764a73e3286478687ab2945d5ac7) Importer(2089858483,b0f066a214c2f5e87bad3c948f4d605d)
Start importing Assets/3.UI/kenney_desert-shooter-pack_1.0/PNG/Interface/Tiles/tile_0020.png using Guid(55a8764a73e3286478687ab2945d5ac7) Importer(2089858483,b0f066a214c2f5e87bad3c948f4d605d) (ScriptedImporter) -> (artifact id: '969d54e5c19d7019867f17ada47edca7') in 0.0191774 seconds
Number of updated asset objects reloaded before import = 0Number of asset objects unloaded after import = 1

========================================================================
Received Import Request.
  Time since last request: 0.000036 seconds.
  path: Assets/3.UI/kenney_board-game-icons/PNG/Default (64px)/tag_d6_2.png
  artifactKey: Guid(9081b132bded2594286dc5699be091e0) Importer(2089858483,b0f066a214c2f5e87bad3c948f4d605d)
Start importing Assets/3.UI/kenney_board-game-icons/PNG/Default (64px)/tag_d6_2.png using Guid(9081b132bded2594286dc5699be091e0) Importer(2089858483,b0f066a214c2f5e87bad3c948f4d605d) (ScriptedImporter) -> (artifact id: 'a6b3bb985150a3853bc447f4772bab11') in 0.0191712 seconds
Number of updated asset objects reloaded before import = 0Number of asset objects unloaded after import = 1

========================================================================
Received Import Request.
  Time since last request: 0.000118 seconds.
  path: Assets/3.UI/kenney_desert-shooter-pack_1.0/PNG/Tiles/Tiles/tile_0112.png
  artifactKey: Guid(2d66dce115a354145bb4e024706a08dd) Importer(2089858483,b0f066a214c2f5e87bad3c948f4d605d)
Start importing Assets/3.UI/kenney_desert-shooter-pack_1.0/PNG/Tiles/Tiles/tile_0112.png using Guid(2d66dce115a354145bb4e024706a08dd) Importer(2089858483,b0f066a214c2f5e87bad3c948f4d605d) (ScriptedImporter) -> (artifact id: '96ee4fc541c9fd4aad698d7fc8f14433') in 0.0232442 seconds
Number of updated asset objects reloaded before import = 0Number of asset objects unloaded after import = 1

========================================================================
Received Import Request.
  Time since last request: 0.000032 seconds.
  path: Assets/3.UI/kenney_desert-shooter-pack_1.0/PNG/Tiles/Tiles/tile_0166.png
  artifactKey: Guid(d3c986e24fa64024983d316187505fa8) Importer(2089858483,b0f066a214c2f5e87bad3c948f4d605d)
Start importing Assets/3.UI/kenney_desert-shooter-pack_1.0/PNG/Tiles/Tiles/tile_0166.png using Guid(d3c986e24fa64024983d316187505fa8) Importer(2089858483,b0f066a214c2f5e87bad3c948f4d605d) (ScriptedImporter) -> (artifact id: '5bf3d50b7f120b2877a9e13b25769f3f') in 0.026623 seconds
Number of updated asset objects reloaded before import = 0Number of asset objects unloaded after import = 1

========================================================================
Received Import Request.
  Time since last request: 0.000026 seconds.
  path: Assets/3.UI/kenney_board-game-icons/PNG/Default (64px)/chess_pawn.png
  artifactKey: Guid(603babee5fde23c47993edbec211545a) Importer(2089858483,b0f066a214c2f5e87bad3c948f4d605d)
Start importing Assets/3.UI/kenney_board-game-icons/PNG/Default (64px)/chess_pawn.png using Guid(603babee5fde23c47993edbec211545a) Importer(2089858483,b0f066a214c2f5e87bad3c948f4d605d) (ScriptedImporter) -> (artifact id: '1d4e37b88db117021be006e16fb9c8d2') in 0.0205118 seconds
Number of updated asset objects reloaded before import = 0Number of asset objects unloaded after import = 1

========================================================================
Received Import Request.
  Time since last request: 0.000019 seconds.
  path: Assets/3.UI/kenney_board-game-icons/PNG/Double (128px)/card_flipdouble.png
  artifactKey: Guid(05dd16c6182fb1149b391175f0f81594) Importer(2089858483,b0f066a214c2f5e87bad3c948f4d605d)
Start importing Assets/3.UI/kenney_board-game-icons/PNG/Double (128px)/card_flipdouble.png using Guid(05dd16c6182fb1149b391175f0f81594) Importer(2089858483,b0f066a214c2f5e87bad3c948f4d605d) (ScriptedImporter) -> (artifact id: '27d795e15c5d6f1a605693ce1a224552') in 0.0170565 seconds
Number of updated asset objects reloaded before import = 0Number of asset objects unloaded after import = 1

========================================================================
Received Import Request.
  Time since last request: 0.000036 seconds.
  path: Assets/3.UI/kenney_desert-shooter-pack_1.0/PNG/Tiles/Tiles/tile_0152.png
  artifactKey: Guid(6262200dca9a5f240b890a0ef0d6fdb5) Importer(2089858483,b0f066a214c2f5e87bad3c948f4d605d)
Start importing Assets/3.UI/kenney_desert-shooter-pack_1.0/PNG/Tiles/Tiles/tile_0152.png using Guid(6262200dca9a5f240b890a0ef0d6fdb5) Importer(2089858483,b0f066a214c2f5e87bad3c948f4d605d) (ScriptedImporter) -> (artifact id: 'c999c708dedddcfccb0cd5dbfc6cffd3') in 0.0201042 seconds
Number of updated asset objects reloaded before import = 0Number of asset objects unloaded after import = 1

========================================================================
Received Import Request.
  Time since last request: 0.000063 seconds.
  path: Assets/3.UI/kenney_desert-shooter-pack_1.0/PNG/Interface/Tiles/tile_0033.png
  artifactKey: Guid(0229c9715b24fd1468bd8b7244748ea1) Importer(2089858483,b0f066a214c2f5e87bad3c948f4d605d)
Start importing Assets/3.UI/kenney_desert-shooter-pack_1.0/PNG/Interface/Tiles/tile_0033.png using Guid(0229c9715b24fd1468bd8b7244748ea1) Importer(2089858483,b0f066a214c2f5e87bad3c948f4d605d) (ScriptedImporter) -> (artifact id: 'c048608451f0dedf1813685fa303c676') in 0.0177002 seconds
Number of updated asset objects reloaded before import = 0Number of asset objects unloaded after import = 1

========================================================================
Received Import Request.
  Time since last request: 0.000061 seconds.
  path: Assets/3.UI/kenney_board-game-icons/PNG/Double (128px)/tag_10.png
  artifactKey: Guid(978ff3be863460346929a4a2a273cd45) Importer(2089858483,b0f066a214c2f5e87bad3c948f4d605d)
Start importing Assets/3.UI/kenney_board-game-icons/PNG/Double (128px)/tag_10.png using Guid(978ff3be863460346929a4a2a273cd45) Importer(2089858483,b0f066a214c2f5e87bad3c948f4d605d) (ScriptedImporter) -> (artifact id: '92bc51bbc37fb81a0a3f3fd09ffc08ef') in 0.0226032 seconds
Number of updated asset objects reloaded before import = 0Number of asset objects unloaded after import = 1

========================================================================
Received Import Request.
  Time since last request: 0.000022 seconds.
  path: Assets/3.UI/kenney_cursor-pixel-pack/Tiles/tile_0096.png
  artifactKey: Guid(2eaae51716c4b0343b14d9e7da9af96b) Importer(2089858483,b0f066a214c2f5e87bad3c948f4d605d)
Start importing Assets/3.UI/kenney_cursor-pixel-pack/Tiles/tile_0096.png using Guid(2eaae51716c4b0343b14d9e7da9af96b) Importer(2089858483,b0f066a214c2f5e87bad3c948f4d605d) (ScriptedImporter) -> (artifact id: '3feaa933b7db3663215924408fca898b') in 0.023154 seconds
Number of updated asset objects reloaded before import = 0Number of asset objects unloaded after import = 1

========================================================================
Received Import Request.
  Time since last request: 0.000020 seconds.
  path: Assets/3.UI/kenney_board-game-icons/PNG/Default (64px)/arrow_rotate.png
  artifactKey: Guid(7eba3a71d67e9c642814fef5760b2491) Importer(2089858483,b0f066a214c2f5e87bad3c948f4d605d)
Start importing Assets/3.UI/kenney_board-game-icons/PNG/Default (64px)/arrow_rotate.png using Guid(7eba3a71d67e9c642814fef5760b2491) Importer(2089858483,b0f066a214c2f5e87bad3c948f4d605d) (ScriptedImporter) -> (artifact id: '6e038d83f03667b389a4f1b82ce96721') in 0.019134 seconds
Number of updated asset objects reloaded before import = 0Number of asset objects unloaded after import = 1

========================================================================
Received Import Request.
  Time since last request: 0.000097 seconds.
  path: Assets/3.UI/kenney_desert-shooter-pack_1.0/PNG/Weapons/Tiles/tile_0015.png
  artifactKey: Guid(ff1f6f14742b1fd45aedf0834276d4cf) Importer(2089858483,b0f066a214c2f5e87bad3c948f4d605d)
Start importing Assets/3.UI/kenney_desert-shooter-pack_1.0/PNG/Weapons/Tiles/tile_0015.png using Guid(ff1f6f14742b1fd45aedf0834276d4cf) Importer(2089858483,b0f066a214c2f5e87bad3c948f4d605d) (ScriptedImporter) -> (artifact id: '9c89347580d340116d6d16baafab5891') in 0.0159526 seconds
Number of updated asset objects reloaded before import = 0Number of asset objects unloaded after import = 1

========================================================================
Received Import Request.
  Time since last request: 0.000021 seconds.
  path: Assets/3.UI/kenney_cursor-pixel-pack/Tiles/tile_0139.png
  artifactKey: Guid(8048a81feaaa62e4c9f01e5f0d4b725b) Importer(2089858483,b0f066a214c2f5e87bad3c948f4d605d)
Start importing Assets/3.UI/kenney_cursor-pixel-pack/Tiles/tile_0139.png using Guid(8048a81feaaa62e4c9f01e5f0d4b725b) Importer(2089858483,b0f066a214c2f5e87bad3c948f4d605d) (ScriptedImporter) -> (artifact id: '1a3fba239bd6d956f818360577f83b25') in 0.0195505 seconds
Number of updated asset objects reloaded before import = 0Number of asset objects unloaded after import = 1

========================================================================
Received Import Request.
  Time since last request: 0.000021 seconds.
  path: Assets/3.UI/kenney_board-game-icons/PNG/Double (128px)/timer_CW_50.png
  artifactKey: Guid(a4a714e755e647d408daa38931fc7ad1) Importer(2089858483,b0f066a214c2f5e87bad3c948f4d605d)
Start importing Assets/3.UI/kenney_board-game-icons/PNG/Double (128px)/timer_CW_50.png using Guid(a4a714e755e647d408daa38931fc7ad1) Importer(2089858483,b0f066a214c2f5e87bad3c948f4d605d) (ScriptedImporter) -> (artifact id: '84f5e70d9d7deaa11903cea96dae7c89') in 0.0174142 seconds
Number of updated asset objects reloaded before import = 0Number of asset objects unloaded after import = 1

========================================================================
Received Import Request.
  Time since last request: 0.000038 seconds.
  path: Assets/3.UI/kenney_cursor-pixel-pack/Tiles/tile_0064.png
  artifactKey: Guid(0a1bd6e50f52b3344bf2b3cc7806ddd1) Importer(2089858483,b0f066a214c2f5e87bad3c948f4d605d)
Start importing Assets/3.UI/kenney_cursor-pixel-pack/Tiles/tile_0064.png using Guid(0a1bd6e50f52b3344bf2b3cc7806ddd1) Importer(2089858483,b0f066a214c2f5e87bad3c948f4d605d) (ScriptedImporter) -> (artifact id: '2f513811cd3d994cab01b2d8219aec0e') in 0.0192669 seconds
Number of updated asset objects reloaded before import = 0Number of asset objects unloaded after import = 1

========================================================================
Received Import Request.
  Time since last request: 0.000159 seconds.
  path: Assets/3.UI/kenney_board-game-icons/PNG/Double (128px)/tokens_shadow.png
  artifactKey: Guid(7ff46fc6eb20fe2429a6241c09f423e2) Importer(2089858483,b0f066a214c2f5e87bad3c948f4d605d)
Start importing Assets/3.UI/kenney_board-game-icons/PNG/Double (128px)/tokens_shadow.png using Guid(7ff46fc6eb20fe2429a6241c09f423e2) Importer(2089858483,b0f066a214c2f5e87bad3c948f4d605d) (ScriptedImporter) -> (artifact id: '4f1e10ccd0fadbe5864b325c33726796') in 0.0235487 seconds
Number of updated asset objects reloaded before import = 0Number of asset objects unloaded after import = 1

========================================================================
Received Import Request.
  Time since last request: 0.000015 seconds.
  path: Assets/3.UI/kenney_board-game-icons/Vector/Icons/d8_number.svg
  artifactKey: Guid(2016c483b9bcc7446a7634e7198fa5b8) Importer(2089858483,b0f066a214c2f5e87bad3c948f4d605d)
Start importing Assets/3.UI/kenney_board-game-icons/Vector/Icons/d8_number.svg using Guid(2016c483b9bcc7446a7634e7198fa5b8) Importer(2089858483,b0f066a214c2f5e87bad3c948f4d605d) (ScriptedImporter) -> (artifact id: 'f9018b1c89e78cbffe9b29d36c3f525b') in 0.0162955 seconds
Number of updated asset objects reloaded before import = 0Number of asset objects unloaded after import = 1

========================================================================
Received Import Request.
  Time since last request: 0.000082 seconds.
  path: Assets/3.UI/kenney_desert-shooter-pack_1.0/PNG/Interface/Tiles/tile_0017.png
  artifactKey: Guid(a4b54ba525e6e294d8cb31fd84cf5083) Importer(2089858483,b0f066a214c2f5e87bad3c948f4d605d)
Start importing Assets/3.UI/kenney_desert-shooter-pack_1.0/PNG/Interface/Tiles/tile_0017.png using Guid(a4b54ba525e6e294d8cb31fd84cf5083) Importer(2089858483,b0f066a214c2f5e87bad3c948f4d605d) (ScriptedImporter) -> (artifact id: '2258cc6b108c1e32097904b3a62119f4') in 0.0211285 seconds
Number of updated asset objects reloaded before import = 0Number of asset objects unloaded after import = 1

========================================================================
Received Import Request.
  Time since last request: 0.000021 seconds.
  path: Assets/3.UI/kenney_board-game-icons/PNG/Double (128px)/d4_outline_number.png
  artifactKey: Guid(63b6229b90dd3ae44b11adba37c317bc) Importer(2089858483,b0f066a214c2f5e87bad3c948f4d605d)
Start importing Assets/3.UI/kenney_board-game-icons/PNG/Double (128px)/d4_outline_number.png using Guid(63b6229b90dd3ae44b11adba37c317bc) Importer(2089858483,b0f066a214c2f5e87bad3c948f4d605d) (ScriptedImporter) -> (artifact id: '16c90f4236bf086284241e0a10bf19b9') in 0.0221557 seconds
Number of updated asset objects reloaded before import = 0Number of asset objects unloaded after import = 1

========================================================================
Received Import Request.
  Time since last request: 0.000032 seconds.
  path: Assets/3.UI/kenney_board-game-icons/PNG/Default (64px)/suit_spades.png
  artifactKey: Guid(7e15b1292ea31684ea8512e4d45b30f4) Importer(2089858483,b0f066a214c2f5e87bad3c948f4d605d)
Start importing Assets/3.UI/kenney_board-game-icons/PNG/Default (64px)/suit_spades.png using Guid(7e15b1292ea31684ea8512e4d45b30f4) Importer(2089858483,b0f066a214c2f5e87bad3c948f4d605d) (ScriptedImporter) -> (artifact id: 'aaf9c86d569b49807a7b38caa36809dc') in 0.019387 seconds
Number of updated asset objects reloaded before import = 0Number of asset objects unloaded after import = 1

========================================================================
Received Import Request.
  Time since last request: 0.000021 seconds.
  path: Assets/3.UI/kenney_board-game-icons/PNG/Default (64px)/flask_empty.png
  artifactKey: Guid(ff71345e5a4bde94781fd88ae5962ac9) Importer(2089858483,b0f066a214c2f5e87bad3c948f4d605d)
Start importing Assets/3.UI/kenney_board-game-icons/PNG/Default (64px)/flask_empty.png using Guid(ff71345e5a4bde94781fd88ae5962ac9) Importer(2089858483,b0f066a214c2f5e87bad3c948f4d605d) (ScriptedImporter) -> (artifact id: 'b6f0615eb6a927cbaf743517840b331d') in 0.0161306 seconds
Number of updated asset objects reloaded before import = 0Number of asset objects unloaded after import = 1

========================================================================
Received Import Request.
  Time since last request: 0.000021 seconds.
  path: Assets/3.UI/kenney_board-game-icons/PNG/Double (128px)/bow.png
  artifactKey: Guid(e21a1ba7317df0949b927f3839a4f709) Importer(2089858483,b0f066a214c2f5e87bad3c948f4d605d)
Start importing Assets/3.UI/kenney_board-game-icons/PNG/Double (128px)/bow.png using Guid(e21a1ba7317df0949b927f3839a4f709) Importer(2089858483,b0f066a214c2f5e87bad3c948f4d605d) (ScriptedImporter) -> (artifact id: '778f731b48d65d0d8d6b32869ea91071') in 0.023396 seconds
Number of updated asset objects reloaded before import = 0Number of asset objects unloaded after import = 1

========================================================================
Received Import Request.
  Time since last request: 0.000034 seconds.
  path: Assets/3.UI/kenney_board-game-icons/PNG/Double (128px)/tag_7.png
  artifactKey: Guid(93f350ad5ec734041ac4079889620962) Importer(2089858483,b0f066a214c2f5e87bad3c948f4d605d)
Start importing Assets/3.UI/kenney_board-game-icons/PNG/Double (128px)/tag_7.png using Guid(93f350ad5ec734041ac4079889620962) Importer(2089858483,b0f066a214c2f5e87bad3c948f4d605d) (ScriptedImporter) -> (artifact id: '4c7d3f8a9d27eb3d5c7a3eb76286f0fc') in 0.0226822 seconds
Number of updated asset objects reloaded before import = 0Number of asset objects unloaded after import = 1

========================================================================
Received Import Request.
  Time since last request: 0.000087 seconds.
  path: Assets/3.UI/kenney_board-game-icons/Vector/Icons/character.svg
  artifactKey: Guid(ac65ae18e4639094fa7bf8053118935f) Importer(2089858483,b0f066a214c2f5e87bad3c948f4d605d)
Start importing Assets/3.UI/kenney_board-game-icons/Vector/Icons/character.svg using Guid(ac65ae18e4639094fa7bf8053118935f) Importer(2089858483,b0f066a214c2f5e87bad3c948f4d605d) (ScriptedImporter) -> (artifact id: '750ea6a78c45cbe3f9449832629bcb4d') in 0.0194211 seconds
Number of updated asset objects reloaded before import = 0Number of asset objects unloaded after import = 1

========================================================================
Received Import Request.
  Time since last request: 0.000037 seconds.
  path: Assets/3.UI/kenney_desert-shooter-pack_1.0/PNG/Weapons/Tiles/tile_0038.png
  artifactKey: Guid(74a56ce3044b1bd4592d7382488964e8) Importer(2089858483,b0f066a214c2f5e87bad3c948f4d605d)
Start importing Assets/3.UI/kenney_desert-shooter-pack_1.0/PNG/Weapons/Tiles/tile_0038.png using Guid(74a56ce3044b1bd4592d7382488964e8) Importer(2089858483,b0f066a214c2f5e87bad3c948f4d605d) (ScriptedImporter) -> (artifact id: '5acb763ce56759642602bbc775c85637') in 0.0198411 seconds
Number of updated asset objects reloaded before import = 0Number of asset objects unloaded after import = 1

========================================================================
Received Import Request.
  Time since last request: 0.000016 seconds.
  path: Assets/3.UI/kenney_board-game-icons/Vector/Icons/card_down.svg
  artifactKey: Guid(d186d6e76bde2354c9835188067627ca) Importer(2089858483,b0f066a214c2f5e87bad3c948f4d605d)
Start importing Assets/3.UI/kenney_board-game-icons/Vector/Icons/card_down.svg using Guid(d186d6e76bde2354c9835188067627ca) Importer(2089858483,b0f066a214c2f5e87bad3c948f4d605d) (ScriptedImporter) -> (artifact id: '979c18af4ceddced05c19967fb70e242') in 0.0183781 seconds
Number of updated asset objects reloaded before import = 0Number of asset objects unloaded after import = 1

========================================================================
Received Import Request.
  Time since last request: 0.000026 seconds.
  path: Assets/3.UI/kenney_board-game-icons/Vector/Icons/resource_wood.svg
  artifactKey: Guid(155fe0b345ffe7b4cb31d9d6102521d0) Importer(2089858483,b0f066a214c2f5e87bad3c948f4d605d)
Start importing Assets/3.UI/kenney_board-game-icons/Vector/Icons/resource_wood.svg using Guid(155fe0b345ffe7b4cb31d9d6102521d0) Importer(2089858483,b0f066a214c2f5e87bad3c948f4d605d) (ScriptedImporter) -> (artifact id: 'c8bf11e66932f03742f2ce5c9a41f520') in 0.0154382 seconds
Number of updated asset objects reloaded before import = 0Number of asset objects unloaded after import = 1

========================================================================
Received Import Request.
  Time since last request: 0.000202 seconds.
  path: Assets/3.UI/kenney_cursor-pixel-pack/Tiles/tile_0034.png
  artifactKey: Guid(5e173ff093c43104b916ace2cd74ab3a) Importer(2089858483,b0f066a214c2f5e87bad3c948f4d605d)
Start importing Assets/3.UI/kenney_cursor-pixel-pack/Tiles/tile_0034.png using Guid(5e173ff093c43104b916ace2cd74ab3a) Importer(2089858483,b0f066a214c2f5e87bad3c948f4d605d) (ScriptedImporter) -> (artifact id: 'b6b1728205a051e1e00f64ef94028982') in 0.0161965 seconds
Number of updated asset objects reloaded before import = 0Number of asset objects unloaded after import = 1

========================================================================
Received Import Request.
  Time since last request: 0.000026 seconds.
  path: Assets/3.UI/kenney_board-game-icons/Vector/Icons/pawn.svg
  artifactKey: Guid(87551b1b4ed909f4391e450322c3b400) Importer(2089858483,b0f066a214c2f5e87bad3c948f4d605d)
Start importing Assets/3.UI/kenney_board-game-icons/Vector/Icons/pawn.svg using Guid(87551b1b4ed909f4391e450322c3b400) Importer(2089858483,b0f066a214c2f5e87bad3c948f4d605d) (ScriptedImporter) -> (artifact id: '94f01ffcf0ccc64cea9fa3b960722d1c') in 0.0184112 seconds
Number of updated asset objects reloaded before import = 0Number of asset objects unloaded after import = 1

========================================================================
Received Import Request.
  Time since last request: 0.000047 seconds.
  path: Assets/3.UI/kenney_desert-shooter-pack_1.0/PNG/Tiles/Tiles/tile_0089.png
  artifactKey: Guid(0bc2892b4f8523748bfda0deea5417fd) Importer(2089858483,b0f066a214c2f5e87bad3c948f4d605d)
Start importing Assets/3.UI/kenney_desert-shooter-pack_1.0/PNG/Tiles/Tiles/tile_0089.png using Guid(0bc2892b4f8523748bfda0deea5417fd) Importer(2089858483,b0f066a214c2f5e87bad3c948f4d605d) (ScriptedImporter) -> (artifact id: 'b1a36dba124ca832430ff9ccb1a382df') in 0.0188568 seconds
Number of updated asset objects reloaded before import = 0Number of asset objects unloaded after import = 1

========================================================================
Received Import Request.
  Time since last request: 0.000057 seconds.
  path: Assets/3.UI/kenney_desert-shooter-pack_1.0/PNG/Tiles/Tiles/tile_0090.png
  artifactKey: Guid(471db2986f49d784899cff9dcad3bc5c) Importer(2089858483,b0f066a214c2f5e87bad3c948f4d605d)
Start importing Assets/3.UI/kenney_desert-shooter-pack_1.0/PNG/Tiles/Tiles/tile_0090.png using Guid(471db2986f49d784899cff9dcad3bc5c) Importer(2089858483,b0f066a214c2f5e87bad3c948f4d605d) (ScriptedImporter) -> (artifact id: 'f844dd5ccc48a132251ff8f5fe988fdb') in 0.0200526 seconds
Number of updated asset objects reloaded before import = 0Number of asset objects unloaded after import = 1

========================================================================
Received Import Request.
  Time since last request: 0.000044 seconds.
  path: Assets/3.UI/kenney_desert-shooter-pack_1.0/PNG/Interface/Tiles/tile_0059.png
  artifactKey: Guid(c2d12464753e9234791bb1c30fc771f6) Importer(2089858483,b0f066a214c2f5e87bad3c948f4d605d)
Start importing Assets/3.UI/kenney_desert-shooter-pack_1.0/PNG/Interface/Tiles/tile_0059.png using Guid(c2d12464753e9234791bb1c30fc771f6) Importer(2089858483,b0f066a214c2f5e87bad3c948f4d605d) (ScriptedImporter) -> (artifact id: '3c2db7eef72ba51eb0f77886a013d0f3') in 0.0234656 seconds
Number of updated asset objects reloaded before import = 0Number of asset objects unloaded after import = 1

========================================================================
Received Import Request.
  Time since last request: 0.000016 seconds.
  path: Assets/3.UI/kenney_board-game-icons/Vector/Icons/token.svg
  artifactKey: Guid(1729574ee8d3ebc4cb05b1018844cf08) Importer(2089858483,b0f066a214c2f5e87bad3c948f4d605d)
Start importing Assets/3.UI/kenney_board-game-icons/Vector/Icons/token.svg using Guid(1729574ee8d3ebc4cb05b1018844cf08) Importer(2089858483,b0f066a214c2f5e87bad3c948f4d605d) (ScriptedImporter) -> (artifact id: '5ca06be78077a8469f0bf47d7e7091d3') in 0.0165044 seconds
Number of updated asset objects reloaded before import = 0Number of asset objects unloaded after import = 1

========================================================================
Received Import Request.
  Time since last request: 0.000035 seconds.
  path: Assets/3.UI/kenney_desert-shooter-pack_1.0/PNG/Tiles/Tiles/tile_0011.png
  artifactKey: Guid(94097e2212bcadd499eb0b620b00c3e4) Importer(2089858483,b0f066a214c2f5e87bad3c948f4d605d)
Start importing Assets/3.UI/kenney_desert-shooter-pack_1.0/PNG/Tiles/Tiles/tile_0011.png using Guid(94097e2212bcadd499eb0b620b00c3e4) Importer(2089858483,b0f066a214c2f5e87bad3c948f4d605d) (ScriptedImporter) -> (artifact id: '414ec116838e8fbcc1bfebd341190f40') in 0.0192634 seconds
Number of updated asset objects reloaded before import = 0Number of asset objects unloaded after import = 1

========================================================================
Received Import Request.
  Time since last request: 0.000027 seconds.
  path: Assets/3.UI/kenney_desert-shooter-pack_1.0
  artifactKey: Guid(584babc3dd2f67b42ab417c733e80cf0) Importer(2089858483,b0f066a214c2f5e87bad3c948f4d605d)
Start importing Assets/3.UI/kenney_desert-shooter-pack_1.0 using Guid(584babc3dd2f67b42ab417c733e80cf0) Importer(2089858483,b0f066a214c2f5e87bad3c948f4d605d) (ScriptedImporter) -> (artifact id: 'bce1b99e7a7f0a7169edb961c9944e91') in 0.0131704 seconds
Number of updated asset objects reloaded before import = 0Number of asset objects unloaded after import = 1

========================================================================
Received Import Request.
  Time since last request: 0.000088 seconds.
  path: Assets/3.UI/kenney_desert-shooter-pack_1.0/PNG/Players/Tiles/tile_0002.png
  artifactKey: Guid(e0d45167a7f03644bb80e35a48f668d8) Importer(2089858483,b0f066a214c2f5e87bad3c948f4d605d)
Start importing Assets/3.UI/kenney_desert-shooter-pack_1.0/PNG/Players/Tiles/tile_0002.png using Guid(e0d45167a7f03644bb80e35a48f668d8) Importer(2089858483,b0f066a214c2f5e87bad3c948f4d605d) (ScriptedImporter) -> (artifact id: 'f1c996264ef9efdef8ee870bb31b82f8') in 0.0209723 seconds
Number of updated asset objects reloaded before import = 0Number of asset objects unloaded after import = 1

========================================================================
Received Import Request.
  Time since last request: 0.000018 seconds.
  path: Assets/3.UI/kenney_desert-shooter-pack_1.0/PNG/Interface/Tiles/tile_0164.png
  artifactKey: Guid(0909784cddaec5543bdf1bdae98297b5) Importer(2089858483,b0f066a214c2f5e87bad3c948f4d605d)
Start importing Assets/3.UI/kenney_desert-shooter-pack_1.0/PNG/Interface/Tiles/tile_0164.png using Guid(0909784cddaec5543bdf1bdae98297b5) Importer(2089858483,b0f066a214c2f5e87bad3c948f4d605d) (ScriptedImporter) -> (artifact id: '03f33bcc82df85627df9d7c71fbb302c') in 0.0189182 seconds
Number of updated asset objects reloaded before import = 0Number of asset objects unloaded after import = 1

========================================================================
Received Import Request.
  Time since last request: 0.000106 seconds.
  path: Assets/3.UI/kenney_desert-shooter-pack_1.0/PNG/Tiles/Tiles/tile_0168.png
  artifactKey: Guid(26742d7f459d24b4889791fb95575c8e) Importer(2089858483,b0f066a214c2f5e87bad3c948f4d605d)
Start importing Assets/3.UI/kenney_desert-shooter-pack_1.0/PNG/Tiles/Tiles/tile_0168.png using Guid(26742d7f459d24b4889791fb95575c8e) Importer(2089858483,b0f066a214c2f5e87bad3c948f4d605d) (ScriptedImporter) -> (artifact id: '52822471ce718a2fc0d78a82d9fbe1f4') in 0.0238883 seconds
Number of updated asset objects reloaded before import = 0Number of asset objects unloaded after import = 1

========================================================================
Received Import Request.
  Time since last request: 0.000036 seconds.
  path: Assets/3.UI/kenney_board-game-icons/Vector/Icons/dice_shield.svg
  artifactKey: Guid(919d713aa6619f54e994501500013ea2) Importer(2089858483,b0f066a214c2f5e87bad3c948f4d605d)
Start importing Assets/3.UI/kenney_board-game-icons/Vector/Icons/dice_shield.svg using Guid(919d713aa6619f54e994501500013ea2) Importer(2089858483,b0f066a214c2f5e87bad3c948f4d605d) (ScriptedImporter) -> (artifact id: '7311db103b97f53c52bce1f459c65f42') in 0.0215072 seconds
Number of updated asset objects reloaded before import = 0Number of asset objects unloaded after import = 1

========================================================================
Received Import Request.
  Time since last request: 0.000034 seconds.
  path: Assets/3.UI/kenney_board-game-icons/PNG/Double (128px)/chess_knight.png
  artifactKey: Guid(9c7e11b15e808b94ebd300e2b65e30e6) Importer(2089858483,b0f066a214c2f5e87bad3c948f4d605d)
Start importing Assets/3.UI/kenney_board-game-icons/PNG/Double (128px)/chess_knight.png using Guid(9c7e11b15e808b94ebd300e2b65e30e6) Importer(2089858483,b0f066a214c2f5e87bad3c948f4d605d) (ScriptedImporter) -> (artifact id: '0d7334d41ae23f2c1b01abd58dee4e24') in 0.0176052 seconds
Number of updated asset objects reloaded before import = 0Number of asset objects unloaded after import = 1

========================================================================
Received Import Request.
  Time since last request: 0.000044 seconds.
  path: Assets/3.UI/kenney_desert-shooter-pack_1.0/PNG/Tiles/Tiles/tile_0126.png
  artifactKey: Guid(592f351f82e79e642a59d099c7e08d71) Importer(2089858483,b0f066a214c2f5e87bad3c948f4d605d)
Start importing Assets/3.UI/kenney_desert-shooter-pack_1.0/PNG/Tiles/Tiles/tile_0126.png using Guid(592f351f82e79e642a59d099c7e08d71) Importer(2089858483,b0f066a214c2f5e87bad3c948f4d605d) (ScriptedImporter) -> (artifact id: 'e792552a350d04e5796e5be4834a7fbe') in 0.0192524 seconds
Number of updated asset objects reloaded before import = 0Number of asset objects unloaded after import = 1

========================================================================
Received Import Request.
  Time since last request: 0.000034 seconds.
  path: Assets/3.UI/kenney_desert-shooter-pack_1.0/PNG/Tiles/Tiles/tile_0051.png
  artifactKey: Guid(e1e7e3c8fe2c2c444aa2fca2f1463490) Importer(2089858483,b0f066a214c2f5e87bad3c948f4d605d)
Start importing Assets/3.UI/kenney_desert-shooter-pack_1.0/PNG/Tiles/Tiles/tile_0051.png using Guid(e1e7e3c8fe2c2c444aa2fca2f1463490) Importer(2089858483,b0f066a214c2f5e87bad3c948f4d605d) (ScriptedImporter) -> (artifact id: 'fee423bfa9f40e008c733873c2aca2c4') in 0.0174685 seconds
Number of updated asset objects reloaded before import = 0Number of asset objects unloaded after import = 1

========================================================================
Received Import Request.
  Time since last request: 0.000019 seconds.
  path: Assets/3.UI/kenney_cursor-pixel-pack/Tiles/tile_0062.png
  artifactKey: Guid(65710149eb153814aa993ee3f0c98318) Importer(2089858483,b0f066a214c2f5e87bad3c948f4d605d)
Start importing Assets/3.UI/kenney_cursor-pixel-pack/Tiles/tile_0062.png using Guid(65710149eb153814aa993ee3f0c98318) Importer(2089858483,b0f066a214c2f5e87bad3c948f4d605d) (ScriptedImporter) -> (artifact id: '77060c354fb93ba46def4492e778b265') in 0.0219407 seconds
Number of updated asset objects reloaded before import = 0Number of asset objects unloaded after import = 1

========================================================================
Received Import Request.
  Time since last request: 0.000044 seconds.
  path: Assets/3.UI/kenney_desert-shooter-pack_1.0/PNG/Weapons/Tiles
  artifactKey: Guid(c221a8c52c50130439273bdf5dd58e65) Importer(2089858483,b0f066a214c2f5e87bad3c948f4d605d)
Start importing Assets/3.UI/kenney_desert-shooter-pack_1.0/PNG/Weapons/Tiles using Guid(c221a8c52c50130439273bdf5dd58e65) Importer(2089858483,b0f066a214c2f5e87bad3c948f4d605d) (ScriptedImporter) -> (artifact id: '08f13d803a7184f46010b4face1b8f87') in 0.0122182 seconds
Number of updated asset objects reloaded before import = 0Number of asset objects unloaded after import = 1

========================================================================
Received Import Request.
  Time since last request: 0.000019 seconds.
  path: Assets/3.UI/kenney_desert-shooter-pack_1.0/PNG/Weapons/Tiles/tile_0001.png
  artifactKey: Guid(ab29064d14ae4a04fbdbc8767f3d4f0c) Importer(2089858483,b0f066a214c2f5e87bad3c948f4d605d)
Start importing Assets/3.UI/kenney_desert-shooter-pack_1.0/PNG/Weapons/Tiles/tile_0001.png using Guid(ab29064d14ae4a04fbdbc8767f3d4f0c) Importer(2089858483,b0f066a214c2f5e87bad3c948f4d605d) (ScriptedImporter) -> (artifact id: 'e2095efab56807c214f78d7de5ad16e3') in 0.0169589 seconds
Number of updated asset objects reloaded before import = 0Number of asset objects unloaded after import = 1

========================================================================
Received Import Request.
  Time since last request: 0.000019 seconds.
  path: Assets/3.UI/kenney_desert-shooter-pack_1.0/PNG/Interface/Tiles/tile_0107.png
  artifactKey: Guid(c9e2ec06b5c00a54a827ff612b47918c) Importer(2089858483,b0f066a214c2f5e87bad3c948f4d605d)
Start importing Assets/3.UI/kenney_desert-shooter-pack_1.0/PNG/Interface/Tiles/tile_0107.png using Guid(c9e2ec06b5c00a54a827ff612b47918c) Importer(2089858483,b0f066a214c2f5e87bad3c948f4d605d) (ScriptedImporter) -> (artifact id: '0fe89ac0204985fa0decd0e2d3b5735f') in 0.0183952 seconds
Number of updated asset objects reloaded before import = 0Number of asset objects unloaded after import = 1

========================================================================
Received Import Request.
  Time since last request: 0.000036 seconds.
  path: Assets/3.UI/kenney_desert-shooter-pack_1.0/PNG/Tiles/Tiles
  artifactKey: Guid(cc0a1d614ebe6674eaf0fcbc9d4bd2ac) Importer(2089858483,b0f066a214c2f5e87bad3c948f4d605d)
Start importing Assets/3.UI/kenney_desert-shooter-pack_1.0/PNG/Tiles/Tiles using Guid(cc0a1d614ebe6674eaf0fcbc9d4bd2ac) Importer(2089858483,b0f066a214c2f5e87bad3c948f4d605d) (ScriptedImporter) -> (artifact id: '9f9928079f5e1a655c854d8267979477') in 0.0115487 seconds
Number of updated asset objects reloaded before import = 0Number of asset objects unloaded after import = 1

========================================================================
Received Import Request.
  Time since last request: 0.000031 seconds.
  path: Assets/3.UI/kenney_board-game-icons/Vector/Icons/suit_hearts.svg
  artifactKey: Guid(37ab8e89aa8d53746a88a4fa41b53b33) Importer(2089858483,b0f066a214c2f5e87bad3c948f4d605d)
Start importing Assets/3.UI/kenney_board-game-icons/Vector/Icons/suit_hearts.svg using Guid(37ab8e89aa8d53746a88a4fa41b53b33) Importer(2089858483,b0f066a214c2f5e87bad3c948f4d605d) (ScriptedImporter) -> (artifact id: 'fc8f39b42159eb6a90b651e6de590559') in 0.0183769 seconds
Number of updated asset objects reloaded before import = 0Number of asset objects unloaded after import = 1

========================================================================
Received Import Request.
  Time since last request: 0.000038 seconds.
  path: Assets/3.UI/kenney_desert-shooter-pack_1.0/PNG/Interface/Tilemap/tilemap_packed.png
  artifactKey: Guid(994a2b0928f3002498b99cba6636d289) Importer(2089858483,b0f066a214c2f5e87bad3c948f4d605d)
Start importing Assets/3.UI/kenney_desert-shooter-pack_1.0/PNG/Interface/Tilemap/tilemap_packed.png using Guid(994a2b0928f3002498b99cba6636d289) Importer(2089858483,b0f066a214c2f5e87bad3c948f4d605d) (ScriptedImporter) -> (artifact id: '7592687947cfc77e9c4e7fc543f7f3c6') in 0.0171369 seconds
Number of updated asset objects reloaded before import = 0Number of asset objects unloaded after import = 1

========================================================================
Received Import Request.
  Time since last request: 0.000022 seconds.
  path: Assets/3.UI/kenney_board-game-icons/PNG/Double (128px)/pouch.png
  artifactKey: Guid(7ee8a632d44086945a81f2211e2d97b2) Importer(2089858483,b0f066a214c2f5e87bad3c948f4d605d)
Start importing Assets/3.UI/kenney_board-game-icons/PNG/Double (128px)/pouch.png using Guid(7ee8a632d44086945a81f2211e2d97b2) Importer(2089858483,b0f066a214c2f5e87bad3c948f4d605d) (ScriptedImporter) -> (artifact id: 'b066bdeabe5fc40e83a468ed520ae7b0') in 0.0180375 seconds
Number of updated asset objects reloaded before import = 0Number of asset objects unloaded after import = 1

========================================================================
Received Import Request.
  Time since last request: 0.000020 seconds.
  path: Assets/3.UI/kenney_desert-shooter-pack_1.0/PNG/Tiles/Tiles/tile_0071.png
  artifactKey: Guid(46ecbcf87c7cb1140af84357ae4ee07e) Importer(2089858483,b0f066a214c2f5e87bad3c948f4d605d)
Start importing Assets/3.UI/kenney_desert-shooter-pack_1.0/PNG/Tiles/Tiles/tile_0071.png using Guid(46ecbcf87c7cb1140af84357ae4ee07e) Importer(2089858483,b0f066a214c2f5e87bad3c948f4d605d) (ScriptedImporter) -> (artifact id: '535d987c8384781120c88437860c0098') in 0.0187248 seconds
Number of updated asset objects reloaded before import = 0Number of asset objects unloaded after import = 1

========================================================================
Received Import Request.
  Time since last request: 0.000026 seconds.
  path: Assets/3.UI/kenney_desert-shooter-pack_1.0/PNG/Tiles/Tiles/tile_0015.png
  artifactKey: Guid(6d0e1ba1239dcf544a04c4969d6b8f42) Importer(2089858483,b0f066a214c2f5e87bad3c948f4d605d)
Start importing Assets/3.UI/kenney_desert-shooter-pack_1.0/PNG/Tiles/Tiles/tile_0015.png using Guid(6d0e1ba1239dcf544a04c4969d6b8f42) Importer(2089858483,b0f066a214c2f5e87bad3c948f4d605d) (ScriptedImporter) -> (artifact id: '6922a5d2efec5b9ec8389a85a85b5c0e') in 0.0233428 seconds
Number of updated asset objects reloaded before import = 0Number of asset objects unloaded after import = 1

========================================================================
Received Import Request.
  Time since last request: 0.000063 seconds.
  path: Assets/3.UI/kenney_board-game-icons/PNG/Default (64px)/rhombus.png
  artifactKey: Guid(55a7f1160a73686489d04d1b6bf1bcf7) Importer(2089858483,b0f066a214c2f5e87bad3c948f4d605d)
Start importing Assets/3.UI/kenney_board-game-icons/PNG/Default (64px)/rhombus.png using Guid(55a7f1160a73686489d04d1b6bf1bcf7) Importer(2089858483,b0f066a214c2f5e87bad3c948f4d605d) (ScriptedImporter) -> (artifact id: '713a65e73bd8f9f71aad8ed0aeaba0fb') in 0.0238033 seconds
Number of updated asset objects reloaded before import = 0Number of asset objects unloaded after import = 1

========================================================================
Received Import Request.
  Time since last request: 0.000022 seconds.
  path: Assets/3.UI/kenney_board-game-icons/PNG/Default (64px)/hexagon_in.png
  artifactKey: Guid(c74c3dd23f3236b48851bee7dfefef49) Importer(2089858483,b0f066a214c2f5e87bad3c948f4d605d)
Start importing Assets/3.UI/kenney_board-game-icons/PNG/Default (64px)/hexagon_in.png using Guid(c74c3dd23f3236b48851bee7dfefef49) Importer(2089858483,b0f066a214c2f5e87bad3c948f4d605d) (ScriptedImporter) -> (artifact id: '414e13396380beb38e7e271c2902f4bf') in 0.0192569 seconds
Number of updated asset objects reloaded before import = 0Number of asset objects unloaded after import = 1

========================================================================
Received Import Request.
  Time since last request: 0.000060 seconds.
  path: Assets/3.UI/kenney_board-game-icons/PNG/Double (128px)/tag_shield_7.png
  artifactKey: Guid(4409007db9024a54895134688fd28e42) Importer(2089858483,b0f066a214c2f5e87bad3c948f4d605d)
Start importing Assets/3.UI/kenney_board-game-icons/PNG/Double (128px)/tag_shield_7.png using Guid(4409007db9024a54895134688fd28e42) Importer(2089858483,b0f066a214c2f5e87bad3c948f4d605d) (ScriptedImporter) -> (artifact id: '53425c3ffea43d99b09d52f96a9ad874') in 0.0259605 seconds
Number of updated asset objects reloaded before import = 0Number of asset objects unloaded after import = 1

========================================================================
Received Import Request.
  Time since last request: 0.000038 seconds.
  path: Assets/3.UI/kenney_desert-shooter-pack_1.0/PNG/Tiles/Tiles/tile_0131.png
  artifactKey: Guid(403560f41845cd64eb889bee1509a67d) Importer(2089858483,b0f066a214c2f5e87bad3c948f4d605d)
Start importing Assets/3.UI/kenney_desert-shooter-pack_1.0/PNG/Tiles/Tiles/tile_0131.png using Guid(403560f41845cd64eb889bee1509a67d) Importer(2089858483,b0f066a214c2f5e87bad3c948f4d605d) (ScriptedImporter) -> (artifact id: '29856ae73d27e1ee6df81c322a11a4e0') in 0.0189283 seconds
Number of updated asset objects reloaded before import = 0Number of asset objects unloaded after import = 1

========================================================================
Received Import Request.
  Time since last request: 0.000056 seconds.
  path: Assets/3.UI/kenney_board-game-icons/PNG/Double (128px)/flask_half.png
  artifactKey: Guid(23f73b78fe286b9469a4cda958f1f4b6) Importer(2089858483,b0f066a214c2f5e87bad3c948f4d605d)
Start importing Assets/3.UI/kenney_board-game-icons/PNG/Double (128px)/flask_half.png using Guid(23f73b78fe286b9469a4cda958f1f4b6) Importer(2089858483,b0f066a214c2f5e87bad3c948f4d605d) (ScriptedImporter) -> (artifact id: '40e43321f2dc5b450c4ac73d99759ccc') in 0.0184628 seconds
Number of updated asset objects reloaded before import = 0Number of asset objects unloaded after import = 1

========================================================================
Received Import Request.
  Time since last request: 0.000018 seconds.
  path: Assets/3.UI/kenney_cursor-pixel-pack/Tiles/tile_0219.png
  artifactKey: Guid(152f5c4aa46fc8e41a016130c38305c3) Importer(2089858483,b0f066a214c2f5e87bad3c948f4d605d)
Start importing Assets/3.UI/kenney_cursor-pixel-pack/Tiles/tile_0219.png using Guid(152f5c4aa46fc8e41a016130c38305c3) Importer(2089858483,b0f066a214c2f5e87bad3c948f4d605d) (ScriptedImporter) -> (artifact id: '4e782533df9e9f6f4b8881bdfc9302eb') in 0.0176027 seconds
Number of updated asset objects reloaded before import = 0Number of asset objects unloaded after import = 1

========================================================================
Received Import Request.
  Time since last request: 0.000028 seconds.
  path: Assets/3.UI/kenney_cursor-pixel-pack/Tiles/tile_0130.png
  artifactKey: Guid(56619581145d1094aa4d7351f0c6ef21) Importer(2089858483,b0f066a214c2f5e87bad3c948f4d605d)
Start importing Assets/3.UI/kenney_cursor-pixel-pack/Tiles/tile_0130.png using Guid(56619581145d1094aa4d7351f0c6ef21) Importer(2089858483,b0f066a214c2f5e87bad3c948f4d605d) (ScriptedImporter) -> (artifact id: '33d140a6be4af33676a9f36e3f21dd1c') in 0.0264032 seconds
Number of updated asset objects reloaded before import = 0Number of asset objects unloaded after import = 1

========================================================================
Received Import Request.
  Time since last request: 0.000029 seconds.
  path: Assets/3.UI/kenney_desert-shooter-pack_1.0/PNG/Interface/Tiles/tile_0066.png
  artifactKey: Guid(d528322a062509b4ebef3fdffee5c8e1) Importer(2089858483,b0f066a214c2f5e87bad3c948f4d605d)
Start importing Assets/3.UI/kenney_desert-shooter-pack_1.0/PNG/Interface/Tiles/tile_0066.png using Guid(d528322a062509b4ebef3fdffee5c8e1) Importer(2089858483,b0f066a214c2f5e87bad3c948f4d605d) (ScriptedImporter) -> (artifact id: 'c2c82783dfae46f9a26c47b4a7030d58') in 0.0175755 seconds
Number of updated asset objects reloaded before import = 0Number of asset objects unloaded after import = 1

========================================================================
Received Import Request.
  Time since last request: 0.000057 seconds.
  path: Assets/3.UI/kenney_board-game-icons/PNG/Default (64px)/d3_outline.png
  artifactKey: Guid(3825fdd3ea9c8b24b8d811ab451efab5) Importer(2089858483,b0f066a214c2f5e87bad3c948f4d605d)
Start importing Assets/3.UI/kenney_board-game-icons/PNG/Default (64px)/d3_outline.png using Guid(3825fdd3ea9c8b24b8d811ab451efab5) Importer(2089858483,b0f066a214c2f5e87bad3c948f4d605d) (ScriptedImporter) -> (artifact id: '8329429acf1555746440abcec06747a7') in 0.0163681 seconds
Number of updated asset objects reloaded before import = 0Number of asset objects unloaded after import = 1

========================================================================
Received Import Request.
  Time since last request: 0.000016 seconds.
  path: Assets/3.UI/kenney_desert-shooter-pack_1.0/PNG/Tiles/Tiles/tile_0140.png
  artifactKey: Guid(0ccbeb425cdf1cb47927cfdd6477cb47) Importer(2089858483,b0f066a214c2f5e87bad3c948f4d605d)
Start importing Assets/3.UI/kenney_desert-shooter-pack_1.0/PNG/Tiles/Tiles/tile_0140.png using Guid(0ccbeb425cdf1cb47927cfdd6477cb47) Importer(2089858483,b0f066a214c2f5e87bad3c948f4d605d) (ScriptedImporter) -> (artifact id: 'bdb7df5de21900c0a52503e37cf6b23b') in 0.0170806 seconds
Number of updated asset objects reloaded before import = 0Number of asset objects unloaded after import = 1

========================================================================
Received Import Request.
  Time since last request: 0.000020 seconds.
  path: Assets/3.UI/kenney_board-game-icons/PNG/Default (64px)/tag_shield_2.png
  artifactKey: Guid(32e1c2edfd232c54b8aa6df9e359bf17) Importer(2089858483,b0f066a214c2f5e87bad3c948f4d605d)
Start importing Assets/3.UI/kenney_board-game-icons/PNG/Default (64px)/tag_shield_2.png using Guid(32e1c2edfd232c54b8aa6df9e359bf17) Importer(2089858483,b0f066a214c2f5e87bad3c948f4d605d) (ScriptedImporter) -> (artifact id: 'a97568e7e524755fc6d9f94ea7fbba54') in 0.0172762 seconds
Number of updated asset objects reloaded before import = 0Number of asset objects unloaded after import = 1

========================================================================
Received Import Request.
  Time since last request: 0.000038 seconds.
  path: Assets/3.UI/kenney_board-game-icons/PNG/Double (128px)/timer_CW_25.png
  artifactKey: Guid(8ea0aa6f6cbddfa418a5b346d2177032) Importer(2089858483,b0f066a214c2f5e87bad3c948f4d605d)
Start importing Assets/3.UI/kenney_board-game-icons/PNG/Double (128px)/timer_CW_25.png using Guid(8ea0aa6f6cbddfa418a5b346d2177032) Importer(2089858483,b0f066a214c2f5e87bad3c948f4d605d) (ScriptedImporter) -> (artifact id: '37681156c2af3ca1bab5df5b9e8b565a') in 0.0165437 seconds
Number of updated asset objects reloaded before import = 0Number of asset objects unloaded after import = 1

========================================================================
Received Import Request.
  Time since last request: 0.000024 seconds.
  path: Assets/3.UI/kenney_board-game-icons/PNG/Double (128px)/cards_diagonal.png
  artifactKey: Guid(d1cb58927f4d2fb4f847aee0ee766613) Importer(2089858483,b0f066a214c2f5e87bad3c948f4d605d)
Start importing Assets/3.UI/kenney_board-game-icons/PNG/Double (128px)/cards_diagonal.png using Guid(d1cb58927f4d2fb4f847aee0ee766613) Importer(2089858483,b0f066a214c2f5e87bad3c948f4d605d) (ScriptedImporter) -> (artifact id: 'b5599ed6ab572afbc2bfa9699210e1d4') in 0.0193438 seconds
Number of updated asset objects reloaded before import = 0Number of asset objects unloaded after import = 1

========================================================================
Received Import Request.
  Time since last request: 0.000034 seconds.
  path: Assets/3.UI/kenney_board-game-icons/Vector/Icons/d20_outline_number.svg
  artifactKey: Guid(c66c9e2e7daa5fb459b97fe6a114774f) Importer(2089858483,b0f066a214c2f5e87bad3c948f4d605d)
Start importing Assets/3.UI/kenney_board-game-icons/Vector/Icons/d20_outline_number.svg using Guid(c66c9e2e7daa5fb459b97fe6a114774f) Importer(2089858483,b0f066a214c2f5e87bad3c948f4d605d) (ScriptedImporter) -> (artifact id: '954961f86b28331a76772b52dd8ada19') in 0.0179337 seconds
Number of updated asset objects reloaded before import = 0Number of asset objects unloaded after import = 1

========================================================================
Received Import Request.
  Time since last request: 0.000066 seconds.
  path: Assets/3.UI/kenney_desert-shooter-pack_1.0/PNG/Tiles/Tiles/tile_0162.png
  artifactKey: Guid(19eaab40ed801d94aac11a7e2ffa8b06) Importer(2089858483,b0f066a214c2f5e87bad3c948f4d605d)
Start importing Assets/3.UI/kenney_desert-shooter-pack_1.0/PNG/Tiles/Tiles/tile_0162.png using Guid(19eaab40ed801d94aac11a7e2ffa8b06) Importer(2089858483,b0f066a214c2f5e87bad3c948f4d605d) (ScriptedImporter) -> (artifact id: '367a9b29f19f96ff516602a0ae36b8f3') in 0.0220443 seconds
Number of updated asset objects reloaded before import = 0Number of asset objects unloaded after import = 1

========================================================================
Received Import Request.
  Time since last request: 0.000021 seconds.
  path: Assets/3.UI/kenney_board-game-icons/Vector/Icons/tag_d6_check.svg
  artifactKey: Guid(2bc554b514e54124886d2aac2b3cd024) Importer(2089858483,b0f066a214c2f5e87bad3c948f4d605d)
Start importing Assets/3.UI/kenney_board-game-icons/Vector/Icons/tag_d6_check.svg using Guid(2bc554b514e54124886d2aac2b3cd024) Importer(2089858483,b0f066a214c2f5e87bad3c948f4d605d) (ScriptedImporter) -> (artifact id: 'ade262a09d69612f95a4b3fc98a79c93') in 0.0177618 seconds
Number of updated asset objects reloaded before import = 0Number of asset objects unloaded after import = 1

========================================================================
Received Import Request.
  Time since last request: 0.000023 seconds.
  path: Assets/3.UI/kenney_board-game-icons/Vector/Icons/d8_outline_number.svg
  artifactKey: Guid(321d11cf2959d1a41a88de5fe89a231e) Importer(2089858483,b0f066a214c2f5e87bad3c948f4d605d)
Start importing Assets/3.UI/kenney_board-game-icons/Vector/Icons/d8_outline_number.svg using Guid(321d11cf2959d1a41a88de5fe89a231e) Importer(2089858483,b0f066a214c2f5e87bad3c948f4d605d) (ScriptedImporter) -> (artifact id: 'af17e3e352f99e058b16ccb47e25cf7d') in 0.021826 seconds
Number of updated asset objects reloaded before import = 0Number of asset objects unloaded after import = 1

========================================================================
Received Import Request.
  Time since last request: 0.000027 seconds.
  path: Assets/3.UI/kenney_board-game-icons/Vector/Icons/spinner_segment.svg
  artifactKey: Guid(02630568bd601fc4fae83eefcd575600) Importer(2089858483,b0f066a214c2f5e87bad3c948f4d605d)
Start importing Assets/3.UI/kenney_board-game-icons/Vector/Icons/spinner_segment.svg using Guid(02630568bd601fc4fae83eefcd575600) Importer(2089858483,b0f066a214c2f5e87bad3c948f4d605d) (ScriptedImporter) -> (artifact id: '0fedae85ab143261e2ed324f29e70519') in 0.0246042 seconds
Number of updated asset objects reloaded before import = 0Number of asset objects unloaded after import = 1

========================================================================
Received Import Request.
  Time since last request: 0.000020 seconds.
  path: Assets/3.UI/kenney_desert-shooter-pack_1.0/PNG/Tiles/Tiles/tile_0039.png
  artifactKey: Guid(e08b37a481fca374abd060317aaf1b65) Importer(2089858483,b0f066a214c2f5e87bad3c948f4d605d)
Start importing Assets/3.UI/kenney_desert-shooter-pack_1.0/PNG/Tiles/Tiles/tile_0039.png using Guid(e08b37a481fca374abd060317aaf1b65) Importer(2089858483,b0f066a214c2f5e87bad3c948f4d605d) (ScriptedImporter) -> (artifact id: 'b9135d6f89a13607d4f6eb98f70cdbdb') in 0.0245343 seconds
Number of updated asset objects reloaded before import = 0Number of asset objects unloaded after import = 1

========================================================================
Received Import Request.
  Time since last request: 0.000016 seconds.
  path: Assets/3.UI/kenney_desert-shooter-pack_1.0/PNG/Interface/Tiles/tile_0133.png
  artifactKey: Guid(bab36a0bce1f25847949c9ce350fce1f) Importer(2089858483,b0f066a214c2f5e87bad3c948f4d605d)
Start importing Assets/3.UI/kenney_desert-shooter-pack_1.0/PNG/Interface/Tiles/tile_0133.png using Guid(bab36a0bce1f25847949c9ce350fce1f) Importer(2089858483,b0f066a214c2f5e87bad3c948f4d605d) (ScriptedImporter) -> (artifact id: 'e53bb6dc98fde3320a88707fda4e5da5') in 0.0210642 seconds
Number of updated asset objects reloaded before import = 0Number of asset objects unloaded after import = 1

========================================================================
Received Import Request.
  Time since last request: 0.000029 seconds.
  path: Assets/3.UI/kenney_desert-shooter-pack_1.0/PNG/Interface/Tiles/tile_0180.png
  artifactKey: Guid(02aabe4261e7d604cbce4d8edb1e3b52) Importer(2089858483,b0f066a214c2f5e87bad3c948f4d605d)
Start importing Assets/3.UI/kenney_desert-shooter-pack_1.0/PNG/Interface/Tiles/tile_0180.png using Guid(02aabe4261e7d604cbce4d8edb1e3b52) Importer(2089858483,b0f066a214c2f5e87bad3c948f4d605d) (ScriptedImporter) -> (artifact id: '85160fa28668cedc433bf999ab74f2c4') in 0.0261626 seconds
Number of updated asset objects reloaded before import = 0Number of asset objects unloaded after import = 1

========================================================================
Received Import Request.
  Time since last request: 0.000029 seconds.
  path: Assets/3.UI/kenney_desert-shooter-pack_1.0/PNG/Interface/Tiles/tile_0006.png
  artifactKey: Guid(17a2977abba001746a41680cadd8ad97) Importer(2089858483,b0f066a214c2f5e87bad3c948f4d605d)
Start importing Assets/3.UI/kenney_desert-shooter-pack_1.0/PNG/Interface/Tiles/tile_0006.png using Guid(17a2977abba001746a41680cadd8ad97) Importer(2089858483,b0f066a214c2f5e87bad3c948f4d605d) (ScriptedImporter) -> (artifact id: 'e2e81fefffa97d787dade588543f2ac5') in 0.0214954 seconds
Number of updated asset objects reloaded before import = 0Number of asset objects unloaded after import = 1

========================================================================
Received Import Request.
  Time since last request: 0.000018 seconds.
  path: Assets/3.UI/kenney_desert-shooter-pack_1.0/PNG/Interface/Tiles/tile_0035.png
  artifactKey: Guid(aceb3e2cd29bc2f4bae3bf215d027cf9) Importer(2089858483,b0f066a214c2f5e87bad3c948f4d605d)
Start importing Assets/3.UI/kenney_desert-shooter-pack_1.0/PNG/Interface/Tiles/tile_0035.png using Guid(aceb3e2cd29bc2f4bae3bf215d027cf9) Importer(2089858483,b0f066a214c2f5e87bad3c948f4d605d) (ScriptedImporter) -> (artifact id: 'e5f52fed55926c90535c596bc53cdeac') in 0.0290208 seconds
Number of updated asset objects reloaded before import = 0Number of asset objects unloaded after import = 1

========================================================================
Received Import Request.
  Time since last request: 0.000018 seconds.
  path: Assets/3.UI/kenney_board-game-icons/Vector/Icons/d2.svg
  artifactKey: Guid(a81581621cf38d946a31db1ddaaeb82f) Importer(2089858483,b0f066a214c2f5e87bad3c948f4d605d)
Start importing Assets/3.UI/kenney_board-game-icons/Vector/Icons/d2.svg using Guid(a81581621cf38d946a31db1ddaaeb82f) Importer(2089858483,b0f066a214c2f5e87bad3c948f4d605d) (ScriptedImporter) -> (artifact id: '9f82b39c711605841e7af4ef1cf2db43') in 0.0193547 seconds
Number of updated asset objects reloaded before import = 0Number of asset objects unloaded after import = 1

========================================================================
Received Import Request.
  Time since last request: 0.000022 seconds.
  path: Assets/3.UI/kenney_desert-shooter-pack_1.0/PNG/Tiles/Tiles/tile_0220.png
  artifactKey: Guid(53c19335823d0a2449bcbb17b46a46f5) Importer(2089858483,b0f066a214c2f5e87bad3c948f4d605d)
Start importing Assets/3.UI/kenney_desert-shooter-pack_1.0/PNG/Tiles/Tiles/tile_0220.png using Guid(53c19335823d0a2449bcbb17b46a46f5) Importer(2089858483,b0f066a214c2f5e87bad3c948f4d605d) (ScriptedImporter) -> (artifact id: 'ad74d74d2dc71041f980d6b77c20dd5c') in 0.0212975 seconds
Number of updated asset objects reloaded before import = 0Number of asset objects unloaded after import = 1

========================================================================
Received Import Request.
  Time since last request: 0.000031 seconds.
  path: Assets/3.UI/kenney_desert-shooter-pack_1.0/PNG/Interface/Tiles/tile_0175.png
  artifactKey: Guid(fcf5149f27b24d54b84dff2c86d89000) Importer(2089858483,b0f066a214c2f5e87bad3c948f4d605d)
Start importing Assets/3.UI/kenney_desert-shooter-pack_1.0/PNG/Interface/Tiles/tile_0175.png using Guid(fcf5149f27b24d54b84dff2c86d89000) Importer(2089858483,b0f066a214c2f5e87bad3c948f4d605d) (ScriptedImporter) -> (artifact id: '42a5037c0bd38d803ee801c2bb79ff20') in 0.0219901 seconds
Number of updated asset objects reloaded before import = 0Number of asset objects unloaded after import = 1

========================================================================
Received Import Request.
  Time since last request: 0.000015 seconds.
  path: Assets/3.UI/kenney_board-game-icons/PNG/Double (128px)/tag_shield_2.png
  artifactKey: Guid(1774e3a29d45b5b49b1f48bd162fab43) Importer(2089858483,b0f066a214c2f5e87bad3c948f4d605d)
Start importing Assets/3.UI/kenney_board-game-icons/PNG/Double (128px)/tag_shield_2.png using Guid(1774e3a29d45b5b49b1f48bd162fab43) Importer(2089858483,b0f066a214c2f5e87bad3c948f4d605d) (ScriptedImporter) -> (artifact id: '85d2341ba1c69cf989b614dc828030ec') in 0.0203852 seconds
Number of updated asset objects reloaded before import = 0Number of asset objects unloaded after import = 1

========================================================================
Received Import Request.
  Time since last request: 0.000023 seconds.
  path: Assets/3.UI/kenney_board-game-icons/PNG/Default (64px)/d8.png
  artifactKey: Guid(64f3a6b8d27e1f94292503cd62f1180f) Importer(2089858483,b0f066a214c2f5e87bad3c948f4d605d)
Start importing Assets/3.UI/kenney_board-game-icons/PNG/Default (64px)/d8.png using Guid(64f3a6b8d27e1f94292503cd62f1180f) Importer(2089858483,b0f066a214c2f5e87bad3c948f4d605d) (ScriptedImporter) -> (artifact id: '03225bc50cf80a334e0e2383baf4c9e7') in 0.0219667 seconds
Number of updated asset objects reloaded before import = 0Number of asset objects unloaded after import = 1

========================================================================
Received Import Request.
  Time since last request: 0.000028 seconds.
  path: Assets/3.UI/kenney_desert-shooter-pack_1.0/PNG/Tiles/Tiles/tile_0197.png
  artifactKey: Guid(040d379de2575d946b0d88a4aab7083c) Importer(2089858483,b0f066a214c2f5e87bad3c948f4d605d)
Start importing Assets/3.UI/kenney_desert-shooter-pack_1.0/PNG/Tiles/Tiles/tile_0197.png using Guid(040d379de2575d946b0d88a4aab7083c) Importer(2089858483,b0f066a214c2f5e87bad3c948f4d605d) (ScriptedImporter) -> (artifact id: '718c7a2edd5417ad274e776419da736a') in 0.0161347 seconds
Number of updated asset objects reloaded before import = 0Number of asset objects unloaded after import = 1

========================================================================
Received Import Request.
  Time since last request: 0.000027 seconds.
  path: Assets/3.UI/kenney_desert-shooter-pack_1.0/Sounds/explosion-a.ogg
  artifactKey: Guid(3104772c6b4c0f540bc06d5846ae94a1) Importer(2089858483,b0f066a214c2f5e87bad3c948f4d605d)
Start importing Assets/3.UI/kenney_desert-shooter-pack_1.0/Sounds/explosion-a.ogg using Guid(3104772c6b4c0f540bc06d5846ae94a1) Importer(2089858483,b0f066a214c2f5e87bad3c948f4d605d) (ScriptedImporter) -> (artifact id: '96bd49b23c13354f5b600581291f672e') in 0.041953 seconds
Number of updated asset objects reloaded before import = 0Number of asset objects unloaded after import = 1

========================================================================
Received Import Request.
  Time since last request: 0.000035 seconds.
  path: Assets/3.UI/kenney_board-game-icons/Vector
  artifactKey: Guid(6cc9391c160c51d4891216ba3dd41f90) Importer(2089858483,b0f066a214c2f5e87bad3c948f4d605d)
Start importing Assets/3.UI/kenney_board-game-icons/Vector using Guid(6cc9391c160c51d4891216ba3dd41f90) Importer(2089858483,b0f066a214c2f5e87bad3c948f4d605d) (ScriptedImporter) -> (artifact id: '4a5e5ca59fb9c727d51b3f6227c4dfb4') in 0.0104782 seconds
Number of updated asset objects reloaded before import = 0Number of asset objects unloaded after import = 1

========================================================================
Received Import Request.
  Time since last request: 0.000018 seconds.
  path: Assets/3.UI/kenney_board-game-icons/PNG/Double (128px)/card_lift.png
  artifactKey: Guid(eac40e65539f0814ebde2d1f69b218d5) Importer(2089858483,b0f066a214c2f5e87bad3c948f4d605d)
Start importing Assets/3.UI/kenney_board-game-icons/PNG/Double (128px)/card_lift.png using Guid(eac40e65539f0814ebde2d1f69b218d5) Importer(2089858483,b0f066a214c2f5e87bad3c948f4d605d) (ScriptedImporter) -> (artifact id: 'c433aac7c98362e378b890e14b955b84') in 0.0194142 seconds
Number of updated asset objects reloaded before import = 0Number of asset objects unloaded after import = 1

========================================================================
Received Import Request.
  Time since last request: 0.000023 seconds.
  path: Assets/3.UI/kenney_desert-shooter-pack_1.0/PNG/Interface/Tiles/tile_0056.png
  artifactKey: Guid(ab2b168c24ca5e54c97e6b44c516479f) Importer(2089858483,b0f066a214c2f5e87bad3c948f4d605d)
Start importing Assets/3.UI/kenney_desert-shooter-pack_1.0/PNG/Interface/Tiles/tile_0056.png using Guid(ab2b168c24ca5e54c97e6b44c516479f) Importer(2089858483,b0f066a214c2f5e87bad3c948f4d605d) (ScriptedImporter) -> (artifact id: 'c8c191770986ded432fbf3e60809c25c') in 0.0263115 seconds
Number of updated asset objects reloaded before import = 0Number of asset objects unloaded after import = 1

========================================================================
Received Import Request.
  Time since last request: 0.000035 seconds.
  path: Assets/3.UI/kenney_desert-shooter-pack_1.0/PNG/Interface/Tiles/tile_0166.png
  artifactKey: Guid(df32b0e2670cf6b47bc379e4d11e6f3e) Importer(2089858483,b0f066a214c2f5e87bad3c948f4d605d)
Start importing Assets/3.UI/kenney_desert-shooter-pack_1.0/PNG/Interface/Tiles/tile_0166.png using Guid(df32b0e2670cf6b47bc379e4d11e6f3e) Importer(2089858483,b0f066a214c2f5e87bad3c948f4d605d) (ScriptedImporter) -> (artifact id: 'a4419c6fefe4543ad3534c360abaa6ca') in 0.0206417 seconds
Number of updated asset objects reloaded before import = 0Number of asset objects unloaded after import = 1

========================================================================
Received Import Request.
  Time since last request: 0.000022 seconds.
  path: Assets/3.UI/kenney_cursor-pixel-pack/Tiles/tile_0196.png
  artifactKey: Guid(7087e67a152a01b409925d2f51fdceac) Importer(2089858483,b0f066a214c2f5e87bad3c948f4d605d)
Start importing Assets/3.UI/kenney_cursor-pixel-pack/Tiles/tile_0196.png using Guid(7087e67a152a01b409925d2f51fdceac) Importer(2089858483,b0f066a214c2f5e87bad3c948f4d605d) (ScriptedImporter) -> (artifact id: 'dec590cd85181f3276c22a3b859ef227') in 0.0215928 seconds
Number of updated asset objects reloaded before import = 0Number of asset objects unloaded after import = 1

========================================================================
Received Import Request.
  Time since last request: 0.000018 seconds.
  path: Assets/3.UI/kenney_desert-shooter-pack_1.0/PNG/Tiles/Tiles/tile_0014.png
  artifactKey: Guid(95aca854087123747b6fb90bbe02c5c5) Importer(2089858483,b0f066a214c2f5e87bad3c948f4d605d)
Start importing Assets/3.UI/kenney_desert-shooter-pack_1.0/PNG/Tiles/Tiles/tile_0014.png using Guid(95aca854087123747b6fb90bbe02c5c5) Importer(2089858483,b0f066a214c2f5e87bad3c948f4d605d) (ScriptedImporter) -> (artifact id: '772b12f3e96cacb319e17d8a9a71e26d') in 0.024058 seconds
Number of updated asset objects reloaded before import = 0Number of asset objects unloaded after import = 1

========================================================================
Received Import Request.
  Time since last request: 0.000023 seconds.
  path: Assets/3.UI/kenney_cursor-pixel-pack/Tiles/tile_0037.png
  artifactKey: Guid(bd0d96cffeddf9c40a1b65157e6d2f46) Importer(2089858483,b0f066a214c2f5e87bad3c948f4d605d)
Start importing Assets/3.UI/kenney_cursor-pixel-pack/Tiles/tile_0037.png using Guid(bd0d96cffeddf9c40a1b65157e6d2f46) Importer(2089858483,b0f066a214c2f5e87bad3c948f4d605d) (ScriptedImporter) -> (artifact id: '3a5fdcb33fb289c42be5da83f1faeb7d') in 0.0181313 seconds
Number of updated asset objects reloaded before import = 0Number of asset objects unloaded after import = 1

========================================================================
Received Import Request.
  Time since last request: 0.000117 seconds.
  path: Assets/3.UI/kenney_desert-shooter-pack_1.0/Sounds/shoot-c.ogg
  artifactKey: Guid(6a2d5e71f0b834047a151e446122832b) Importer(2089858483,b0f066a214c2f5e87bad3c948f4d605d)
Start importing Assets/3.UI/kenney_desert-shooter-pack_1.0/Sounds/shoot-c.ogg using Guid(6a2d5e71f0b834047a151e446122832b) Importer(2089858483,b0f066a214c2f5e87bad3c948f4d605d) (ScriptedImporter) -> (artifact id: 'a58e6a144b1e71b606e1e8914ad3de2a') in 0.0332343 seconds
Number of updated asset objects reloaded before import = 0Number of asset objects unloaded after import = 1

========================================================================
Received Import Request.
  Time since last request: 0.000031 seconds.
  path: Assets/3.UI/kenney_desert-shooter-pack_1.0/PNG/Interface/Tiles/tile_0025.png
  artifactKey: Guid(34ba40ea5c04be74d83cef2b602403a5) Importer(2089858483,b0f066a214c2f5e87bad3c948f4d605d)
Start importing Assets/3.UI/kenney_desert-shooter-pack_1.0/PNG/Interface/Tiles/tile_0025.png using Guid(34ba40ea5c04be74d83cef2b602403a5) Importer(2089858483,b0f066a214c2f5e87bad3c948f4d605d) (ScriptedImporter) -> (artifact id: '7529667dda2a1db9025d6c1d5497577e') in 0.0193319 seconds
Number of updated asset objects reloaded before import = 0Number of asset objects unloaded after import = 1

========================================================================
Received Import Request.
  Time since last request: 0.000028 seconds.
  path: Assets/3.UI/kenney_desert-shooter-pack_1.0/PNG/Interface/Tiles/tile_0100.png
  artifactKey: Guid(7fde200d8bacd294e8ed3e116e9378c8) Importer(2089858483,b0f066a214c2f5e87bad3c948f4d605d)
Start importing Assets/3.UI/kenney_desert-shooter-pack_1.0/PNG/Interface/Tiles/tile_0100.png using Guid(7fde200d8bacd294e8ed3e116e9378c8) Importer(2089858483,b0f066a214c2f5e87bad3c948f4d605d) (ScriptedImporter) -> (artifact id: '8838c1ce43032ff5073645e41e7762f2') in 0.0181149 seconds
Number of updated asset objects reloaded before import = 0Number of asset objects unloaded after import = 1

========================================================================
Received Import Request.
  Time since last request: 0.000022 seconds.
  path: Assets/3.UI/kenney_desert-shooter-pack_1.0/PNG/Interface/Tiles/tile_0070.png
  artifactKey: Guid(2d0cced64dc8fc04dbd7018e8c27489a) Importer(2089858483,b0f066a214c2f5e87bad3c948f4d605d)
Start importing Assets/3.UI/kenney_desert-shooter-pack_1.0/PNG/Interface/Tiles/tile_0070.png using Guid(2d0cced64dc8fc04dbd7018e8c27489a) Importer(2089858483,b0f066a214c2f5e87bad3c948f4d605d) (ScriptedImporter) -> (artifact id: '70baa3593d9683c54a44e0d25471f69c') in 0.0190923 seconds
Number of updated asset objects reloaded before import = 0Number of asset objects unloaded after import = 1

========================================================================
Received Import Request.
  Time since last request: 0.000040 seconds.
  path: Assets/3.UI/kenney_desert-shooter-pack_1.0/PNG/Tiles/Tiles/tile_0213.png
  artifactKey: Guid(b64c53a96bf28f74fae154901b907bb4) Importer(2089858483,b0f066a214c2f5e87bad3c948f4d605d)
Start importing Assets/3.UI/kenney_desert-shooter-pack_1.0/PNG/Tiles/Tiles/tile_0213.png using Guid(b64c53a96bf28f74fae154901b907bb4) Importer(2089858483,b0f066a214c2f5e87bad3c948f4d605d) (ScriptedImporter) -> (artifact id: '4d77785aa054342977fb190659eb728c') in 0.0165648 seconds
Number of updated asset objects reloaded before import = 0Number of asset objects unloaded after import = 1

========================================================================
Received Import Request.
  Time since last request: 0.000018 seconds.
  path: Assets/3.UI/kenney_desert-shooter-pack_1.0/PNG/Interface/Tiles/tile_0072.png
  artifactKey: Guid(c54c745ffbc248f459254b9969503ebb) Importer(2089858483,b0f066a214c2f5e87bad3c948f4d605d)
Start importing Assets/3.UI/kenney_desert-shooter-pack_1.0/PNG/Interface/Tiles/tile_0072.png using Guid(c54c745ffbc248f459254b9969503ebb) Importer(2089858483,b0f066a214c2f5e87bad3c948f4d605d) (ScriptedImporter) -> (artifact id: '383124aee56c25d1a2db051b69b9b5c0') in 0.0222751 seconds
Number of updated asset objects reloaded before import = 0Number of asset objects unloaded after import = 1

========================================================================
Received Import Request.
  Time since last request: 0.000021 seconds.
  path: Assets/3.UI/kenney_desert-shooter-pack_1.0/PNG/Tiles/Tiles/tile_0211.png
  artifactKey: Guid(3750ff353f12c2347b0ef38dcafd5a8e) Importer(2089858483,b0f066a214c2f5e87bad3c948f4d605d)
Start importing Assets/3.UI/kenney_desert-shooter-pack_1.0/PNG/Tiles/Tiles/tile_0211.png using Guid(3750ff353f12c2347b0ef38dcafd5a8e) Importer(2089858483,b0f066a214c2f5e87bad3c948f4d605d) (ScriptedImporter) -> (artifact id: '54b272c026fc1f4325931758251f7e02') in 0.0203786 seconds
Number of updated asset objects reloaded before import = 0Number of asset objects unloaded after import = 1

========================================================================
Received Import Request.
  Time since last request: 0.000028 seconds.
  path: Assets/3.UI/kenney_desert-shooter-pack_1.0/PNG/Tiles/Tiles/tile_0165.png
  artifactKey: Guid(d65c7cb062b93b64399a5c00c0bd0183) Importer(2089858483,b0f066a214c2f5e87bad3c948f4d605d)
Start importing Assets/3.UI/kenney_desert-shooter-pack_1.0/PNG/Tiles/Tiles/tile_0165.png using Guid(d65c7cb062b93b64399a5c00c0bd0183) Importer(2089858483,b0f066a214c2f5e87bad3c948f4d605d) (ScriptedImporter) -> (artifact id: 'af6f5ee2dfe83eb93d20f314c6c88e88') in 0.0288654 seconds
Number of updated asset objects reloaded before import = 0Number of asset objects unloaded after import = 1

========================================================================
Received Import Request.
  Time since last request: 0.000039 seconds.
  path: Assets/3.UI/kenney_board-game-icons/Vector/Icons/direction_s.svg
  artifactKey: Guid(35ee79bfb188905448d19d010e346289) Importer(2089858483,b0f066a214c2f5e87bad3c948f4d605d)
Start importing Assets/3.UI/kenney_board-game-icons/Vector/Icons/direction_s.svg using Guid(35ee79bfb188905448d19d010e346289) Importer(2089858483,b0f066a214c2f5e87bad3c948f4d605d) (ScriptedImporter) -> (artifact id: 'f097f135bfb0081f95c54df27542841a') in 0.0162378 seconds
Number of updated asset objects reloaded before import = 0Number of asset objects unloaded after import = 1

========================================================================
Received Import Request.
  Time since last request: 0.000103 seconds.
  path: Assets/3.UI/kenney_cursor-pixel-pack/Tiles/tile_0142.png
  artifactKey: Guid(e82d2c722d807b5468687355ecffaaf8) Importer(2089858483,b0f066a214c2f5e87bad3c948f4d605d)
Start importing Assets/3.UI/kenney_cursor-pixel-pack/Tiles/tile_0142.png using Guid(e82d2c722d807b5468687355ecffaaf8) Importer(2089858483,b0f066a214c2f5e87bad3c948f4d605d) (ScriptedImporter) -> (artifact id: '2f92f002b2dbe65f1590a13a03065611') in 0.0180219 seconds
Number of updated asset objects reloaded before import = 0Number of asset objects unloaded after import = 1

========================================================================
Received Import Request.
  Time since last request: 0.000047 seconds.
  path: Assets/3.UI/kenney_board-game-icons/PNG/Default (64px)/lock_closed.png
  artifactKey: Guid(d976c4ebd4d038044bad813cad44d811) Importer(2089858483,b0f066a214c2f5e87bad3c948f4d605d)
Start importing Assets/3.UI/kenney_board-game-icons/PNG/Default (64px)/lock_closed.png using Guid(d976c4ebd4d038044bad813cad44d811) Importer(2089858483,b0f066a214c2f5e87bad3c948f4d605d) (ScriptedImporter) -> (artifact id: '1350923e764f864f68d46e921a3069d0') in 0.0188719 seconds
Number of updated asset objects reloaded before import = 0Number of asset objects unloaded after import = 1

========================================================================
Received Import Request.
  Time since last request: 0.000092 seconds.
  path: Assets/3.UI/kenney_desert-shooter-pack_1.0/PNG/Tiles/Tiles/tile_0086.png
  artifactKey: Guid(d05996f405c66614d9b6553558bdb87b) Importer(2089858483,b0f066a214c2f5e87bad3c948f4d605d)
Start importing Assets/3.UI/kenney_desert-shooter-pack_1.0/PNG/Tiles/Tiles/tile_0086.png using Guid(d05996f405c66614d9b6553558bdb87b) Importer(2089858483,b0f066a214c2f5e87bad3c948f4d605d) (ScriptedImporter) -> (artifact id: '685dbca7c39a9701e378d52f2e1a22f2') in 0.0222017 seconds
Number of updated asset objects reloaded before import = 0Number of asset objects unloaded after import = 1

========================================================================
Received Import Request.
  Time since last request: 0.000030 seconds.
  path: Assets/3.UI/kenney_board-game-icons/PNG/Double (128px)/hexagon.png
  artifactKey: Guid(cddb078180f679349924e8d7093e2980) Importer(2089858483,b0f066a214c2f5e87bad3c948f4d605d)
Start importing Assets/3.UI/kenney_board-game-icons/PNG/Double (128px)/hexagon.png using Guid(cddb078180f679349924e8d7093e2980) Importer(2089858483,b0f066a214c2f5e87bad3c948f4d605d) (ScriptedImporter) -> (artifact id: 'e5bf3fda6650c29f5a9e17e1a9e42a77') in 0.0166716 seconds
Number of updated asset objects reloaded before import = 0Number of asset objects unloaded after import = 1

========================================================================
Received Import Request.
  Time since last request: 0.000052 seconds.
  path: Assets/3.UI/kenney_cursor-pixel-pack/Tiles/tile_0106.png
  artifactKey: Guid(3223ea946bca014418d02fa489bb3d77) Importer(2089858483,b0f066a214c2f5e87bad3c948f4d605d)
Start importing Assets/3.UI/kenney_cursor-pixel-pack/Tiles/tile_0106.png using Guid(3223ea946bca014418d02fa489bb3d77) Importer(2089858483,b0f066a214c2f5e87bad3c948f4d605d) (ScriptedImporter) -> (artifact id: 'ec862770a35e130f676c0f7b7486be60') in 0.0253908 seconds
Number of updated asset objects reloaded before import = 0Number of asset objects unloaded after import = 1

========================================================================
Received Import Request.
  Time since last request: 0.000023 seconds.
  path: Assets/3.UI/kenney_desert-shooter-pack_1.0/PNG/Tiles/Tiles/tile_0037.png
  artifactKey: Guid(3e48b5d77bcb9f447a0c7b5cdd62f638) Importer(2089858483,b0f066a214c2f5e87bad3c948f4d605d)
Start importing Assets/3.UI/kenney_desert-shooter-pack_1.0/PNG/Tiles/Tiles/tile_0037.png using Guid(3e48b5d77bcb9f447a0c7b5cdd62f638) Importer(2089858483,b0f066a214c2f5e87bad3c948f4d605d) (ScriptedImporter) -> (artifact id: 'd2d581c27b087f6cd1859a699ff2dc93') in 0.0189039 seconds
Number of updated asset objects reloaded before import = 0Number of asset objects unloaded after import = 1

========================================================================
Received Import Request.
  Time since last request: 0.000021 seconds.
  path: Assets/3.UI/kenney_desert-shooter-pack_1.0/PNG/Tiles/Tiles/tile_0148.png
  artifactKey: Guid(f1d427071092d30429965d49ce262999) Importer(2089858483,b0f066a214c2f5e87bad3c948f4d605d)
Start importing Assets/3.UI/kenney_desert-shooter-pack_1.0/PNG/Tiles/Tiles/tile_0148.png using Guid(f1d427071092d30429965d49ce262999) Importer(2089858483,b0f066a214c2f5e87bad3c948f4d605d) (ScriptedImporter) -> (artifact id: '9922a80be1acd62567c1b0a683c96a5b') in 0.0168104 seconds
Number of updated asset objects reloaded before import = 0Number of asset objects unloaded after import = 1

========================================================================
Received Import Request.
  Time since last request: 0.000028 seconds.
  path: Assets/3.UI/kenney_board-game-icons/Vector/Icons/suit_hearts_broken.svg
  artifactKey: Guid(3ebbc806d01fa0242a41c18b527cb513) Importer(2089858483,b0f066a214c2f5e87bad3c948f4d605d)
Start importing Assets/3.UI/kenney_board-game-icons/Vector/Icons/suit_hearts_broken.svg using Guid(3ebbc806d01fa0242a41c18b527cb513) Importer(2089858483,b0f066a214c2f5e87bad3c948f4d605d) (ScriptedImporter) -> (artifact id: '65bc878afb73183b1c14ad57995a7694') in 0.0173508 seconds
Number of updated asset objects reloaded before import = 0Number of asset objects unloaded after import = 1

========================================================================
Received Import Request.
  Time since last request: 0.000030 seconds.
  path: Assets/3.UI/kenney_desert-shooter-pack_1.0/Sounds/hurt-b.ogg
  artifactKey: Guid(89f95e474cba4db4a92e9aa48db4306d) Importer(2089858483,b0f066a214c2f5e87bad3c948f4d605d)
Start importing Assets/3.UI/kenney_desert-shooter-pack_1.0/Sounds/hurt-b.ogg using Guid(89f95e474cba4db4a92e9aa48db4306d) Importer(2089858483,b0f066a214c2f5e87bad3c948f4d605d) (ScriptedImporter) -> (artifact id: '94ddff5186e96fbe6266ec6b8eae287c') in 0.0401358 seconds
Number of updated asset objects reloaded before import = 0Number of asset objects unloaded after import = 1

========================================================================
Received Import Request.
  Time since last request: 0.000015 seconds.
  path: Assets/3.UI/kenney_board-game-icons/PNG/Default (64px)/d3_number.png
  artifactKey: Guid(a493158dc0c2acb4d90fa8c4068886b3) Importer(2089858483,b0f066a214c2f5e87bad3c948f4d605d)
Start importing Assets/3.UI/kenney_board-game-icons/PNG/Default (64px)/d3_number.png using Guid(a493158dc0c2acb4d90fa8c4068886b3) Importer(2089858483,b0f066a214c2f5e87bad3c948f4d605d) (ScriptedImporter) -> (artifact id: '50c173f116d1a0b88f6833344d89c5fd') in 0.0301373 seconds
Number of updated asset objects reloaded before import = 0Number of asset objects unloaded after import = 1

========================================================================
Received Import Request.
  Time since last request: 0.000020 seconds.
  path: Assets/3.UI/kenney_cursor-pixel-pack/Tiles/tile_0150.png
  artifactKey: Guid(9a0f067998becaf48bac9b54ca97e2c2) Importer(2089858483,b0f066a214c2f5e87bad3c948f4d605d)
Start importing Assets/3.UI/kenney_cursor-pixel-pack/Tiles/tile_0150.png using Guid(9a0f067998becaf48bac9b54ca97e2c2) Importer(2089858483,b0f066a214c2f5e87bad3c948f4d605d) (ScriptedImporter) -> (artifact id: 'af53740105376b78a022cbb66eade2c2') in 0.0192896 seconds
Number of updated asset objects reloaded before import = 0Number of asset objects unloaded after import = 1

========================================================================
Received Import Request.
  Time since last request: 0.000035 seconds.
  path: Assets/3.UI/kenney_desert-shooter-pack_1.0/PNG/Tiles/Tiles/tile_0098.png
  artifactKey: Guid(420a81c803d27074e97018e2db4a81c3) Importer(2089858483,b0f066a214c2f5e87bad3c948f4d605d)
Start importing Assets/3.UI/kenney_desert-shooter-pack_1.0/PNG/Tiles/Tiles/tile_0098.png using Guid(420a81c803d27074e97018e2db4a81c3) Importer(2089858483,b0f066a214c2f5e87bad3c948f4d605d) (ScriptedImporter) -> (artifact id: 'fba8ce4b1c86908c671d788f534813ae') in 0.0164592 seconds
Number of updated asset objects reloaded before import = 0Number of asset objects unloaded after import = 1

========================================================================
Received Import Request.
  Time since last request: 0.000018 seconds.
  path: Assets/3.UI/kenney_board-game-icons/PNG/Double (128px)/hand_card.png
  artifactKey: Guid(806eee7fefbecce4baa839a7885da976) Importer(2089858483,b0f066a214c2f5e87bad3c948f4d605d)
Start importing Assets/3.UI/kenney_board-game-icons/PNG/Double (128px)/hand_card.png using Guid(806eee7fefbecce4baa839a7885da976) Importer(2089858483,b0f066a214c2f5e87bad3c948f4d605d) (ScriptedImporter) -> (artifact id: '77758a7f6997331d98d1308d43272bcb') in 0.0186209 seconds
Number of updated asset objects reloaded before import = 0Number of asset objects unloaded after import = 1

========================================================================
Received Import Request.
  Time since last request: 0.000027 seconds.
  path: Assets/3.UI/kenney_cursor-pixel-pack/Tiles/tile_0124.png
  artifactKey: Guid(f49d569e597426145b79661f82293b55) Importer(2089858483,b0f066a214c2f5e87bad3c948f4d605d)
Start importing Assets/3.UI/kenney_cursor-pixel-pack/Tiles/tile_0124.png using Guid(f49d569e597426145b79661f82293b55) Importer(2089858483,b0f066a214c2f5e87bad3c948f4d605d) (ScriptedImporter) -> (artifact id: '76f41882e6dd4e649d3ac0f223ceb3cc') in 0.0181667 seconds
Number of updated asset objects reloaded before import = 0Number of asset objects unloaded after import = 1

========================================================================
Received Import Request.
  Time since last request: 0.000017 seconds.
  path: Assets/3.UI/kenney_desert-shooter-pack_1.0/PNG/Interface/Tiles/tile_0010.png
  artifactKey: Guid(03b2da2ca755e6743be0741bb67b7669) Importer(2089858483,b0f066a214c2f5e87bad3c948f4d605d)
Start importing Assets/3.UI/kenney_desert-shooter-pack_1.0/PNG/Interface/Tiles/tile_0010.png using Guid(03b2da2ca755e6743be0741bb67b7669) Importer(2089858483,b0f066a214c2f5e87bad3c948f4d605d) (ScriptedImporter) -> (artifact id: '4b4e11ce1a5f512f16a949160f81f8df') in 0.0187652 seconds
Number of updated asset objects reloaded before import = 0Number of asset objects unloaded after import = 1

========================================================================
Received Import Request.
  Time since last request: 0.000026 seconds.
  path: Assets/3.UI/kenney_desert-shooter-pack_1.0/PNG/Tiles/Tiles/tile_0012.png
  artifactKey: Guid(d89aad09dd417cb49aed1263afbdfb97) Importer(2089858483,b0f066a214c2f5e87bad3c948f4d605d)
Start importing Assets/3.UI/kenney_desert-shooter-pack_1.0/PNG/Tiles/Tiles/tile_0012.png using Guid(d89aad09dd417cb49aed1263afbdfb97) Importer(2089858483,b0f066a214c2f5e87bad3c948f4d605d) (ScriptedImporter) -> (artifact id: '44953f9a637525a25adc84482976092a') in 0.0190532 seconds
Number of updated asset objects reloaded before import = 0Number of asset objects unloaded after import = 1

========================================================================
Received Import Request.
  Time since last request: 0.000030 seconds.
  path: Assets/3.UI/kenney_board-game-icons/PNG/Double (128px)/hand_token.png
  artifactKey: Guid(f382cfeea42b59742a4f4c9100aa5e99) Importer(2089858483,b0f066a214c2f5e87bad3c948f4d605d)
Start importing Assets/3.UI/kenney_board-game-icons/PNG/Double (128px)/hand_token.png using Guid(f382cfeea42b59742a4f4c9100aa5e99) Importer(2089858483,b0f066a214c2f5e87bad3c948f4d605d) (ScriptedImporter) -> (artifact id: '6ff848e205f2f1508a879c157f865112') in 0.0161219 seconds
Number of updated asset objects reloaded before import = 0Number of asset objects unloaded after import = 1

========================================================================
Received Import Request.
  Time since last request: 0.000021 seconds.
  path: Assets/3.UI/kenney_desert-shooter-pack_1.0/PNG/Interface/Tiles/tile_0071.png
  artifactKey: Guid(660d6e585f9bc7841ac712bfaf25d623) Importer(2089858483,b0f066a214c2f5e87bad3c948f4d605d)
Start importing Assets/3.UI/kenney_desert-shooter-pack_1.0/PNG/Interface/Tiles/tile_0071.png using Guid(660d6e585f9bc7841ac712bfaf25d623) Importer(2089858483,b0f066a214c2f5e87bad3c948f4d605d) (ScriptedImporter) -> (artifact id: '964a21f4047727ce55bf17a5034a7249') in 0.0182182 seconds
Number of updated asset objects reloaded before import = 0Number of asset objects unloaded after import = 1

========================================================================
Received Import Request.
  Time since last request: 0.000021 seconds.
  path: Assets/3.UI/kenney_board-game-icons/PNG/Default (64px)/flip_head.png
  artifactKey: Guid(61add85a344b8974aadfa811123a7bb9) Importer(2089858483,b0f066a214c2f5e87bad3c948f4d605d)
Start importing Assets/3.UI/kenney_board-game-icons/PNG/Default (64px)/flip_head.png using Guid(61add85a344b8974aadfa811123a7bb9) Importer(2089858483,b0f066a214c2f5e87bad3c948f4d605d) (ScriptedImporter) -> (artifact id: '9be60a8825232c4d95d22c13b9443a60') in 0.0160745 seconds
Number of updated asset objects reloaded before import = 0Number of asset objects unloaded after import = 1

========================================================================
Received Import Request.
  Time since last request: 0.000054 seconds.
  path: Assets/3.UI/kenney_board-game-icons/PNG/Double (128px)/book_closed.png
  artifactKey: Guid(2bfa0645f7f47b64396f88dff3ae3bf4) Importer(2089858483,b0f066a214c2f5e87bad3c948f4d605d)
Start importing Assets/3.UI/kenney_board-game-icons/PNG/Double (128px)/book_closed.png using Guid(2bfa0645f7f47b64396f88dff3ae3bf4) Importer(2089858483,b0f066a214c2f5e87bad3c948f4d605d) (ScriptedImporter) -> (artifact id: '080940e9ec0573f2ef593d471ff8a76a') in 0.0169701 seconds
Number of updated asset objects reloaded before import = 0Number of asset objects unloaded after import = 1

========================================================================
Received Import Request.
  Time since last request: 0.000029 seconds.
  path: Assets/3.UI/kenney_cursor-pixel-pack/Tiles/tile_0001.png
  artifactKey: Guid(738f9cc2fa00f1342b1184bdace40cd4) Importer(2089858483,b0f066a214c2f5e87bad3c948f4d605d)
Start importing Assets/3.UI/kenney_cursor-pixel-pack/Tiles/tile_0001.png using Guid(738f9cc2fa00f1342b1184bdace40cd4) Importer(2089858483,b0f066a214c2f5e87bad3c948f4d605d) (ScriptedImporter) -> (artifact id: '81a7cb87cf686fe39070584650a2e6c2') in 0.021496 seconds
Number of updated asset objects reloaded before import = 0Number of asset objects unloaded after import = 1

========================================================================
Received Import Request.
  Time since last request: 0.000033 seconds.
  path: Assets/3.UI/kenney_desert-shooter-pack_1.0/PNG/Tiles/Tiles/tile_0120.png
  artifactKey: Guid(cfcd6752834d4a7439e70a83afbb9fab) Importer(2089858483,b0f066a214c2f5e87bad3c948f4d605d)
Start importing Assets/3.UI/kenney_desert-shooter-pack_1.0/PNG/Tiles/Tiles/tile_0120.png using Guid(cfcd6752834d4a7439e70a83afbb9fab) Importer(2089858483,b0f066a214c2f5e87bad3c948f4d605d) (ScriptedImporter) -> (artifact id: '0f913119e794aee77ebb83ce8aad36a3') in 0.0224103 seconds
Number of updated asset objects reloaded before import = 0Number of asset objects unloaded after import = 1

